
/Users/jacobmajors/Library/Caches/arduino/sketches/571A41FD16A6DAD3A9C5765DFCC80BEF/PenPlotter.ino.elf:     file format elf32-avr


Disassembly of section .text:

00000000 <__vectors>:
__vector_default():
       0:	0c 94 18 07 	jmp	0xe30	; 0xe30 <__ctors_end>
       4:	0c 94 42 07 	jmp	0xe84	; 0xe84 <__bad_interrupt>
       8:	0c 94 42 07 	jmp	0xe84	; 0xe84 <__bad_interrupt>
       c:	0c 94 42 07 	jmp	0xe84	; 0xe84 <__bad_interrupt>
      10:	0c 94 42 07 	jmp	0xe84	; 0xe84 <__bad_interrupt>
      14:	0c 94 42 07 	jmp	0xe84	; 0xe84 <__bad_interrupt>
      18:	0c 94 42 07 	jmp	0xe84	; 0xe84 <__bad_interrupt>
      1c:	0c 94 42 07 	jmp	0xe84	; 0xe84 <__bad_interrupt>
      20:	0c 94 42 07 	jmp	0xe84	; 0xe84 <__bad_interrupt>
      24:	0c 94 91 30 	jmp	0x6122	; 0x6122 <__vector_9>
      28:	0c 94 42 07 	jmp	0xe84	; 0xe84 <__bad_interrupt>
      2c:	0c 94 42 07 	jmp	0xe84	; 0xe84 <__bad_interrupt>
      30:	0c 94 42 07 	jmp	0xe84	; 0xe84 <__bad_interrupt>
      34:	0c 94 b3 27 	jmp	0x4f66	; 0x4f66 <__vector_13>
      38:	0c 94 42 07 	jmp	0xe84	; 0xe84 <__bad_interrupt>
      3c:	0c 94 42 07 	jmp	0xe84	; 0xe84 <__bad_interrupt>
      40:	0c 94 42 07 	jmp	0xe84	; 0xe84 <__bad_interrupt>
      44:	0c 94 42 07 	jmp	0xe84	; 0xe84 <__bad_interrupt>
      48:	0c 94 47 31 	jmp	0x628e	; 0x628e <__vector_18>
      4c:	0c 94 42 07 	jmp	0xe84	; 0xe84 <__bad_interrupt>
      50:	0c 94 8d 2c 	jmp	0x591a	; 0x591a <__vector_20>
      54:	0c 94 c3 2c 	jmp	0x5986	; 0x5986 <__vector_21>
      58:	0c 94 42 07 	jmp	0xe84	; 0xe84 <__bad_interrupt>
      5c:	0c 94 42 07 	jmp	0xe84	; 0xe84 <__bad_interrupt>
      60:	0c 94 42 07 	jmp	0xe84	; 0xe84 <__bad_interrupt>
      64:	0c 94 42 07 	jmp	0xe84	; 0xe84 <__bad_interrupt>
      68:	0c 94 1e 2a 	jmp	0x543c	; 0x543c <__vector_26>
      6c:	0c 94 42 07 	jmp	0xe84	; 0xe84 <__bad_interrupt>
      70:	0c 94 42 07 	jmp	0xe84	; 0xe84 <__bad_interrupt>
      74:	0c 94 42 07 	jmp	0xe84	; 0xe84 <__bad_interrupt>
      78:	0c 94 42 07 	jmp	0xe84	; 0xe84 <__bad_interrupt>
      7c:	0c 94 42 07 	jmp	0xe84	; 0xe84 <__bad_interrupt>
      80:	0c 94 e1 27 	jmp	0x4fc2	; 0x4fc2 <__vector_32>
      84:	0c 94 42 07 	jmp	0xe84	; 0xe84 <__bad_interrupt>
      88:	0c 94 42 07 	jmp	0xe84	; 0xe84 <__bad_interrupt>

0000008c <__trampolines_end>:
__trampolines_end():
      8c:	4e 41       	sbci	r20, 0x1E	; 30
      8e:	4e 49       	Address 0x000000000000008e is out of bounds.
.word	0xffff	; ????

0000008f <pstr_inity>:
      8f:	49 4e 49 54 59                                      INITY

00000094 <pstr_inf>:
      94:	49 4e 46                                            INF

00000097 <pwr_m10>:
      97:	cd cc cc 3d 0a d7 23 3c 17 b7 d1 38 77 cc 2b 32     ...=..#<...8w.+2
      a7:	95 95 e6 24 1f b1 4f 0a                             ...$..O.

000000af <pwr_p10>:
      af:	00 00 20 41 00 00 c8 42 00 40 1c 46 20 bc be 4c     .. A...B.@.F ..L
      bf:	ca 1b 0e 5a ae c5 9d 74                             ...Z...t

000000c7 <parseGcode(char*)::__c>:
      c7:	6f 6b 00                                            ok.

000000ca <parseGcode(char*)::__c>:
      ca:	46 49 52 4d 57 41 52 45 5f 4e 41 4d 45 3a 50 65     FIRMWARE_NAME:Pe
      da:	6e 50 6c 6f 74 74 65 72 20 46 49 52 4d 57 41 52     nPlotter FIRMWAR
      ea:	45 5f 56 45 52 53 49 4f 4e 3a 31 2e 32 20 4d 41     E_VERSION:1.2 MA
      fa:	43 48 49 4e 45 5f 54 59 50 45 3a 50 65 6e 50 6c     CHINE_TYPE:PenPl
     10a:	6f 74 74 65 72 20 45 58 54 52 55 44 45 52 5f 43     otter EXTRUDER_C
     11a:	4f 55 4e 54 3a 30 00                                OUNT:0.

00000121 <u8g2_font_10x20_tr>:
     121:	5f 00 03 03 04 04 04 06 05 0a 14 00 fc 0d fc 0d     _...............
     131:	00 01 ea 03 bb 05 57 20 05 00 08 6b 21 08 d2 0c     ......W ...k!...
     141:	6a 3c 98 08 22 0b 46 9a 6a 88 98 24 a1 08 00 23     j<..".F.j..$...#
     151:	19 b9 19 ea 49 84 12 a1 44 74 08 49 84 12 a1 44     ....I...Dt.I...D
     161:	74 08 49 84 12 a1 44 06 24 17 d8 09 ea 09 2d 2a     t.I...D.$.....-*
     171:	14 99 44 26 11 1a 25 32 89 4c 42 51 31 ca 00 25     ..D&..%2.LBQ1..%
     181:	14 c9 09 ea 8c 24 ba d0 26 62 b9 58 2e 96 cc 28     .....$..&b.X...(
     191:	7a 9a 00 26 19 d9 09 6a 4d 25 42 89 50 22 24 8b     z..&...jM%B.P"$.
     1a1:	a7 12 a1 48 42 9b c8 44 13 12 49 00 27 08 52 8c     ...HB..D..I.'.R.
     1b1:	6a 1c 24 00 28 0d d5 0b ea 89 d4 44 32 1d 65 42     j.$.(......D2.eB
     1c1:	05 29 0e d5 0a 6a 08 d5 84 32 9d 64 22 35 00 2a     .)...j...2.d"5.*
     1d1:	0e 78 39 ea 88 b4 91 0e 21 9a 48 0b 00 2b 0c 78     .x9.....!.H..+.x
     1e1:	39 ea 89 d5 0e 31 b1 1a 00 2c 08 34 fb e9 4c 2c     9....1...,.4..L,
     1f1:	00 2d 07 18 69 6a 1c 02 2e 07 33 0c 6a 1c 04 2f     .-..ij....3.j../
     201:	10 c7 0a ea 2a 4a 85 52 a1 54 28 15 4a a5 00 30     ....*J.R.T(.J..0
     211:	11 d8 09 ea 49 69 22 2d 42 1e 25 22 6d 54 19 00     ....Ii"-B.%"mT..
     221:	31 0d d8 09 ea 49 87 34 89 58 7f 3b 04 32 12 d8     1....I.4.X.;.2..
     231:	09 6a d1 44 12 21 51 ac 2a 1c 4a 95 c5 87 00 33     .j.D.!Q.*.J....3
     241:	14 d8 09 6a d1 44 12 21 51 2c 15 ce e5 44 a2 44     ...j.D.!Q,...D.D
     251:	24 23 01 34 14 d8 09 6a 87 a5 43 9a 44 a4 22 93     $#.4...j..C.D.".
     261:	c8 24 87 a8 58 0b 00 35 12 d8 09 6a 1c c6 ba 8c     .$..X..5...j....
     271:	46 72 b1 98 28 11 c9 48 00 36 15 d8 09 6a d1 44     Fr..(..H.6...j.D
     281:	12 61 44 ac 32 1a 49 84 1c 25 22 19 09 00 37 12     .aD.2.I..%"...7.
     291:	d8 09 6a 1c c2 aa 62 a9 58 2a 96 8a a5 62 29 00     ..j...b.X*...b).
     2a1:	38 15 d8 09 6a d1 44 12 21 a3 44 24 a3 89 24 42     8...j.D.!.D$..$B
     2b1:	46 89 48 46 02 39 14 d8 09 6a d1 44 12 21 47 89     F.HF.9...j.D.!G.
     2c1:	68 45 ac 12 94 88 64 24 00 3a 08 83 0c 6a d8 a1     hE....d$.:...j..
     2d1:	06 3b 0a 94 fb e9 ac a3 4d 2c 00 3c 0b d7 09 6a     .;......M,.<...j
     2e1:	47 85 7a d6 73 00 3d 0a 68 39 6a 1c e2 38 1e 02     G.z.s.=.h9j..8..
     2f1:	3e 0b d7 0a 6a 84 f5 51 af 61 00 3f 10 d8 09 6a     >...j..Q.a.?...j
     301:	d1 44 12 21 a3 54 b3 3a 5c 2c 03 40 16 d8 09 6a     .D.!.T.:\,.@...j
     311:	d1 44 12 21 c9 72 91 50 24 14 09 8b 48 5d 26 aa     .D.!.r.P$...H]&.
     321:	00 41 0f d8 09 ea 49 69 22 2d 42 c6 43 91 47 01     .A....Ii"-B.C.G.
     331:	42 15 d8 09 6a d4 44 6a 12 99 44 26 11 89 4c 32     B...j.Dj..D&..L2
     341:	89 90 9b c4 04 43 10 d8 09 6a d1 44 12 21 59 3f     .....C...j.D.!Y?
     351:	4a 44 32 12 00 44 0d d8 09 6a 98 64 12 21 ff 4d     JD2..D...j.d.!.M
     361:	62 02 45 0d d8 09 6a 1c c6 3a 9b c4 3a 1f 02 46     b.E...j..:..:..F
     371:	0c d8 09 6a 1c c6 3a 9b c4 7a 06 47 11 d8 09 6a     ...j..:..z.G...j
     381:	d1 44 12 21 59 93 91 a3 44 34 a2 04 48 0c d8 09     .D.!Y...D4..H...
     391:	6a 08 f9 78 28 f2 51 00 49 0c d8 09 6a 1c 62 62     j..x(.Q.I...j.bb
     3a1:	fd b7 43 00 4a 0f d9 09 ea 59 e5 fa 49 26 92 a9     ..C.J....Y..I&..
     3b1:	48 87 00 4b 14 d8 09 6a 08 d9 24 32 89 48 53 4d     H..K...j..$2.HSM
     3c1:	a4 9b 44 26 11 12 05 4c 0a d8 09 6a 88 f5 3f 1f     ..D&...L...j..?.
     3d1:	02 4d 14 d8 09 6a 08 89 25 d3 c1 22 a1 48 28 12     .M...j..%..".H(.
     3e1:	8a 84 c8 51 00 4e 12 d8 09 6a 08 6b 35 93 89 22     ...Q.N...j.k5.."
     3f1:	a1 48 48 6e 8d 44 01 4f 0f d8 09 6a d1 44 12 21     .HHn.D.O...j.D.!
     401:	ff 28 11 c9 48 00 50 0f d8 09 6a 98 64 12 21 6f     .(..H.P...j.d.!o
     411:	12 93 58 67 00 51 11 e8 f9 69 d1 44 12 21 7f 91     ..Xg.Q...i.D.!..
     421:	90 28 22 59 5d 00 52 12 d8 09 6a 98 64 12 21 6f     .("Y].R...j.d.!o
     431:	12 93 36 89 4c 22 24 0a 53 13 d8 09 6a d1 44 12     ..6.L"$.S...j.D.
     441:	21 59 2e a7 2b 13 25 22 19 09 00 54 0b d8 09 6a     !Y..+.%"...T...j
     451:	1c 62 62 fd 6f 00 55 0d d8 09 6a 08 f9 1f 25 22     .bb.o.U...j...%"
     461:	19 09 00 56 0f d8 09 6a 08 39 4a 44 7a 23 b2 8a     ...V...j.9JDz#..
     471:	d5 00 57 12 d8 09 6a 08 f9 22 a1 48 28 12 8a a4     ..W...j..".H(...
     481:	64 2a 12 05 58 13 d8 09 6a 08 89 12 91 36 22 55     d*..X...j....6"U
     491:	4a a4 89 b4 08 89 02 59 0f d8 09 6a 08 89 12 91     J......Y...j....
     4a1:	36 22 55 ac 6f 00 5a 0f d8 09 6a 1c c2 aa ca 52     6"U.o.Z...j....R
     4b1:	65 a9 b2 f8 10 5b 0a d6 0a 6a 1c 82 fa 8f 06 5c     e....[...j.....\
     4c1:	10 c7 0a 6a 48 c5 52 b1 54 2c 15 4b c5 52 01 5d     ...jH.R.T,.K.R.]
     4d1:	0a d6 0a 6a 18 f5 1f 0f 01 5e 0b 48 99 ea 49 69     ...j.....^.H..Ii
     4e1:	22 89 50 00 5f 07 19 f9 69 1c 04 60 07 34 ab 6a     ".P._...i..`.4.j
     4f1:	c8 14 61 0e 88 09 6a 95 64 62 c9 41 c8 28 a9 04     ..a...j.db.A.(..
     501:	62 11 d8 09 6a 88 f5 32 1a 49 84 1c 4b 12 c9 08     b...j..2.I..K...
     511:	00 63 0d 88 09 6a 95 64 64 ed 32 51 05 00 64 0e     .c...j.dd.2Q..d.
     521:	d8 09 6a eb 69 a2 54 e4 28 11 ad 08 65 0f 88 09     ..j.i.T.(...e...
     531:	6a d1 44 12 e1 a1 2c 97 89 2a 00 66 0d d8 09 ea     j.D...,..*.f....
     541:	d1 44 3a 0b 8d 62 7d 04 67 13 c8 c9 e9 54 66 35     .D:..b}.g....Tf5
     551:	89 4c 22 13 95 e4 16 21 a3 c4 02 68 0d d8 09 6a     .L"....!...h...j
     561:	88 f5 32 1a 49 84 7c 14 69 0c b8 09 ea 89 e5 50     ..2.I.|.i......P
     571:	b2 be 1d 02 6a 0e f7 ca e9 aa c3 a8 fa 4a 63 93     ....j........Jc.
     581:	54 00 6b 11 d8 09 6a 88 f5 26 11 a9 c8 88 35 91     T.k...j..&....5.
     591:	9a 44 28 6c 0a d8 09 ea 90 f5 bf 1d 02 6d 13 88     .D(l.........m..
     5a1:	09 6a 44 54 0e 13 09 45 42 91 50 24 14 09 45 01     .jDT...EB.P$..E.
     5b1:	6e 0c 88 09 6a 48 46 23 89 90 8f 02 6f 0e 88 09     n...jHF#....o...
     5c1:	6a d1 44 12 21 47 89 48 46 02 70 11 c8 c9 69 48     j.D.!G.HF.p...iH
     5d1:	46 23 89 90 63 49 22 19 89 35 03 71 0e c8 c9 69     F#..cI"..5.q...i
     5e1:	4d 94 8a 1c 25 a2 15 b1 0e 72 0c 88 09 6a 48 48     M...%....r...jHH
     5f1:	23 89 58 af 00 73 0d 88 09 ea 58 84 74 bb 98 28     #.X..s....X.t..(
     601:	b1 00 74 0d b8 09 6a 89 15 8d 62 3d c9 28 00 75     ..t...j...b=.(.u
     611:	0b 88 09 6a 08 f9 28 11 ad 08 76 0e 88 09 6a 08     ...j..(...v...j.
     621:	89 12 91 36 22 55 2c 03 77 10 88 09 6a 08 b9 48     ...6"U,.w...j..H
     631:	28 12 8a e4 30 11 49 00 78 10 88 09 6a 08 25 22     (...0.I.x...j.%"
     641:	19 55 2c a5 89 24 42 01 79 10 c8 c9 69 08 f9 28     .U,..$B.y...i..(
     651:	11 ad 88 89 12 91 8c 04 7a 09 87 0a 6a 5c 85 7a     ........z...j\.z
     661:	3d 7b 0c d8 09 6a d2 c4 ba d1 c5 ba 13 7c 07 d2     ={...j.......|..
     671:	0c 6a 7c 28 7d 0d d8 09 6a d0 c5 ba d3 c4 ba 11     .j|(}...j.......
     681:	01 7e 0b 38 a9 ea 8c 28 12 d2 04 00 00 00 00 04     .~.8...(........
     691:	ff ff 00 00                                         ....

00000695 <u8g2_font_6x12_tr>:
     695:	5f 00 02 02 03 04 03 05 04 05 0c 00 fe 07 fe 08     _...............
     6a5:	ff 01 39 02 85 03 ac 20 05 00 6a 07 21 07 39 43     ..9.... ..j.!.9C
     6b5:	67 a8 00 22 07 9b 56 27 59 01 23 0b 35 42 af 1a     g.."..V'Y.#.5B..
     6c5:	aa 4c 69 a8 0a 24 0d 4d 3e 37 af 4a e5 9d 54 b5     .Li..$.M>7.J..T.
     6d5:	23 00 25 09 3d 42 47 ce dc 39 05 26 0c 3d 42 2f     #.%.=BG..9.&.=B/
     6e5:	a7 98 72 95 64 54 01 27 05 19 57 67 28 0a cb 3e     ..r.dT.'..Wg(..>
     6f5:	37 c5 14 eb 98 03 29 0b cb 3e 27 c7 1c ab 98 22     7.....)..>'...."
     705:	00 2a 0a 3d 42 b7 aa 76 5e cd 08 2b 0a 2d 46 37     .*.=B..v^..+.-F7
     715:	a3 38 64 46 11 2c 07 1b 3e 4f 8d 04 2d 06 0d 4e     .8dF.,..>O..-..N
     725:	67 08 2e 06 92 42 67 04 2f 0c 3d 42 1f e5 8c 72     g....Bg./.=B...r
     735:	8d 72 46 00 30 09 bc 42 4f 45 cf a4 00 31 08 bb     .rF.0..BOE...1..
     745:	42 2f c9 ae 01 32 0a 3d 42 6f e5 8c 72 7b 08 33     B/...2.=Bo..r{.3
     755:	0c 3d 42 67 68 94 b3 86 3a 2d 00 34 0c 3d 42 3f     .=Bgh...:-.4.=B?
     765:	cb 54 a6 a1 33 4a 00 35 0c 3d 42 e7 46 23 c3 8c     .T..3J.5.=B.F#..
     775:	74 5a 00 36 0c 3d 42 57 e6 8c 46 ca 3a 2d 00 37     tZ.6.=BW..F.:-.7
     785:	0d 3d 42 67 68 94 33 ca 19 65 14 01 38 0b 3d 42     .=Bgh.3..e..8.=B
     795:	6f 65 9d 56 d6 69 01 39 0c 3d 42 6f 65 9d 46 46     oe.V.i.9.=Boe.FF
     7a5:	39 4a 00 3a 07 aa 42 67 c4 11 3b 09 33 3e cf 46     9J.:..Bg..;.3>.F
     7b5:	6a 24 00 3c 07 ab 46 37 d5 05 3d 08 1d 4a 67 68     j$.<..F7..=..Jgh
     7c5:	38 04 3e 08 ab 46 27 57 25 00 3f 0a 3d 42 6f e5     8.>..F'W%.?.=Bo.
     7d5:	36 ca 74 04 40 0c 3d 42 6f 65 35 52 52 23 c3 05     6.t.@.=Boe5RR#..
     7e5:	41 0a 3d 42 6f 65 3d 46 b6 03 42 0c 3d 42 67 c4     A.=Boe=F..B.=Bg.
     7f5:	2a a6 59 c5 a1 00 43 0c 3d 42 6f 65 8d 32 ca 28     *.Y...C.=Boe.2.(
     805:	a7 05 44 0d 3d 42 67 c4 2a a6 98 62 8a 43 01 45     ..D.=Bg.*..b.C.E
     815:	0c 3d 42 e7 46 19 8d 94 51 46 43 46 0d 3d 42 e7     .=B.F...QFCF.=B.
     825:	46 19 8d 94 51 46 19 01 47 0c 3d 42 6f 65 8d 32     F...QF..G.=Boe.2
     835:	8a 3b 2d 00 48 09 3d 42 27 db 63 64 3b 49 08 bb     .;-.H.=B'.cd;I..
     845:	42 67 c5 ae 01 4a 0c 3d 42 77 67 94 51 46 65 94     Bg...J.=Bwg.QFe.
     855:	00 4b 0b 3d 42 27 cb 54 ea 14 ab 1c 4c 0e 3d 42     .K.=B'.T....L.=B
     865:	27 a3 8c 32 ca 28 a3 8c 86 00 4d 09 3d 42 27 af     '..2.(....M.=B'.
     875:	95 b4 3b 4e 0a 3d 42 27 eb a9 92 dc 3a 4f 09 3d     ..;N.=B'....:O.=
     885:	42 6f 65 ef b4 00 50 0d 3d 42 67 a4 ac 87 ca 28     Boe...P.=Bg....(
     895:	a3 8c 00 51 0a 3d 42 6f 65 57 92 51 05 52 0b 3d     ...Q.=BoeW.Q.R.=
     8a5:	42 67 a4 ac 87 2a ab 1c 53 0b 3d 42 6f 65 0d 37     Bg...*..S.=Boe.7
     8b5:	d4 69 01 54 0e 3d 42 67 c8 8c 32 ca 28 a3 8c 22     .i.T.=Bg..2.(.."
     8c5:	00 55 08 3d 42 27 fb 4e 0b 56 0a 3d 42 27 bb 53     .U.=B'.N.V.=B'.S
     8d5:	99 72 04 57 09 3d 42 27 7b 25 d5 05 58 0a 3d 42     .r.W.=B'{%..X.=B
     8e5:	27 eb 54 57 b5 0e 59 0c 3d 42 27 eb 54 67 94 51     '.TW..Y.=B'.Tg.Q
     8f5:	46 11 5a 0a 3d 42 67 68 94 bb d1 10 5b 08 cb 3e     F.Z.=Bgh....[..>
     905:	67 c4 3e 07 5c 0d 3d 42 27 c3 8c 32 cc 30 a3 0c     g.>.\.=B'..2.0..
     915:	03 5d 08 cb 3e 67 f6 39 02 5e 07 1d 56 37 a7 3a     .]..>g.9.^..V7.:
     925:	5f 06 0d 3a 67 08 60 06 9b 56 27 17 61 0a 2d 42     _..:g.`..V'.a.-B
     935:	6f c3 34 74 1a 01 62 0c 3d 42 27 a3 8c 46 ca f6     o.4t..b.=B'..F..
     945:	50 00 63 0a 2d 42 6f 65 8d 72 5a 00 64 0b 3d 42     P.c.-Boe.rZ.d.=B
     955:	1f 65 94 86 b6 d3 08 65 0a 2d 42 6f e5 a1 32 5c     .e.....e.-Bo..2\
     965:	00 66 0b 3d 42 57 56 79 67 94 51 06 67 0b 3d 3a     .f.=BWVyg.Q.g.=:
     975:	6f 65 3b 8d 8c d2 02 68 0b 3d 42 27 a3 8c 46 ca     oe;....h.=B'..F.
     985:	ee 00 69 08 bb 42 2f 23 d9 1a 6a 0a cc 3a 3f 63     ..i..B/#..j..:?c
     995:	dd 96 49 01 6b 0c 3d 42 27 a3 8c b2 4c b3 ca 01     ..I.k.=B'...L...
     9a5:	6c 07 bb 42 47 f6 1a 6d 0a 2d 42 47 b5 54 52 49     l..BG..m.-BG.TRI
     9b5:	15 6e 08 2d 42 27 99 da 0e 6f 09 2d 42 6f 65 3b     .n.-B'...o.-Boe;
     9c5:	2d 00 70 0c 3d 3a 67 a4 6c 0f 95 51 46 00 71 0b     -.p.=:g.l..QF.q.
     9d5:	3d 3a 6f 68 3b 8d 8c 32 0a 72 0b 2d 42 27 99 1a     =:oh;..2.r.-B'..
     9e5:	65 94 11 00 73 0a 2d 42 6f 68 b8 e1 50 00 74 0c     e...s.-Boh..P.t.
     9f5:	3d 42 37 a3 38 64 46 19 65 28 75 08 2d 42 27 3b     =B7.8dF.e(u.-B';
     a05:	95 0a 76 09 2d 42 27 db a9 8e 00 77 09 2d 42 27     ..v.-B'....w.-B'
     a15:	5b 49 75 01 78 09 2d 42 27 a7 ba aa 03 79 0a 3d     [Iu.x.-B'....y.=
     a25:	3a 27 db a9 6e 23 00 7a 08 2d 42 67 e8 f6 10 7b     :'..n#.z.-Bg...{
     a35:	09 cb 3e 37 c5 2a c7 3a 7c 06 49 3f e7 01 7d 0a     ..>7.*.:|.I?..}.
     a45:	cb 3e 27 c7 3a c5 2a 02 7e 09 1d 4a 2f aa 24 13     .>'.:.*.~..J/.$.
     a55:	00 00 00 00 04 ff ff 00 00                          .........

00000a5e <u8g2_font_5x8_tr>:
     a5e:	5f 00 02 02 03 04 03 04 04 05 08 00 ff 06 ff 06     _...............
     a6e:	00 01 1a 02 31 03 2f 20 05 00 7e 03 21 07 31 63     ....1./ ..~.!.1c
     a7e:	33 52 00 22 07 9b 6e 93 ac 00 23 0d 3d 62 57 a6     3R."..n...#.=bW.
     a8e:	34 54 35 54 99 12 00 24 0a 3d 62 9b 57 bd 53 da     4T5T...$.=b.W.S.
     a9e:	11 25 08 ab 66 13 53 67 00 26 0a 3c 62 17 53 b3     .%..f.Sg.&.<b.S.
     aae:	6a a6 00 27 05 19 6f 33 28 07 b2 62 a7 9a 01 29     j..'..o3(..b...)
     abe:	08 b2 62 13 53 a5 00 2a 0a 2c 62 13 93 1a 49 c5     ..b.S..*.,b...I.
     ace:	00 2b 0a 2d 62 9b 51 1c 32 a3 08 2c 07 9b 5e a7     .+.-b.Q.2..,..^.
     ade:	4a 00 2d 06 0c 6a 33 02 2e 07 9b 5e 97 56 02 2f     J.-..j3....^.V./
     aee:	08 34 62 5f b6 33 00 30 08 b3 62 57 b9 2a 00 31     .4b_.3.0..bW.*.1
     afe:	07 b3 62 97 64 6b 32 0a 34 62 a7 62 4e 2a 8f 00     ..b.dk2.4b.bN*..
     b0e:	33 0a 34 62 33 62 d4 48 26 05 34 0a 34 62 1b 55     3.4b3b.H&.4.4b.U
     b1e:	35 62 4e 00 35 0a 34 62 33 f4 46 32 29 00 36 0a     5bN.5.4b3.F2).6.
     b2e:	34 62 a7 f2 8a 32 29 00 37 0a 34 62 33 72 cc 31     4b...2).7.4b3r.1
     b3e:	47 00 38 0a 34 62 a7 62 52 51 26 05 39 0a 34 62     G.8.4b.bRQ&.9.4b
     b4e:	a7 a2 4c 3b 29 00 3a 07 aa 62 33 e2 08 3b 08 b3     ..L;).:..b3..;..
     b5e:	5e 67 23 55 02 3c 07 b3 62 9b ca 5c 3d 08 1c 66     ^g#U.<..b..\=..f
     b6e:	33 32 1a 01 3e 08 b3 62 93 cb 54 02 3f 09 b3 62     32..>..b..T.?..b
     b7e:	d7 4c 19 26 00 40 0c 45 5e 2b a3 5c 49 25 59 43     .L.&.@.E^+.\I%YC
     b8e:	05 41 09 34 62 a7 a2 1c 53 06 42 0a 34 62 b3 e2     .A.4b...S.B.4b..
     b9e:	48 51 8e 04 43 09 34 62 a7 a2 2e 93 02 44 09 34     HQ..C.4b.....D.4
     bae:	62 b3 a2 73 24 00 45 09 34 62 33 f4 ca 79 04 46     b..s$.E.4b3..y.F
     bbe:	09 34 62 33 f4 ca 35 00 47 0a 34 62 a7 a2 4e 33     .4b3..5.G.4b..N3
     bce:	29 00 48 09 34 62 13 e5 98 66 00 49 07 b3 62 b3     ).H.4b...f.I..b.
     bde:	62 6b 4a 09 34 62 37 73 55 46 00 4b 09 34 62 13     bkJ.4b7sUF.K.4b.
     bee:	55 92 a9 33 4c 08 34 62 93 bb 47 00 4d 09 34 62     U..3L.4b..G.M.4b
     bfe:	13 c7 11 cd 00 4e 09 34 62 13 d7 58 67 00 4f 09     .....N.4b..Xg.O.
     c0e:	34 62 a7 a2 33 29 00 50 0a 34 62 b3 a2 1c 29 67     4b..3).P.4b...)g
     c1e:	00 51 09 3c 5e a7 a2 5c 6e 14 52 0a 34 62 b3 a2     .Q.<^..\n.R.4b..
     c2e:	1c 29 ca 00 53 0a 34 62 a7 62 ca a8 4c 0a 54 08     .)..S.4b.b..L.T.
     c3e:	b3 62 b3 62 17 00 55 08 34 62 13 3d 93 02 56 09     .b.b..U.4b.=..V.
     c4e:	34 62 13 9d 49 2a 00 57 09 34 62 13 cd 71 c4 00     4b..I*.W.4b..q..
     c5e:	58 0a 34 62 13 65 92 2a ca 00 59 0b 35 62 93 75     X.4b.e.*..Y.5b.u
     c6e:	aa 33 ca 28 02 5a 09 34 62 33 72 6c 8f 00 5b 07     .3.(.Z.4b3rl..[.
     c7e:	b3 62 33 62 73 5c 0a 34 62 93 33 ca 28 a3 1c 5d     .b3bs\.4b.3.(..]
     c8e:	07 b3 62 33 9b 23 5e 06 93 72 d7 00 5f 06 0c 5e     ..b3.#^..r.._..^
     c9e:	33 02 60 06 92 72 13 03 61 08 24 62 37 a2 4c 03     3.`..r..a.$b7.L.
     cae:	62 0a 34 62 93 f3 8a 72 24 00 63 07 a3 62 37 b3     b.4b...r$.c..b7.
     cbe:	00 64 09 34 62 5f 8d 28 d3 00 65 08 24 62 a7 d2     .d.4b_.(..e.$b..
     cce:	c8 0a 66 09 34 62 5b 95 33 47 00 67 09 2c 5e a7     ..f.4b[.3G.g.,^.
     cde:	62 da 49 01 68 09 34 62 93 f3 8a 66 00 69 08 b3     b.I.h.4b...f.i..
     cee:	62 97 91 ac 06 6a 09 bb 5e 9b 61 a9 2a 00 6b 09     b....j..^.a.*.k.
     cfe:	34 62 93 cb 91 a2 0c 6c 07 b3 62 23 bb 06 6d 09     4b.....l..b#..m.
     d0e:	25 62 a3 5a 2a a9 02 6e 07 24 62 b3 a2 19 6f 08     %b.Z*..n.$b...o.
     d1e:	24 62 a7 a2 4c 0a 70 09 2c 5e b3 e2 48 39 03 71     $b..L.p.,^..H9.q
     d2e:	08 2c 5e 37 62 da 05 72 08 24 62 93 92 9d 01 73     .,^7b..r.$b....s
     d3e:	07 a3 62 37 f2 02 74 0a 34 62 97 e3 cc 29 26 00     ..b7..t.4b...)&.
     d4e:	75 07 24 62 13 cd 34 76 07 a3 62 93 ac 0a 77 09     u.$b..4v..b...w.
     d5e:	25 62 93 55 52 5d 00 78 08 24 62 13 93 54 31 79     %b.UR].x.$b..T1y
     d6e:	0a 2c 5e 13 65 1a 31 29 00 7a 08 24 62 33 62 39     .,^.e.1).z.$b3b9
     d7e:	02 7b 0b 3c 62 ab 32 4a 1a c5 8c 04 7c 05 31 63     .{.<b.2J....|.1c
     d8e:	73 7d 0c 3c 62 a3 51 cc 48 65 94 24 00 7e 07 14     s}.<b.Q.He.$.~..
     d9e:	72 97 54 02 00 00 00 04 ff ff 00 00                 r.T.........

00000daa <tone_pin_to_timer_PGM>:
     daa:	02                                                  .

00000dab <digital_pin_to_timer_PGM>:
     dab:	00 00 00 02 03 00 0a 0b 00 00 00 00 05 04 09 08     ................
	...

00000dcb <digital_pin_to_bit_mask_PGM>:
     dcb:	01 02 04 08 10 20 40 80 01 02 04 08 10 20 40 80     ..... @...... @.
     ddb:	01 02 04 08 10 20 40 80 01 02 04 08 10 20 40 80     ..... @...... @.

00000deb <digital_pin_to_port_PGM>:
     deb:	02 02 02 02 02 02 02 02 04 04 04 04 04 04 04 04     ................
     dfb:	03 03 03 03 03 03 03 03 01 01 01 01 01 01 01 01     ................

00000e0b <port_to_input_PGM>:
     e0b:	00 00 20 00 23 00 26 00 29 00                       .. .#.&.).

00000e15 <port_to_output_PGM>:
     e15:	00 00 22 00 25 00 28 00 2b 00                       ..".%.(.+.

00000e1f <port_to_mode_PGM>:
     e1f:	00 00 21 00 24 00 27 00 2a 00 00                    ..!.$.'.*..

00000e2a <__ctors_start>:
__ctors_start():
     e2a:	75 13       	cpse	r23, r21
     e2c:	d6 29       	or	r29, r6
     e2e:	f7 2c       	mov	r15, r7

00000e30 <__ctors_end>:
__ctors_end():
     e30:	11 24       	eor	r1, r1
     e32:	1f be       	out	0x3f, r1	; 63
     e34:	cf ef       	ldi	r28, 0xFF	; 255
     e36:	d0 e4       	ldi	r29, 0x40	; 64
     e38:	de bf       	out	0x3e, r29	; 62
     e3a:	cd bf       	out	0x3d, r28	; 61

00000e3c <__do_copy_data>:
__do_copy_data():
/Users/jenkins/jenkins/workspace/avr-gcc-staging/label/mac-mini/gcc-build/avr/avr51/libgcc/../../../../gcc/libgcc/config/avr/lib1funcs.S:2373
     e3c:	13 e0       	ldi	r17, 0x03	; 3
/Users/jenkins/jenkins/workspace/avr-gcc-staging/label/mac-mini/gcc-build/avr/avr51/libgcc/../../../../gcc/libgcc/config/avr/lib1funcs.S:2374
     e3e:	a0 e0       	ldi	r26, 0x00	; 0
/Users/jenkins/jenkins/workspace/avr-gcc-staging/label/mac-mini/gcc-build/avr/avr51/libgcc/../../../../gcc/libgcc/config/avr/lib1funcs.S:2375
     e40:	b1 e0       	ldi	r27, 0x01	; 1
/Users/jenkins/jenkins/workspace/avr-gcc-staging/label/mac-mini/gcc-build/avr/avr51/libgcc/../../../../gcc/libgcc/config/avr/lib1funcs.S:2376
     e42:	e0 e5       	ldi	r30, 0x50	; 80
/Users/jenkins/jenkins/workspace/avr-gcc-staging/label/mac-mini/gcc-build/avr/avr51/libgcc/../../../../gcc/libgcc/config/avr/lib1funcs.S:2377
     e44:	f8 e7       	ldi	r31, 0x78	; 120
/Users/jenkins/jenkins/workspace/avr-gcc-staging/label/mac-mini/gcc-build/avr/avr51/libgcc/../../../../gcc/libgcc/config/avr/lib1funcs.S:2378
     e46:	00 e0       	ldi	r16, 0x00	; 0
/Users/jenkins/jenkins/workspace/avr-gcc-staging/label/mac-mini/gcc-build/avr/avr51/libgcc/../../../../gcc/libgcc/config/avr/lib1funcs.S:2379
     e48:	0b bf       	out	0x3b, r16	; 59
/Users/jenkins/jenkins/workspace/avr-gcc-staging/label/mac-mini/gcc-build/avr/avr51/libgcc/../../../../gcc/libgcc/config/avr/lib1funcs.S:2380
     e4a:	02 c0       	rjmp	.+4      	; 0xe50 <__do_copy_data+0x14>
/Users/jenkins/jenkins/workspace/avr-gcc-staging/label/mac-mini/gcc-build/avr/avr51/libgcc/../../../../gcc/libgcc/config/avr/lib1funcs.S:2382
     e4c:	07 90       	elpm	r0, Z+
/Users/jenkins/jenkins/workspace/avr-gcc-staging/label/mac-mini/gcc-build/avr/avr51/libgcc/../../../../gcc/libgcc/config/avr/lib1funcs.S:2383
     e4e:	0d 92       	st	X+, r0
/Users/jenkins/jenkins/workspace/avr-gcc-staging/label/mac-mini/gcc-build/avr/avr51/libgcc/../../../../gcc/libgcc/config/avr/lib1funcs.S:2385
     e50:	a8 39       	cpi	r26, 0x98	; 152
/Users/jenkins/jenkins/workspace/avr-gcc-staging/label/mac-mini/gcc-build/avr/avr51/libgcc/../../../../gcc/libgcc/config/avr/lib1funcs.S:2386
     e52:	b1 07       	cpc	r27, r17
/Users/jenkins/jenkins/workspace/avr-gcc-staging/label/mac-mini/gcc-build/avr/avr51/libgcc/../../../../gcc/libgcc/config/avr/lib1funcs.S:2387
     e54:	d9 f7       	brne	.-10     	; 0xe4c <__do_copy_data+0x10>

00000e56 <__do_clear_bss>:
__do_clear_bss():
/Users/jenkins/jenkins/workspace/avr-gcc-staging/label/mac-mini/gcc-build/avr/avr51/libgcc/../../../../gcc/libgcc/config/avr/lib1funcs.S:2441
     e56:	2b e0       	ldi	r18, 0x0B	; 11
/Users/jenkins/jenkins/workspace/avr-gcc-staging/label/mac-mini/gcc-build/avr/avr51/libgcc/../../../../gcc/libgcc/config/avr/lib1funcs.S:2442
     e58:	a8 e9       	ldi	r26, 0x98	; 152
/Users/jenkins/jenkins/workspace/avr-gcc-staging/label/mac-mini/gcc-build/avr/avr51/libgcc/../../../../gcc/libgcc/config/avr/lib1funcs.S:2443
     e5a:	b3 e0       	ldi	r27, 0x03	; 3
/Users/jenkins/jenkins/workspace/avr-gcc-staging/label/mac-mini/gcc-build/avr/avr51/libgcc/../../../../gcc/libgcc/config/avr/lib1funcs.S:2444
     e5c:	01 c0       	rjmp	.+2      	; 0xe60 <.do_clear_bss_start>

00000e5e <.do_clear_bss_loop>:
/Users/jenkins/jenkins/workspace/avr-gcc-staging/label/mac-mini/gcc-build/avr/avr51/libgcc/../../../../gcc/libgcc/config/avr/lib1funcs.S:2446
     e5e:	1d 92       	st	X+, r1

00000e60 <.do_clear_bss_start>:
/Users/jenkins/jenkins/workspace/avr-gcc-staging/label/mac-mini/gcc-build/avr/avr51/libgcc/../../../../gcc/libgcc/config/avr/lib1funcs.S:2448
     e60:	aa 30       	cpi	r26, 0x0A	; 10
/Users/jenkins/jenkins/workspace/avr-gcc-staging/label/mac-mini/gcc-build/avr/avr51/libgcc/../../../../gcc/libgcc/config/avr/lib1funcs.S:2449
     e62:	b2 07       	cpc	r27, r18
/Users/jenkins/jenkins/workspace/avr-gcc-staging/label/mac-mini/gcc-build/avr/avr51/libgcc/../../../../gcc/libgcc/config/avr/lib1funcs.S:2450
     e64:	e1 f7       	brne	.-8      	; 0xe5e <.do_clear_bss_loop>

00000e66 <__do_global_ctors>:
__do_global_ctors():
/Users/jenkins/jenkins/workspace/avr-gcc-staging/label/mac-mini/gcc-build/avr/avr51/libgcc/../../../../gcc/libgcc/config/avr/lib1funcs.S:2466
     e66:	17 e0       	ldi	r17, 0x07	; 7
/Users/jenkins/jenkins/workspace/avr-gcc-staging/label/mac-mini/gcc-build/avr/avr51/libgcc/../../../../gcc/libgcc/config/avr/lib1funcs.S:2467
     e68:	c8 e1       	ldi	r28, 0x18	; 24
/Users/jenkins/jenkins/workspace/avr-gcc-staging/label/mac-mini/gcc-build/avr/avr51/libgcc/../../../../gcc/libgcc/config/avr/lib1funcs.S:2468
     e6a:	d7 e0       	ldi	r29, 0x07	; 7
/Users/jenkins/jenkins/workspace/avr-gcc-staging/label/mac-mini/gcc-build/avr/avr51/libgcc/../../../../gcc/libgcc/config/avr/lib1funcs.S:2472
     e6c:	04 c0       	rjmp	.+8      	; 0xe76 <__do_global_ctors+0x10>
/Users/jenkins/jenkins/workspace/avr-gcc-staging/label/mac-mini/gcc-build/avr/avr51/libgcc/../../../../gcc/libgcc/config/avr/lib1funcs.S:2474
     e6e:	21 97       	sbiw	r28, 0x01	; 1
/Users/jenkins/jenkins/workspace/avr-gcc-staging/label/mac-mini/gcc-build/avr/avr51/libgcc/../../../../gcc/libgcc/config/avr/lib1funcs.S:2480
     e70:	fe 01       	movw	r30, r28
/Users/jenkins/jenkins/workspace/avr-gcc-staging/label/mac-mini/gcc-build/avr/avr51/libgcc/../../../../gcc/libgcc/config/avr/lib1funcs.S:2481
     e72:	0e 94 26 36 	call	0x6c4c	; 0x6c4c <__tablejump2__>
/Users/jenkins/jenkins/workspace/avr-gcc-staging/label/mac-mini/gcc-build/avr/avr51/libgcc/../../../../gcc/libgcc/config/avr/lib1funcs.S:2483
     e76:	c5 31       	cpi	r28, 0x15	; 21
/Users/jenkins/jenkins/workspace/avr-gcc-staging/label/mac-mini/gcc-build/avr/avr51/libgcc/../../../../gcc/libgcc/config/avr/lib1funcs.S:2484
     e78:	d1 07       	cpc	r29, r17
/Users/jenkins/jenkins/workspace/avr-gcc-staging/label/mac-mini/gcc-build/avr/avr51/libgcc/../../../../gcc/libgcc/config/avr/lib1funcs.S:2489
     e7a:	c9 f7       	brne	.-14     	; 0xe6e <__do_global_ctors+0x8>
     e7c:	0e 94 34 31 	call	0x6268	; 0x6268 <main>
     e80:	0c 94 26 3c 	jmp	0x784c	; 0x784c <_exit>

00000e84 <__bad_interrupt>:
__vector_30():
     e84:	0c 94 00 00 	jmp	0	; 0x0 <__vectors>

00000e88 <Print::availableForWrite()>:
_ZN5Print17availableForWriteEv():
/Users/jacobmajors/Desktop/Coding/Pen Web Plotter/firmware/PenPlotter/PenPlotter.ino:499
}

void handleAbout(int d, bool clk) {
  (void)d;
  if (clk) { scr = MAIN; cursor = 0; redraw = true; }
}
     e88:	90 e0       	ldi	r25, 0x00	; 0
     e8a:	80 e0       	ldi	r24, 0x00	; 0
     e8c:	08 95       	ret

00000e8e <Print::flush()>:
_ZN5Print5flushEv():
     e8e:	08 95       	ret

00000e90 <U8G2::write(unsigned char const*, unsigned int)>:
_ZN4U8G25writeEPKhj():
     e90:	cf 92       	push	r12
     e92:	df 92       	push	r13
     e94:	ef 92       	push	r14
     e96:	ff 92       	push	r15
     e98:	0f 93       	push	r16
     e9a:	1f 93       	push	r17
     e9c:	cf 93       	push	r28
     e9e:	df 93       	push	r29
     ea0:	6c 01       	movw	r12, r24
     ea2:	eb 01       	movw	r28, r22
     ea4:	7b 01       	movw	r14, r22
     ea6:	e4 0e       	add	r14, r20
     ea8:	f5 1e       	adc	r15, r21
     eaa:	10 e0       	ldi	r17, 0x00	; 0
     eac:	00 e0       	ldi	r16, 0x00	; 0
     eae:	ce 15       	cp	r28, r14
     eb0:	df 05       	cpc	r29, r15
     eb2:	61 f0       	breq	.+24     	; 0xecc <U8G2::write(unsigned char const*, unsigned int)+0x3c>
     eb4:	69 91       	ld	r22, Y+
     eb6:	d6 01       	movw	r26, r12
     eb8:	ed 91       	ld	r30, X+
     eba:	fc 91       	ld	r31, X
     ebc:	01 90       	ld	r0, Z+
     ebe:	f0 81       	ld	r31, Z
     ec0:	e0 2d       	mov	r30, r0
     ec2:	c6 01       	movw	r24, r12
     ec4:	09 95       	icall
     ec6:	08 0f       	add	r16, r24
     ec8:	19 1f       	adc	r17, r25
     eca:	f1 cf       	rjmp	.-30     	; 0xeae <U8G2::write(unsigned char const*, unsigned int)+0x1e>
     ecc:	c8 01       	movw	r24, r16
     ece:	df 91       	pop	r29
     ed0:	cf 91       	pop	r28
     ed2:	1f 91       	pop	r17
     ed4:	0f 91       	pop	r16
     ed6:	ff 90       	pop	r15
     ed8:	ef 90       	pop	r14
     eda:	df 90       	pop	r13
     edc:	cf 90       	pop	r12
     ede:	08 95       	ret

00000ee0 <U8G2::write(unsigned char)>:
_ZN4U8G25writeEh():
     ee0:	cf 92       	push	r12
     ee2:	df 92       	push	r13
     ee4:	ef 92       	push	r14
     ee6:	ff 92       	push	r15
     ee8:	0f 93       	push	r16
     eea:	1f 93       	push	r17
     eec:	cf 93       	push	r28
     eee:	df 93       	push	r29
     ef0:	ec 01       	movw	r28, r24
     ef2:	6c 01       	movw	r12, r24
     ef4:	24 e0       	ldi	r18, 0x04	; 4
     ef6:	c2 0e       	add	r12, r18
     ef8:	d1 1c       	adc	r13, r1
     efa:	fc 01       	movw	r30, r24
     efc:	e0 57       	subi	r30, 0x70	; 112
     efe:	ff 4f       	sbci	r31, 0xFF	; 255
     f00:	01 90       	ld	r0, Z+
     f02:	f0 81       	ld	r31, Z
     f04:	e0 2d       	mov	r30, r0
     f06:	c6 01       	movw	r24, r12
     f08:	09 95       	icall
     f0a:	8e 3f       	cpi	r24, 0xFE	; 254
     f0c:	ef ef       	ldi	r30, 0xFF	; 255
     f0e:	9e 07       	cpc	r25, r30
     f10:	d8 f4       	brcc	.+54     	; 0xf48 <U8G2::write(unsigned char)+0x68>
     f12:	8e 01       	movw	r16, r28
     f14:	0c 56       	subi	r16, 0x6C	; 108
     f16:	1f 4f       	sbci	r17, 0xFF	; 255
     f18:	f8 01       	movw	r30, r16
     f1a:	40 81       	ld	r20, Z
     f1c:	51 81       	ldd	r21, Z+1	; 0x01
     f1e:	7e 01       	movw	r14, r28
     f20:	f2 e9       	ldi	r31, 0x92	; 146
     f22:	ef 0e       	add	r14, r31
     f24:	f1 1c       	adc	r15, r1
     f26:	f7 01       	movw	r30, r14
     f28:	60 81       	ld	r22, Z
     f2a:	71 81       	ldd	r23, Z+1	; 0x01
     f2c:	9c 01       	movw	r18, r24
     f2e:	c6 01       	movw	r24, r12
     f30:	0e 94 e0 1a 	call	0x35c0	; 0x35c0 <u8g2_DrawGlyph>
     f34:	c0 59       	subi	r28, 0x90	; 144
     f36:	df 4f       	sbci	r29, 0xFF	; 255
     f38:	28 81       	ld	r18, Y
     f3a:	21 30       	cpi	r18, 0x01	; 1
     f3c:	c1 f0       	breq	.+48     	; 0xf6e <U8G2::write(unsigned char)+0x8e>
     f3e:	78 f0       	brcs	.+30     	; 0xf5e <U8G2::write(unsigned char)+0x7e>
     f40:	22 30       	cpi	r18, 0x02	; 2
     f42:	b9 f0       	breq	.+46     	; 0xf72 <U8G2::write(unsigned char)+0x92>
     f44:	23 30       	cpi	r18, 0x03	; 3
     f46:	e9 f0       	breq	.+58     	; 0xf82 <U8G2::write(unsigned char)+0xa2>
     f48:	81 e0       	ldi	r24, 0x01	; 1
     f4a:	90 e0       	ldi	r25, 0x00	; 0
     f4c:	df 91       	pop	r29
     f4e:	cf 91       	pop	r28
     f50:	1f 91       	pop	r17
     f52:	0f 91       	pop	r16
     f54:	ff 90       	pop	r15
     f56:	ef 90       	pop	r14
     f58:	df 90       	pop	r13
     f5a:	cf 90       	pop	r12
     f5c:	08 95       	ret
     f5e:	f7 01       	movw	r30, r14
     f60:	20 81       	ld	r18, Z
     f62:	31 81       	ldd	r19, Z+1	; 0x01
     f64:	82 0f       	add	r24, r18
     f66:	93 1f       	adc	r25, r19
     f68:	91 83       	std	Z+1, r25	; 0x01
     f6a:	80 83       	st	Z, r24
     f6c:	ed cf       	rjmp	.-38     	; 0xf48 <U8G2::write(unsigned char)+0x68>
     f6e:	f8 01       	movw	r30, r16
     f70:	f7 cf       	rjmp	.-18     	; 0xf60 <U8G2::write(unsigned char)+0x80>
     f72:	f7 01       	movw	r30, r14
     f74:	20 81       	ld	r18, Z
     f76:	31 81       	ldd	r19, Z+1	; 0x01
     f78:	28 1b       	sub	r18, r24
     f7a:	39 0b       	sbc	r19, r25
     f7c:	31 83       	std	Z+1, r19	; 0x01
     f7e:	20 83       	st	Z, r18
     f80:	e3 cf       	rjmp	.-58     	; 0xf48 <U8G2::write(unsigned char)+0x68>
     f82:	f8 01       	movw	r30, r16
     f84:	f7 cf       	rjmp	.-18     	; 0xf74 <U8G2::write(unsigned char)+0x94>

00000f86 <EEPROMClass::write(int, unsigned char) [clone .isra.2]>:
_ZN5EERefaSEh():
     f86:	0c 94 18 3c 	jmp	0x7830	; 0x7830 <eeprom_write_byte>

00000f8a <U8G2::drawStr(unsigned int, unsigned int, char const*)>:
_ZN4U8G27drawStrEjjPKc():
     f8a:	04 96       	adiw	r24, 0x04	; 4
     f8c:	0c 94 98 1b 	jmp	0x3730	; 0x3730 <u8g2_DrawStr>

00000f90 <loadSettings()>:
_ZNK5EERefdeEv():
     f90:	90 e0       	ldi	r25, 0x00	; 0
     f92:	80 e0       	ldi	r24, 0x00	; 0
     f94:	0e 94 10 3c 	call	0x7820	; 0x7820 <eeprom_read_byte>
_Z12loadSettingsv():
     f98:	85 3a       	cpi	r24, 0xA5	; 165
     f9a:	69 f4       	brne	.+26     	; 0xfb6 <loadSettings()+0x26>
_ZNK5EERefdeEv():
     f9c:	81 e0       	ldi	r24, 0x01	; 1
     f9e:	90 e0       	ldi	r25, 0x00	; 0
     fa0:	0e 94 10 3c 	call	0x7820	; 0x7820 <eeprom_read_byte>
_Z12loadSettingsv():
     fa4:	80 93 1b 01 	sts	0x011B, r24	; 0x80011b <penUpAng>
_ZNK5EERefdeEv():
     fa8:	82 e0       	ldi	r24, 0x02	; 2
     faa:	90 e0       	ldi	r25, 0x00	; 0
     fac:	0e 94 10 3c 	call	0x7820	; 0x7820 <eeprom_read_byte>
_Z12loadSettingsv():
     fb0:	80 93 1a 01 	sts	0x011A, r24	; 0x80011a <penDnAng>
     fb4:	08 95       	ret
     fb6:	8a e5       	ldi	r24, 0x5A	; 90
     fb8:	80 93 1b 01 	sts	0x011B, r24	; 0x80011b <penUpAng>
     fbc:	8d e2       	ldi	r24, 0x2D	; 45
     fbe:	80 93 1a 01 	sts	0x011A, r24	; 0x80011a <penDnAng>
     fc2:	65 ea       	ldi	r22, 0xA5	; 165
     fc4:	90 e0       	ldi	r25, 0x00	; 0
     fc6:	80 e0       	ldi	r24, 0x00	; 0
     fc8:	0e 94 c3 07 	call	0xf86	; 0xf86 <EEPROMClass::write(int, unsigned char) [clone .isra.2]>
     fcc:	60 91 1b 01 	lds	r22, 0x011B	; 0x80011b <penUpAng>
     fd0:	81 e0       	ldi	r24, 0x01	; 1
     fd2:	90 e0       	ldi	r25, 0x00	; 0
     fd4:	0e 94 c3 07 	call	0xf86	; 0xf86 <EEPROMClass::write(int, unsigned char) [clone .isra.2]>
     fd8:	60 91 1a 01 	lds	r22, 0x011A	; 0x80011a <penDnAng>
     fdc:	82 e0       	ldi	r24, 0x02	; 2
     fde:	90 e0       	ldi	r25, 0x00	; 0
     fe0:	0c 94 c3 07 	jmp	0xf86	; 0xf86 <EEPROMClass::write(int, unsigned char) [clone .isra.2]>

00000fe4 <saveSettings()>:
_Z12saveSettingsv():
     fe4:	60 91 1b 01 	lds	r22, 0x011B	; 0x80011b <penUpAng>
     fe8:	81 e0       	ldi	r24, 0x01	; 1
     fea:	90 e0       	ldi	r25, 0x00	; 0
     fec:	0e 94 c3 07 	call	0xf86	; 0xf86 <EEPROMClass::write(int, unsigned char) [clone .isra.2]>
     ff0:	60 91 1a 01 	lds	r22, 0x011A	; 0x80011a <penDnAng>
     ff4:	82 e0       	ldi	r24, 0x02	; 2
     ff6:	90 e0       	ldi	r25, 0x00	; 0
     ff8:	0c 94 c3 07 	jmp	0xf86	; 0xf86 <EEPROMClass::write(int, unsigned char) [clone .isra.2]>

00000ffc <doPenUp()>:
_Z7doPenUpv():
     ffc:	60 91 1b 01 	lds	r22, 0x011B	; 0x80011b <penUpAng>
    1000:	70 e0       	ldi	r23, 0x00	; 0
    1002:	8d e1       	ldi	r24, 0x1D	; 29
    1004:	94 e0       	ldi	r25, 0x04	; 4
    1006:	0e 94 f5 28 	call	0x51ea	; 0x51ea <Servo::write(int)>
    100a:	81 e0       	ldi	r24, 0x01	; 1
    100c:	80 93 19 01 	sts	0x0119, r24	; 0x800119 <penIsUp>
    1010:	08 95       	ret

00001012 <doPenDown()>:
_Z9doPenDownv():
    1012:	60 91 1a 01 	lds	r22, 0x011A	; 0x80011a <penDnAng>
    1016:	70 e0       	ldi	r23, 0x00	; 0
    1018:	8d e1       	ldi	r24, 0x1D	; 29
    101a:	94 e0       	ldi	r25, 0x04	; 4
    101c:	0e 94 f5 28 	call	0x51ea	; 0x51ea <Servo::write(int)>
    1020:	10 92 19 01 	sts	0x0119, r1	; 0x800119 <penIsUp>
    1024:	08 95       	ret

00001026 <enX()>:
_Z3enXv():
    1026:	60 e0       	ldi	r22, 0x00	; 0
    1028:	8e e0       	ldi	r24, 0x0E	; 14
    102a:	0c 94 ac 32 	jmp	0x6558	; 0x6558 <digitalWrite>

0000102e <enY()>:
_Z3enYv():
    102e:	60 e0       	ldi	r22, 0x00	; 0
    1030:	8a e1       	ldi	r24, 0x1A	; 26
    1032:	0c 94 ac 32 	jmp	0x6558	; 0x6558 <digitalWrite>

00001036 <disX()>:
_Z4disXv():
    1036:	61 e0       	ldi	r22, 0x01	; 1
    1038:	8e e0       	ldi	r24, 0x0E	; 14
    103a:	0c 94 ac 32 	jmp	0x6558	; 0x6558 <digitalWrite>

0000103e <disY()>:
_Z4disYv():
    103e:	61 e0       	ldi	r22, 0x01	; 1
    1040:	8a e1       	ldi	r24, 0x1A	; 26
    1042:	0c 94 ac 32 	jmp	0x6558	; 0x6558 <digitalWrite>

00001046 <beep(unsigned int, unsigned int)>:
_Z4beepjj():
    1046:	9b 01       	movw	r18, r22
    1048:	50 e0       	ldi	r21, 0x00	; 0
    104a:	40 e0       	ldi	r20, 0x00	; 0
    104c:	bc 01       	movw	r22, r24
    104e:	8b e1       	ldi	r24, 0x1B	; 27
    1050:	0c 94 9a 2d 	jmp	0x5b34	; 0x5b34 <tone(unsigned char, unsigned int, unsigned long)>

00001054 <pollEnc()>:
_Z7pollEncv():
    1054:	cf 92       	push	r12
    1056:	df 92       	push	r13
    1058:	ef 92       	push	r14
    105a:	ff 92       	push	r15
    105c:	0f 93       	push	r16
    105e:	1f 93       	push	r17
    1060:	cf 93       	push	r28
    1062:	8b e0       	ldi	r24, 0x0B	; 11
    1064:	0e 94 da 32 	call	0x65b4	; 0x65b4 <digitalRead>
    1068:	c1 e0       	ldi	r28, 0x01	; 1
    106a:	00 97       	sbiw	r24, 0x00	; 0
    106c:	09 f4       	brne	.+2      	; 0x1070 <pollEnc()+0x1c>
    106e:	c0 e0       	ldi	r28, 0x00	; 0
    1070:	20 91 18 01 	lds	r18, 0x0118	; 0x800118 <encA_last>
    1074:	2c 17       	cp	r18, r28
    1076:	b1 f0       	breq	.+44     	; 0x10a4 <pollEnc()+0x50>
    1078:	89 2b       	or	r24, r25
    107a:	91 f4       	brne	.+36     	; 0x10a0 <pollEnc()+0x4c>
    107c:	8a e0       	ldi	r24, 0x0A	; 10
    107e:	0e 94 da 32 	call	0x65b4	; 0x65b4 <digitalRead>
    1082:	81 30       	cpi	r24, 0x01	; 1
    1084:	91 05       	cpc	r25, r1
    1086:	11 f0       	breq	.+4      	; 0x108c <pollEnc()+0x38>
    1088:	8f ef       	ldi	r24, 0xFF	; 255
    108a:	9f ef       	ldi	r25, 0xFF	; 255
    108c:	20 91 09 04 	lds	r18, 0x0409	; 0x800409 <enc_acc>
    1090:	30 91 0a 04 	lds	r19, 0x040A	; 0x80040a <enc_acc+0x1>
    1094:	82 0f       	add	r24, r18
    1096:	93 1f       	adc	r25, r19
    1098:	90 93 0a 04 	sts	0x040A, r25	; 0x80040a <enc_acc+0x1>
    109c:	80 93 09 04 	sts	0x0409, r24	; 0x800409 <enc_acc>
    10a0:	c0 93 18 01 	sts	0x0118, r28	; 0x800118 <encA_last>
    10a4:	80 e1       	ldi	r24, 0x10	; 16
    10a6:	0e 94 da 32 	call	0x65b4	; 0x65b4 <digitalRead>
    10aa:	8c 01       	movw	r16, r24
    10ac:	c1 e0       	ldi	r28, 0x01	; 1
    10ae:	89 2b       	or	r24, r25
    10b0:	09 f4       	brne	.+2      	; 0x10b4 <pollEnc()+0x60>
    10b2:	c0 e0       	ldi	r28, 0x00	; 0
    10b4:	0e 94 91 31 	call	0x6322	; 0x6322 <millis>
    10b8:	20 91 17 01 	lds	r18, 0x0117	; 0x800117 <btn_last>
    10bc:	2c 17       	cp	r18, r28
    10be:	91 f1       	breq	.+100    	; 0x1124 <pollEnc()+0xd0>
    10c0:	c0 90 0b 04 	lds	r12, 0x040B	; 0x80040b <btn_time>
    10c4:	d0 90 0c 04 	lds	r13, 0x040C	; 0x80040c <btn_time+0x1>
    10c8:	e0 90 0d 04 	lds	r14, 0x040D	; 0x80040d <btn_time+0x2>
    10cc:	f0 90 0e 04 	lds	r15, 0x040E	; 0x80040e <btn_time+0x3>
    10d0:	9b 01       	movw	r18, r22
    10d2:	ac 01       	movw	r20, r24
    10d4:	2c 19       	sub	r18, r12
    10d6:	3d 09       	sbc	r19, r13
    10d8:	4e 09       	sbc	r20, r14
    10da:	5f 09       	sbc	r21, r15
    10dc:	69 01       	movw	r12, r18
    10de:	7a 01       	movw	r14, r20
    10e0:	33 e3       	ldi	r19, 0x33	; 51
    10e2:	c3 16       	cp	r12, r19
    10e4:	d1 04       	cpc	r13, r1
    10e6:	e1 04       	cpc	r14, r1
    10e8:	f1 04       	cpc	r15, r1
    10ea:	e0 f0       	brcs	.+56     	; 0x1124 <pollEnc()+0xd0>
    10ec:	60 93 0b 04 	sts	0x040B, r22	; 0x80040b <btn_time>
    10f0:	70 93 0c 04 	sts	0x040C, r23	; 0x80040c <btn_time+0x1>
    10f4:	80 93 0d 04 	sts	0x040D, r24	; 0x80040d <btn_time+0x2>
    10f8:	90 93 0e 04 	sts	0x040E, r25	; 0x80040e <btn_time+0x3>
    10fc:	c0 93 17 01 	sts	0x0117, r28	; 0x800117 <btn_last>
    1100:	01 2b       	or	r16, r17
    1102:	81 f4       	brne	.+32     	; 0x1124 <pollEnc()+0xd0>
    1104:	81 e0       	ldi	r24, 0x01	; 1
    1106:	80 93 08 04 	sts	0x0408, r24	; 0x800408 <clicked>
    110a:	64 e1       	ldi	r22, 0x14	; 20
    110c:	70 e0       	ldi	r23, 0x00	; 0
    110e:	80 ed       	ldi	r24, 0xD0	; 208
    1110:	97 e0       	ldi	r25, 0x07	; 7
    1112:	cf 91       	pop	r28
    1114:	1f 91       	pop	r17
    1116:	0f 91       	pop	r16
    1118:	ff 90       	pop	r15
    111a:	ef 90       	pop	r14
    111c:	df 90       	pop	r13
    111e:	cf 90       	pop	r12
    1120:	0c 94 23 08 	jmp	0x1046	; 0x1046 <beep(unsigned int, unsigned int)>
    1124:	cf 91       	pop	r28
    1126:	1f 91       	pop	r17
    1128:	0f 91       	pop	r16
    112a:	ff 90       	pop	r15
    112c:	ef 90       	pop	r14
    112e:	df 90       	pop	r13
    1130:	cf 90       	pop	r12
    1132:	08 95       	ret

00001134 <getDelta()>:
_Z8getDeltav():
    1134:	80 91 06 04 	lds	r24, 0x0406	; 0x800406 <getDelta()::rem>
    1138:	90 91 07 04 	lds	r25, 0x0407	; 0x800407 <getDelta()::rem+0x1>
    113c:	20 91 09 04 	lds	r18, 0x0409	; 0x800409 <enc_acc>
    1140:	30 91 0a 04 	lds	r19, 0x040A	; 0x80040a <enc_acc+0x1>
    1144:	28 0f       	add	r18, r24
    1146:	39 1f       	adc	r19, r25
    1148:	10 92 0a 04 	sts	0x040A, r1	; 0x80040a <enc_acc+0x1>
    114c:	10 92 09 04 	sts	0x0409, r1	; 0x800409 <enc_acc>
    1150:	c9 01       	movw	r24, r18
    1152:	62 e0       	ldi	r22, 0x02	; 2
    1154:	70 e0       	ldi	r23, 0x00	; 0
    1156:	0e 94 d1 35 	call	0x6ba2	; 0x6ba2 <__divmodhi4>
    115a:	90 93 07 04 	sts	0x0407, r25	; 0x800407 <getDelta()::rem+0x1>
    115e:	80 93 06 04 	sts	0x0406, r24	; 0x800406 <getDelta()::rem>
    1162:	c9 01       	movw	r24, r18
    1164:	37 fd       	sbrc	r19, 7
    1166:	01 96       	adiw	r24, 0x01	; 1
    1168:	95 95       	asr	r25
    116a:	87 95       	ror	r24
    116c:	08 95       	ret

0000116e <drawHeader(char const*)>:
_Z10drawHeaderPKc():
    116e:	cf 93       	push	r28
    1170:	df 93       	push	r29
    1172:	ec 01       	movw	r28, r24
_ZN4U8G27setFontEPKh():
    1174:	65 e9       	ldi	r22, 0x95	; 149
    1176:	76 e0       	ldi	r23, 0x06	; 6
    1178:	8c ea       	ldi	r24, 0xAC	; 172
    117a:	94 e0       	ldi	r25, 0x04	; 4
    117c:	0e 94 ef 1b 	call	0x37de	; 0x37de <u8g2_SetFont>
_Z10drawHeaderPKc():
    1180:	9e 01       	movw	r18, r28
    1182:	4a e0       	ldi	r20, 0x0A	; 10
    1184:	50 e0       	ldi	r21, 0x00	; 0
    1186:	62 e0       	ldi	r22, 0x02	; 2
    1188:	70 e0       	ldi	r23, 0x00	; 0
    118a:	88 ea       	ldi	r24, 0xA8	; 168
    118c:	94 e0       	ldi	r25, 0x04	; 4
    118e:	0e 94 c5 07 	call	0xf8a	; 0xf8a <U8G2::drawStr(unsigned int, unsigned int, char const*)>
_ZN4U8G29drawHLineEjjj():
    1192:	20 e8       	ldi	r18, 0x80	; 128
    1194:	30 e0       	ldi	r19, 0x00	; 0
    1196:	4d e0       	ldi	r20, 0x0D	; 13
    1198:	50 e0       	ldi	r21, 0x00	; 0
    119a:	70 e0       	ldi	r23, 0x00	; 0
    119c:	60 e0       	ldi	r22, 0x00	; 0
    119e:	8c ea       	ldi	r24, 0xAC	; 172
    11a0:	94 e0       	ldi	r25, 0x04	; 4
_Z10drawHeaderPKc():
    11a2:	df 91       	pop	r29
    11a4:	cf 91       	pop	r28
_ZN4U8G29drawHLineEjjj():
    11a6:	0c 94 ca 1c 	jmp	0x3994	; 0x3994 <u8g2_DrawHLine>

000011aa <drawList(char const**, int, int)>:
_Z8drawListPPKcii():
    11aa:	6f 92       	push	r6
    11ac:	7f 92       	push	r7
    11ae:	8f 92       	push	r8
    11b0:	9f 92       	push	r9
    11b2:	af 92       	push	r10
    11b4:	bf 92       	push	r11
    11b6:	cf 92       	push	r12
    11b8:	df 92       	push	r13
    11ba:	ef 92       	push	r14
    11bc:	ff 92       	push	r15
    11be:	0f 93       	push	r16
    11c0:	1f 93       	push	r17
    11c2:	cf 93       	push	r28
    11c4:	df 93       	push	r29
    11c6:	cd b7       	in	r28, 0x3d	; 61
    11c8:	de b7       	in	r29, 0x3e	; 62
    11ca:	28 97       	sbiw	r28, 0x08	; 8
    11cc:	0f b6       	in	r0, 0x3f	; 63
    11ce:	f8 94       	cli
    11d0:	de bf       	out	0x3e, r29	; 62
    11d2:	0f be       	out	0x3f, r0	; 63
    11d4:	cd bf       	out	0x3d, r28	; 61
    11d6:	3c 01       	movw	r6, r24
    11d8:	5b 01       	movw	r10, r22
    11da:	4a 01       	movw	r8, r20
    11dc:	cb 01       	movw	r24, r22
    11de:	04 97       	sbiw	r24, 0x04	; 4
    11e0:	9e 83       	std	Y+6, r25	; 0x06
    11e2:	8d 83       	std	Y+5, r24	; 0x05
    11e4:	18 86       	std	Y+8, r1	; 0x08
    11e6:	1f 82       	std	Y+7, r1	; 0x07
_Z3maxIiiEDTqultfp0_fp_fp0_fp_ERKT_RKT0_():
    11e8:	fe 01       	movw	r30, r28
    11ea:	18 16       	cp	r1, r24
    11ec:	19 06       	cpc	r1, r25
    11ee:	0c f4       	brge	.+2      	; 0x11f2 <drawList(char const**, int, int)+0x48>
    11f0:	68 c0       	rjmp	.+208    	; 0x12c2 <drawList(char const**, int, int)+0x118>
    11f2:	37 96       	adiw	r30, 0x07	; 7
_Z8drawListPPKcii():
    11f4:	1a 82       	std	Y+2, r1	; 0x02
    11f6:	19 82       	std	Y+1, r1	; 0x01
    11f8:	c4 01       	movw	r24, r8
    11fa:	01 97       	sbiw	r24, 0x01	; 1
    11fc:	9c 83       	std	Y+4, r25	; 0x04
    11fe:	8b 83       	std	Y+3, r24	; 0x03
_Z9constrainIiiiEDTqultfp_fp0_fp0_qugtfp_fp1_fp1_fp_ERKT_RKT0_RKT1_():
    1200:	97 fd       	sbrc	r25, 7
    1202:	61 c0       	rjmp	.+194    	; 0x12c6 <drawList(char const**, int, int)+0x11c>
    1204:	20 81       	ld	r18, Z
    1206:	31 81       	ldd	r19, Z+1	; 0x01
    1208:	28 17       	cp	r18, r24
    120a:	39 07       	cpc	r19, r25
    120c:	14 f0       	brlt	.+4      	; 0x1212 <drawList(char const**, int, int)+0x68>
    120e:	fe 01       	movw	r30, r28
    1210:	33 96       	adiw	r30, 0x03	; 3
_Z8drawListPPKcii():
    1212:	c0 80       	ld	r12, Z
    1214:	d1 80       	ldd	r13, Z+1	; 0x01
_ZN4U8G27setFontEPKh():
    1216:	6e e5       	ldi	r22, 0x5E	; 94
    1218:	7a e0       	ldi	r23, 0x0A	; 10
    121a:	8c ea       	ldi	r24, 0xAC	; 172
    121c:	94 e0       	ldi	r25, 0x04	; 4
    121e:	0e 94 ef 1b 	call	0x37de	; 0x37de <u8g2_SetFont>
    1222:	76 01       	movw	r14, r12
    1224:	c7 01       	movw	r24, r14
    1226:	88 0f       	add	r24, r24
    1228:	99 1f       	adc	r25, r25
    122a:	68 0e       	add	r6, r24
    122c:	79 1e       	adc	r7, r25
    122e:	39 e1       	ldi	r19, 0x19	; 25
    1230:	c3 2e       	mov	r12, r19
    1232:	d1 2c       	mov	r13, r1
_Z8drawListPPKcii():
    1234:	ea 14       	cp	r14, r10
    1236:	fb 04       	cpc	r15, r11
    1238:	7c f5       	brge	.+94     	; 0x1298 <drawList(char const**, int, int)+0xee>
    123a:	8e 14       	cp	r8, r14
    123c:	9f 04       	cpc	r9, r15
    123e:	91 f4       	brne	.+36     	; 0x1264 <drawList(char const**, int, int)+0xba>
_ZN4U8G27drawBoxEjjjj():
    1240:	0c e0       	ldi	r16, 0x0C	; 12
    1242:	10 e0       	ldi	r17, 0x00	; 0
    1244:	20 e8       	ldi	r18, 0x80	; 128
    1246:	30 e0       	ldi	r19, 0x00	; 0
    1248:	a6 01       	movw	r20, r12
    124a:	49 50       	subi	r20, 0x09	; 9
    124c:	51 09       	sbc	r21, r1
    124e:	70 e0       	ldi	r23, 0x00	; 0
    1250:	60 e0       	ldi	r22, 0x00	; 0
    1252:	8c ea       	ldi	r24, 0xAC	; 172
    1254:	94 e0       	ldi	r25, 0x04	; 4
    1256:	0e 94 31 16 	call	0x2c62	; 0x2c62 <u8g2_DrawBox>
_ZN4U8G212setDrawColorEh():
    125a:	60 e0       	ldi	r22, 0x00	; 0
    125c:	8c ea       	ldi	r24, 0xAC	; 172
    125e:	94 e0       	ldi	r25, 0x04	; 4
    1260:	0e 94 d0 1c 	call	0x39a0	; 0x39a0 <u8g2_SetDrawColor>
_Z8drawListPPKcii():
    1264:	f3 01       	movw	r30, r6
    1266:	21 91       	ld	r18, Z+
    1268:	31 91       	ld	r19, Z+
    126a:	3f 01       	movw	r6, r30
    126c:	a6 01       	movw	r20, r12
    126e:	64 e0       	ldi	r22, 0x04	; 4
    1270:	70 e0       	ldi	r23, 0x00	; 0
    1272:	88 ea       	ldi	r24, 0xA8	; 168
    1274:	94 e0       	ldi	r25, 0x04	; 4
    1276:	0e 94 c5 07 	call	0xf8a	; 0xf8a <U8G2::drawStr(unsigned int, unsigned int, char const*)>
_ZN4U8G212setDrawColorEh():
    127a:	61 e0       	ldi	r22, 0x01	; 1
    127c:	8c ea       	ldi	r24, 0xAC	; 172
    127e:	94 e0       	ldi	r25, 0x04	; 4
    1280:	0e 94 d0 1c 	call	0x39a0	; 0x39a0 <u8g2_SetDrawColor>
    1284:	ff ef       	ldi	r31, 0xFF	; 255
    1286:	ef 1a       	sub	r14, r31
    1288:	ff 0a       	sbc	r15, r31
    128a:	8c e0       	ldi	r24, 0x0C	; 12
    128c:	c8 0e       	add	r12, r24
    128e:	d1 1c       	adc	r13, r1
_Z8drawListPPKcii():
    1290:	e9 e4       	ldi	r30, 0x49	; 73
    1292:	ce 16       	cp	r12, r30
    1294:	d1 04       	cpc	r13, r1
    1296:	71 f6       	brne	.-100    	; 0x1234 <drawList(char const**, int, int)+0x8a>
    1298:	28 96       	adiw	r28, 0x08	; 8
    129a:	0f b6       	in	r0, 0x3f	; 63
    129c:	f8 94       	cli
    129e:	de bf       	out	0x3e, r29	; 62
    12a0:	0f be       	out	0x3f, r0	; 63
    12a2:	cd bf       	out	0x3d, r28	; 61
    12a4:	df 91       	pop	r29
    12a6:	cf 91       	pop	r28
    12a8:	1f 91       	pop	r17
    12aa:	0f 91       	pop	r16
    12ac:	ff 90       	pop	r15
    12ae:	ef 90       	pop	r14
    12b0:	df 90       	pop	r13
    12b2:	cf 90       	pop	r12
    12b4:	bf 90       	pop	r11
    12b6:	af 90       	pop	r10
    12b8:	9f 90       	pop	r9
    12ba:	8f 90       	pop	r8
    12bc:	7f 90       	pop	r7
    12be:	6f 90       	pop	r6
    12c0:	08 95       	ret
_Z3maxIiiEDTqultfp0_fp_fp0_fp_ERKT_RKT0_():
    12c2:	35 96       	adiw	r30, 0x05	; 5
    12c4:	97 cf       	rjmp	.-210    	; 0x11f4 <drawList(char const**, int, int)+0x4a>
_Z9constrainIiiiEDTqultfp_fp0_fp0_qugtfp_fp1_fp1_fp_ERKT_RKT0_RKT1_():
    12c6:	fe 01       	movw	r30, r28
    12c8:	31 96       	adiw	r30, 0x01	; 1
    12ca:	a3 cf       	rjmp	.-186    	; 0x1212 <drawList(char const**, int, int)+0x68>

000012cc <drawBar(int, int, int, int, int, int)>:
_Z7drawBariiiiii():
    12cc:	2f 92       	push	r2
    12ce:	3f 92       	push	r3
    12d0:	4f 92       	push	r4
    12d2:	5f 92       	push	r5
    12d4:	6f 92       	push	r6
    12d6:	7f 92       	push	r7
    12d8:	8f 92       	push	r8
    12da:	9f 92       	push	r9
    12dc:	af 92       	push	r10
    12de:	bf 92       	push	r11
    12e0:	cf 92       	push	r12
    12e2:	df 92       	push	r13
    12e4:	ef 92       	push	r14
    12e6:	ff 92       	push	r15
    12e8:	0f 93       	push	r16
    12ea:	1f 93       	push	r17
    12ec:	cf 93       	push	r28
    12ee:	df 93       	push	r29
    12f0:	6c 01       	movw	r12, r24
    12f2:	5b 01       	movw	r10, r22
    12f4:	ea 01       	movw	r28, r20
    12f6:	39 01       	movw	r6, r18
    12f8:	48 01       	movw	r8, r16
_ZN4U8G29drawFrameEjjjj():
    12fa:	89 01       	movw	r16, r18
    12fc:	9a 01       	movw	r18, r20
    12fe:	ab 01       	movw	r20, r22
    1300:	bc 01       	movw	r22, r24
    1302:	8c ea       	ldi	r24, 0xAC	; 172
    1304:	94 e0       	ldi	r25, 0x04	; 4
    1306:	0e 94 65 16 	call	0x2cca	; 0x2cca <u8g2_DrawFrame>
_Z7drawBariiiiii():
    130a:	22 97       	sbiw	r28, 0x02	; 2
    130c:	b4 01       	movw	r22, r8
    130e:	99 0c       	add	r9, r9
    1310:	88 0b       	sbc	r24, r24
    1312:	99 0b       	sbc	r25, r25
    1314:	0e 94 1f 34 	call	0x683e	; 0x683e <__floatsisf>
    1318:	1b 01       	movw	r2, r22
    131a:	2c 01       	movw	r4, r24
    131c:	b7 01       	movw	r22, r14
    131e:	ff 0c       	add	r15, r15
    1320:	88 0b       	sbc	r24, r24
    1322:	99 0b       	sbc	r25, r25
    1324:	0e 94 1f 34 	call	0x683e	; 0x683e <__floatsisf>
    1328:	9b 01       	movw	r18, r22
    132a:	ac 01       	movw	r20, r24
    132c:	c2 01       	movw	r24, r4
    132e:	b1 01       	movw	r22, r2
    1330:	0e 94 75 33 	call	0x66ea	; 0x66ea <__divsf3>
    1334:	1b 01       	movw	r2, r22
    1336:	2c 01       	movw	r4, r24
    1338:	be 01       	movw	r22, r28
    133a:	0d 2e       	mov	r0, r29
    133c:	00 0c       	add	r0, r0
    133e:	88 0b       	sbc	r24, r24
    1340:	99 0b       	sbc	r25, r25
    1342:	0e 94 1f 34 	call	0x683e	; 0x683e <__floatsisf>
    1346:	9b 01       	movw	r18, r22
    1348:	ac 01       	movw	r20, r24
    134a:	c2 01       	movw	r24, r4
    134c:	b1 01       	movw	r22, r2
    134e:	0e 94 d4 34 	call	0x69a8	; 0x69a8 <__mulsf3>
    1352:	0e 94 e7 33 	call	0x67ce	; 0x67ce <__fixsfsi>
_Z9constrainIiiiEDTqultfp_fp0_fp0_qugtfp_fp1_fp1_fp_ERKT_RKT0_RKT1_():
    1356:	77 fd       	sbrc	r23, 7
    1358:	15 c0       	rjmp	.+42     	; 0x1384 <drawBar(int, int, int, int, int, int)+0xb8>
    135a:	9e 01       	movw	r18, r28
    135c:	6c 17       	cp	r22, r28
    135e:	7d 07       	cpc	r23, r29
    1360:	0c f4       	brge	.+2      	; 0x1364 <drawBar(int, int, int, int, int, int)+0x98>
    1362:	9b 01       	movw	r18, r22
_Z7drawBariiiiii():
    1364:	12 16       	cp	r1, r18
    1366:	13 06       	cpc	r1, r19
    1368:	6c f4       	brge	.+26     	; 0x1384 <drawBar(int, int, int, int, int, int)+0xb8>
    136a:	83 01       	movw	r16, r6
    136c:	02 50       	subi	r16, 0x02	; 2
    136e:	11 09       	sbc	r17, r1
    1370:	a5 01       	movw	r20, r10
    1372:	4f 5f       	subi	r20, 0xFF	; 255
    1374:	5f 4f       	sbci	r21, 0xFF	; 255
    1376:	b6 01       	movw	r22, r12
    1378:	6f 5f       	subi	r22, 0xFF	; 255
    137a:	7f 4f       	sbci	r23, 0xFF	; 255
_ZN4U8G27drawBoxEjjjj():
    137c:	8c ea       	ldi	r24, 0xAC	; 172
    137e:	94 e0       	ldi	r25, 0x04	; 4
    1380:	0e 94 31 16 	call	0x2c62	; 0x2c62 <u8g2_DrawBox>
_Z7drawBariiiiii():
    1384:	df 91       	pop	r29
    1386:	cf 91       	pop	r28
    1388:	1f 91       	pop	r17
    138a:	0f 91       	pop	r16
    138c:	ff 90       	pop	r15
    138e:	ef 90       	pop	r14
    1390:	df 90       	pop	r13
    1392:	cf 90       	pop	r12
    1394:	bf 90       	pop	r11
    1396:	af 90       	pop	r10
    1398:	9f 90       	pop	r9
    139a:	8f 90       	pop	r8
    139c:	7f 90       	pop	r7
    139e:	6f 90       	pop	r6
    13a0:	5f 90       	pop	r5
    13a2:	4f 90       	pop	r4
    13a4:	3f 90       	pop	r3
    13a6:	2f 90       	pop	r2
    13a8:	08 95       	ret

000013aa <drawMain()>:
_Z8drawMainv():
    13aa:	0f 93       	push	r16
    13ac:	1f 93       	push	r17
    13ae:	cf 93       	push	r28
    13b0:	df 93       	push	r29
    13b2:	cd b7       	in	r28, 0x3d	; 61
    13b4:	de b7       	in	r29, 0x3e	; 62
    13b6:	68 97       	sbiw	r28, 0x18	; 24
    13b8:	0f b6       	in	r0, 0x3f	; 63
    13ba:	f8 94       	cli
    13bc:	de bf       	out	0x3e, r29	; 62
    13be:	0f be       	out	0x3f, r0	; 63
    13c0:	cd bf       	out	0x3d, r28	; 61
_ZN4U8G211clearBufferEv():
    13c2:	8c ea       	ldi	r24, 0xAC	; 172
    13c4:	94 e0       	ldi	r25, 0x04	; 4
    13c6:	0e 94 fb 16 	call	0x2df6	; 0x2df6 <u8g2_ClearBuffer>
_Z8drawMainv():
    13ca:	81 e2       	ldi	r24, 0x21	; 33
    13cc:	91 e0       	ldi	r25, 0x01	; 1
    13ce:	0e 94 b7 08 	call	0x116e	; 0x116e <drawHeader(char const*)>
    13d2:	40 91 1a 04 	lds	r20, 0x041A	; 0x80041a <cursor>
    13d6:	04 2e       	mov	r0, r20
    13d8:	00 0c       	add	r0, r0
    13da:	55 0b       	sbc	r21, r21
    13dc:	63 e0       	ldi	r22, 0x03	; 3
    13de:	70 e0       	ldi	r23, 0x00	; 0
    13e0:	81 e1       	ldi	r24, 0x11	; 17
    13e2:	91 e0       	ldi	r25, 0x01	; 1
    13e4:	0e 94 d5 08 	call	0x11aa	; 0x11aa <drawList(char const**, int, int)>
_ZN4U8G27setFontEPKh():
    13e8:	6e e5       	ldi	r22, 0x5E	; 94
    13ea:	7a e0       	ldi	r23, 0x0A	; 10
    13ec:	8c ea       	ldi	r24, 0xAC	; 172
    13ee:	94 e0       	ldi	r25, 0x04	; 4
    13f0:	0e 94 ef 1b 	call	0x37de	; 0x37de <u8g2_SetFont>
_Z8drawMainv():
    13f4:	80 91 19 01 	lds	r24, 0x0119	; 0x800119 <penIsUp>
    13f8:	81 11       	cpse	r24, r1
    13fa:	47 c0       	rjmp	.+142    	; 0x148a <drawMain()+0xe0>
    13fc:	8e e1       	ldi	r24, 0x1E	; 30
    13fe:	91 e0       	ldi	r25, 0x01	; 1
    1400:	9f 93       	push	r25
    1402:	8f 93       	push	r24
    1404:	80 91 15 04 	lds	r24, 0x0415	; 0x800415 <posY+0x3>
    1408:	8f 93       	push	r24
    140a:	80 91 14 04 	lds	r24, 0x0414	; 0x800414 <posY+0x2>
    140e:	8f 93       	push	r24
    1410:	80 91 13 04 	lds	r24, 0x0413	; 0x800413 <posY+0x1>
    1414:	8f 93       	push	r24
    1416:	80 91 12 04 	lds	r24, 0x0412	; 0x800412 <posY>
    141a:	8f 93       	push	r24
    141c:	80 91 19 04 	lds	r24, 0x0419	; 0x800419 <posX+0x3>
    1420:	8f 93       	push	r24
    1422:	80 91 18 04 	lds	r24, 0x0418	; 0x800418 <posX+0x2>
    1426:	8f 93       	push	r24
    1428:	80 91 17 04 	lds	r24, 0x0417	; 0x800417 <posX+0x1>
    142c:	8f 93       	push	r24
    142e:	80 91 16 04 	lds	r24, 0x0416	; 0x800416 <posX>
    1432:	8f 93       	push	r24
    1434:	8d e2       	ldi	r24, 0x2D	; 45
    1436:	91 e0       	ldi	r25, 0x01	; 1
    1438:	9f 93       	push	r25
    143a:	8f 93       	push	r24
    143c:	1f 92       	push	r1
    143e:	88 e1       	ldi	r24, 0x18	; 24
    1440:	8f 93       	push	r24
    1442:	8e 01       	movw	r16, r28
    1444:	0f 5f       	subi	r16, 0xFF	; 255
    1446:	1f 4f       	sbci	r17, 0xFF	; 255
    1448:	1f 93       	push	r17
    144a:	0f 93       	push	r16
    144c:	0e 94 aa 37 	call	0x6f54	; 0x6f54 <snprintf>
    1450:	98 01       	movw	r18, r16
    1452:	4f e3       	ldi	r20, 0x3F	; 63
    1454:	50 e0       	ldi	r21, 0x00	; 0
    1456:	70 e0       	ldi	r23, 0x00	; 0
    1458:	60 e0       	ldi	r22, 0x00	; 0
    145a:	88 ea       	ldi	r24, 0xA8	; 168
    145c:	94 e0       	ldi	r25, 0x04	; 4
    145e:	0e 94 c5 07 	call	0xf8a	; 0xf8a <U8G2::drawStr(unsigned int, unsigned int, char const*)>
_ZN4U8G210sendBufferEv():
    1462:	8c ea       	ldi	r24, 0xAC	; 172
    1464:	94 e0       	ldi	r25, 0x04	; 4
    1466:	0e 94 10 17 	call	0x2e20	; 0x2e20 <u8g2_SendBuffer>
_Z8drawMainv():
    146a:	0f b6       	in	r0, 0x3f	; 63
    146c:	f8 94       	cli
    146e:	de bf       	out	0x3e, r29	; 62
    1470:	0f be       	out	0x3f, r0	; 63
    1472:	cd bf       	out	0x3d, r28	; 61
    1474:	68 96       	adiw	r28, 0x18	; 24
    1476:	0f b6       	in	r0, 0x3f	; 63
    1478:	f8 94       	cli
    147a:	de bf       	out	0x3e, r29	; 62
    147c:	0f be       	out	0x3f, r0	; 63
    147e:	cd bf       	out	0x3d, r28	; 61
    1480:	df 91       	pop	r29
    1482:	cf 91       	pop	r28
    1484:	1f 91       	pop	r17
    1486:	0f 91       	pop	r16
    1488:	08 95       	ret
    148a:	8b e4       	ldi	r24, 0x4B	; 75
    148c:	92 e0       	ldi	r25, 0x02	; 2
    148e:	b8 cf       	rjmp	.-144    	; 0x1400 <drawMain()+0x56>

00001490 <drawManual()>:
_Z10drawManualv():
    1490:	af 92       	push	r10
    1492:	bf 92       	push	r11
    1494:	cf 92       	push	r12
    1496:	df 92       	push	r13
    1498:	ef 92       	push	r14
    149a:	ff 92       	push	r15
    149c:	0f 93       	push	r16
    149e:	1f 93       	push	r17
    14a0:	cf 93       	push	r28
    14a2:	df 93       	push	r29
    14a4:	cd b7       	in	r28, 0x3d	; 61
    14a6:	de b7       	in	r29, 0x3e	; 62
    14a8:	6c 97       	sbiw	r28, 0x1c	; 28
    14aa:	0f b6       	in	r0, 0x3f	; 63
    14ac:	f8 94       	cli
    14ae:	de bf       	out	0x3e, r29	; 62
    14b0:	0f be       	out	0x3f, r0	; 63
    14b2:	cd bf       	out	0x3d, r28	; 61
_ZN4U8G211clearBufferEv():
    14b4:	8c ea       	ldi	r24, 0xAC	; 172
    14b6:	94 e0       	ldi	r25, 0x04	; 4
    14b8:	0e 94 fb 16 	call	0x2df6	; 0x2df6 <u8g2_ClearBuffer>
_Z10drawManualv():
    14bc:	8c e4       	ldi	r24, 0x4C	; 76
    14be:	91 e0       	ldi	r25, 0x01	; 1
    14c0:	0e 94 b7 08 	call	0x116e	; 0x116e <drawHeader(char const*)>
_ZN4U8G27setFontEPKh():
    14c4:	6e e5       	ldi	r22, 0x5E	; 94
    14c6:	7a e0       	ldi	r23, 0x0A	; 10
    14c8:	8c ea       	ldi	r24, 0xAC	; 172
    14ca:	94 e0       	ldi	r25, 0x04	; 4
    14cc:	0e 94 ef 1b 	call	0x37de	; 0x37de <u8g2_SetFont>
_Z10drawManualv():
    14d0:	80 91 15 04 	lds	r24, 0x0415	; 0x800415 <posY+0x3>
    14d4:	8f 93       	push	r24
    14d6:	80 91 14 04 	lds	r24, 0x0414	; 0x800414 <posY+0x2>
    14da:	8f 93       	push	r24
    14dc:	80 91 13 04 	lds	r24, 0x0413	; 0x800413 <posY+0x1>
    14e0:	8f 93       	push	r24
    14e2:	80 91 12 04 	lds	r24, 0x0412	; 0x800412 <posY>
    14e6:	8f 93       	push	r24
    14e8:	80 91 19 04 	lds	r24, 0x0419	; 0x800419 <posX+0x3>
    14ec:	8f 93       	push	r24
    14ee:	80 91 18 04 	lds	r24, 0x0418	; 0x800418 <posX+0x2>
    14f2:	8f 93       	push	r24
    14f4:	80 91 17 04 	lds	r24, 0x0417	; 0x800417 <posX+0x1>
    14f8:	8f 93       	push	r24
    14fa:	80 91 16 04 	lds	r24, 0x0416	; 0x800416 <posX>
    14fe:	8f 93       	push	r24
    1500:	88 e5       	ldi	r24, 0x58	; 88
    1502:	91 e0       	ldi	r25, 0x01	; 1
    1504:	9f 93       	push	r25
    1506:	8f 93       	push	r24
    1508:	1f 92       	push	r1
    150a:	8c e1       	ldi	r24, 0x1C	; 28
    150c:	8f 93       	push	r24
    150e:	8e 01       	movw	r16, r28
    1510:	0f 5f       	subi	r16, 0xFF	; 255
    1512:	1f 4f       	sbci	r17, 0xFF	; 255
    1514:	1f 93       	push	r17
    1516:	0f 93       	push	r16
    1518:	0e 94 aa 37 	call	0x6f54	; 0x6f54 <snprintf>
    151c:	98 01       	movw	r18, r16
    151e:	48 e1       	ldi	r20, 0x18	; 24
    1520:	50 e0       	ldi	r21, 0x00	; 0
    1522:	62 e0       	ldi	r22, 0x02	; 2
    1524:	70 e0       	ldi	r23, 0x00	; 0
    1526:	88 ea       	ldi	r24, 0xA8	; 168
    1528:	94 e0       	ldi	r25, 0x04	; 4
    152a:	0e 94 c5 07 	call	0xf8a	; 0xf8a <U8G2::drawStr(unsigned int, unsigned int, char const*)>
_ZN4U8G29drawHLineEjjj():
    152e:	20 e8       	ldi	r18, 0x80	; 128
    1530:	30 e0       	ldi	r19, 0x00	; 0
    1532:	4a e1       	ldi	r20, 0x1A	; 26
    1534:	50 e0       	ldi	r21, 0x00	; 0
    1536:	70 e0       	ldi	r23, 0x00	; 0
    1538:	60 e0       	ldi	r22, 0x00	; 0
    153a:	8c ea       	ldi	r24, 0xAC	; 172
    153c:	94 e0       	ldi	r25, 0x04	; 4
    153e:	0e 94 ca 1c 	call	0x3994	; 0x3994 <u8g2_DrawHLine>
_Z10drawManualv():
    1542:	e0 90 1a 04 	lds	r14, 0x041A	; 0x80041a <cursor>
    1546:	0e 2c       	mov	r0, r14
    1548:	00 0c       	add	r0, r0
    154a:	ff 08       	sbc	r15, r15
    154c:	21 e0       	ldi	r18, 0x01	; 1
    154e:	e2 1a       	sub	r14, r18
    1550:	f1 08       	sbc	r15, r1
    1552:	0f b6       	in	r0, 0x3f	; 63
    1554:	f8 94       	cli
    1556:	de bf       	out	0x3e, r29	; 62
    1558:	0f be       	out	0x3f, r0	; 63
    155a:	cd bf       	out	0x3d, r28	; 61
    155c:	93 e0       	ldi	r25, 0x03	; 3
    155e:	e9 16       	cp	r14, r25
    1560:	f1 04       	cpc	r15, r1
    1562:	1c f0       	brlt	.+6      	; 0x156a <drawManual()+0xda>
    1564:	42 e0       	ldi	r20, 0x02	; 2
    1566:	e4 2e       	mov	r14, r20
    1568:	f1 2c       	mov	r15, r1
    156a:	f7 fe       	sbrs	r15, 7
    156c:	02 c0       	rjmp	.+4      	; 0x1572 <drawManual()+0xe2>
    156e:	f1 2c       	mov	r15, r1
    1570:	e1 2c       	mov	r14, r1
_ZN4U8G27setFontEPKh():
    1572:	6e e5       	ldi	r22, 0x5E	; 94
    1574:	7a e0       	ldi	r23, 0x0A	; 10
    1576:	8c ea       	ldi	r24, 0xAC	; 172
    1578:	94 e0       	ldi	r25, 0x04	; 4
    157a:	0e 94 ef 1b 	call	0x37de	; 0x37de <u8g2_SetFont>
    157e:	c7 01       	movw	r24, r14
    1580:	88 0f       	add	r24, r24
    1582:	99 1f       	adc	r25, r25
    1584:	fc 01       	movw	r30, r24
    1586:	e9 5f       	subi	r30, 0xF9	; 249
    1588:	fe 4f       	sbci	r31, 0xFE	; 254
    158a:	5f 01       	movw	r10, r30
    158c:	35 e2       	ldi	r19, 0x25	; 37
    158e:	c3 2e       	mov	r12, r19
    1590:	d1 2c       	mov	r13, r1
_Z10drawManualv():
    1592:	80 91 1a 04 	lds	r24, 0x041A	; 0x80041a <cursor>
    1596:	08 2e       	mov	r0, r24
    1598:	00 0c       	add	r0, r0
    159a:	99 0b       	sbc	r25, r25
    159c:	e8 16       	cp	r14, r24
    159e:	f9 06       	cpc	r15, r25
    15a0:	91 f4       	brne	.+36     	; 0x15c6 <drawManual()+0x136>
_ZN4U8G27drawBoxEjjjj():
    15a2:	0c e0       	ldi	r16, 0x0C	; 12
    15a4:	10 e0       	ldi	r17, 0x00	; 0
    15a6:	20 e8       	ldi	r18, 0x80	; 128
    15a8:	30 e0       	ldi	r19, 0x00	; 0
    15aa:	a6 01       	movw	r20, r12
    15ac:	49 50       	subi	r20, 0x09	; 9
    15ae:	51 09       	sbc	r21, r1
    15b0:	70 e0       	ldi	r23, 0x00	; 0
    15b2:	60 e0       	ldi	r22, 0x00	; 0
    15b4:	8c ea       	ldi	r24, 0xAC	; 172
    15b6:	94 e0       	ldi	r25, 0x04	; 4
    15b8:	0e 94 31 16 	call	0x2c62	; 0x2c62 <u8g2_DrawBox>
_ZN4U8G212setDrawColorEh():
    15bc:	60 e0       	ldi	r22, 0x00	; 0
    15be:	8c ea       	ldi	r24, 0xAC	; 172
    15c0:	94 e0       	ldi	r25, 0x04	; 4
    15c2:	0e 94 d0 1c 	call	0x39a0	; 0x39a0 <u8g2_SetDrawColor>
_Z10drawManualv():
    15c6:	f5 01       	movw	r30, r10
    15c8:	21 91       	ld	r18, Z+
    15ca:	31 91       	ld	r19, Z+
    15cc:	5f 01       	movw	r10, r30
    15ce:	a6 01       	movw	r20, r12
    15d0:	64 e0       	ldi	r22, 0x04	; 4
    15d2:	70 e0       	ldi	r23, 0x00	; 0
    15d4:	88 ea       	ldi	r24, 0xA8	; 168
    15d6:	94 e0       	ldi	r25, 0x04	; 4
    15d8:	0e 94 c5 07 	call	0xf8a	; 0xf8a <U8G2::drawStr(unsigned int, unsigned int, char const*)>
    15dc:	c7 01       	movw	r24, r14
    15de:	02 97       	sbiw	r24, 0x02	; 2
    15e0:	02 97       	sbiw	r24, 0x02	; 2
    15e2:	78 f4       	brcc	.+30     	; 0x1602 <drawManual()+0x172>
    15e4:	80 91 19 01 	lds	r24, 0x0119	; 0x800119 <penIsUp>
    15e8:	27 e4       	ldi	r18, 0x47	; 71
    15ea:	31 e0       	ldi	r19, 0x01	; 1
    15ec:	88 23       	and	r24, r24
    15ee:	11 f0       	breq	.+4      	; 0x15f4 <drawManual()+0x164>
    15f0:	22 e4       	ldi	r18, 0x42	; 66
    15f2:	31 e0       	ldi	r19, 0x01	; 1
    15f4:	a6 01       	movw	r20, r12
    15f6:	64 e6       	ldi	r22, 0x64	; 100
    15f8:	70 e0       	ldi	r23, 0x00	; 0
    15fa:	88 ea       	ldi	r24, 0xA8	; 168
    15fc:	94 e0       	ldi	r25, 0x04	; 4
    15fe:	0e 94 c5 07 	call	0xf8a	; 0xf8a <U8G2::drawStr(unsigned int, unsigned int, char const*)>
_ZN4U8G212setDrawColorEh():
    1602:	61 e0       	ldi	r22, 0x01	; 1
    1604:	8c ea       	ldi	r24, 0xAC	; 172
    1606:	94 e0       	ldi	r25, 0x04	; 4
    1608:	0e 94 d0 1c 	call	0x39a0	; 0x39a0 <u8g2_SetDrawColor>
    160c:	ff ef       	ldi	r31, 0xFF	; 255
    160e:	ef 1a       	sub	r14, r31
    1610:	ff 0a       	sbc	r15, r31
    1612:	2c e0       	ldi	r18, 0x0C	; 12
    1614:	c2 0e       	add	r12, r18
    1616:	d1 1c       	adc	r13, r1
_Z10drawManualv():
    1618:	39 e4       	ldi	r19, 0x49	; 73
    161a:	c3 16       	cp	r12, r19
    161c:	d1 04       	cpc	r13, r1
    161e:	09 f0       	breq	.+2      	; 0x1622 <drawManual()+0x192>
    1620:	b8 cf       	rjmp	.-144    	; 0x1592 <drawManual()+0x102>
_ZN4U8G210sendBufferEv():
    1622:	8c ea       	ldi	r24, 0xAC	; 172
    1624:	94 e0       	ldi	r25, 0x04	; 4
    1626:	0e 94 10 17 	call	0x2e20	; 0x2e20 <u8g2_SendBuffer>
_Z10drawManualv():
    162a:	6c 96       	adiw	r28, 0x1c	; 28
    162c:	0f b6       	in	r0, 0x3f	; 63
    162e:	f8 94       	cli
    1630:	de bf       	out	0x3e, r29	; 62
    1632:	0f be       	out	0x3f, r0	; 63
    1634:	cd bf       	out	0x3d, r28	; 61
    1636:	df 91       	pop	r29
    1638:	cf 91       	pop	r28
    163a:	1f 91       	pop	r17
    163c:	0f 91       	pop	r16
    163e:	ff 90       	pop	r15
    1640:	ef 90       	pop	r14
    1642:	df 90       	pop	r13
    1644:	cf 90       	pop	r12
    1646:	bf 90       	pop	r11
    1648:	af 90       	pop	r10
    164a:	08 95       	ret

0000164c <drawJog(bool)>:
_Z7drawJogb():
    164c:	ef 92       	push	r14
    164e:	ff 92       	push	r15
    1650:	1f 93       	push	r17
    1652:	cf 93       	push	r28
    1654:	df 93       	push	r29
    1656:	cd b7       	in	r28, 0x3d	; 61
    1658:	de b7       	in	r29, 0x3e	; 62
    165a:	60 97       	sbiw	r28, 0x10	; 16
    165c:	0f b6       	in	r0, 0x3f	; 63
    165e:	f8 94       	cli
    1660:	de bf       	out	0x3e, r29	; 62
    1662:	0f be       	out	0x3f, r0	; 63
    1664:	cd bf       	out	0x3d, r28	; 61
    1666:	18 2f       	mov	r17, r24
_ZN4U8G211clearBufferEv():
    1668:	8c ea       	ldi	r24, 0xAC	; 172
    166a:	94 e0       	ldi	r25, 0x04	; 4
    166c:	0e 94 fb 16 	call	0x2df6	; 0x2df6 <u8g2_ClearBuffer>
_Z7drawJogb():
    1670:	8a e7       	ldi	r24, 0x7A	; 122
    1672:	91 e0       	ldi	r25, 0x01	; 1
    1674:	11 23       	and	r17, r17
    1676:	11 f0       	breq	.+4      	; 0x167c <drawJog(bool)+0x30>
    1678:	8d e6       	ldi	r24, 0x6D	; 109
    167a:	91 e0       	ldi	r25, 0x01	; 1
    167c:	0e 94 b7 08 	call	0x116e	; 0x116e <drawHeader(char const*)>
    1680:	11 23       	and	r17, r17
    1682:	09 f4       	brne	.+2      	; 0x1686 <drawJog(bool)+0x3a>
    1684:	73 c0       	rjmp	.+230    	; 0x176c <drawJog(bool)+0x120>
    1686:	80 91 16 04 	lds	r24, 0x0416	; 0x800416 <posX>
    168a:	90 91 17 04 	lds	r25, 0x0417	; 0x800417 <posX+0x1>
    168e:	20 91 18 04 	lds	r18, 0x0418	; 0x800418 <posX+0x2>
    1692:	30 91 19 04 	lds	r19, 0x0419	; 0x800419 <posX+0x3>
    1696:	3f 93       	push	r19
    1698:	2f 93       	push	r18
    169a:	9f 93       	push	r25
    169c:	8f 93       	push	r24
    169e:	83 e9       	ldi	r24, 0x93	; 147
    16a0:	91 e0       	ldi	r25, 0x01	; 1
    16a2:	9f 93       	push	r25
    16a4:	8f 93       	push	r24
    16a6:	1f 92       	push	r1
    16a8:	80 e1       	ldi	r24, 0x10	; 16
    16aa:	8f 93       	push	r24
    16ac:	ce 01       	movw	r24, r28
    16ae:	01 96       	adiw	r24, 0x01	; 1
    16b0:	7c 01       	movw	r14, r24
    16b2:	9f 93       	push	r25
    16b4:	8f 93       	push	r24
    16b6:	0e 94 aa 37 	call	0x6f54	; 0x6f54 <snprintf>
_ZN4U8G27setFontEPKh():
    16ba:	61 e2       	ldi	r22, 0x21	; 33
    16bc:	71 e0       	ldi	r23, 0x01	; 1
    16be:	8c ea       	ldi	r24, 0xAC	; 172
    16c0:	94 e0       	ldi	r25, 0x04	; 4
    16c2:	0e 94 ef 1b 	call	0x37de	; 0x37de <u8g2_SetFont>
_ZN4U8G211getStrWidthEPKc():
    16c6:	b7 01       	movw	r22, r14
    16c8:	8c ea       	ldi	r24, 0xAC	; 172
    16ca:	94 e0       	ldi	r25, 0x04	; 4
    16cc:	0e 94 08 1c 	call	0x3810	; 0x3810 <u8g2_GetStrWidth>
_Z7drawJogb():
    16d0:	60 e8       	ldi	r22, 0x80	; 128
    16d2:	70 e0       	ldi	r23, 0x00	; 0
    16d4:	68 1b       	sub	r22, r24
    16d6:	79 0b       	sbc	r23, r25
    16d8:	77 ff       	sbrs	r23, 7
    16da:	02 c0       	rjmp	.+4      	; 0x16e0 <drawJog(bool)+0x94>
    16dc:	6f 5f       	subi	r22, 0xFF	; 255
    16de:	7f 4f       	sbci	r23, 0xFF	; 255
    16e0:	75 95       	asr	r23
    16e2:	67 95       	ror	r22
    16e4:	97 01       	movw	r18, r14
    16e6:	48 e2       	ldi	r20, 0x28	; 40
    16e8:	50 e0       	ldi	r21, 0x00	; 0
    16ea:	88 ea       	ldi	r24, 0xA8	; 168
    16ec:	94 e0       	ldi	r25, 0x04	; 4
    16ee:	0e 94 c5 07 	call	0xf8a	; 0xf8a <U8G2::drawStr(unsigned int, unsigned int, char const*)>
_ZN4U8G27setFontEPKh():
    16f2:	6e e5       	ldi	r22, 0x5E	; 94
    16f4:	7a e0       	ldi	r23, 0x0A	; 10
    16f6:	8c ea       	ldi	r24, 0xAC	; 172
    16f8:	94 e0       	ldi	r25, 0x04	; 4
    16fa:	0e 94 ef 1b 	call	0x37de	; 0x37de <u8g2_SetFont>
_Z7drawJogb():
    16fe:	0f b6       	in	r0, 0x3f	; 63
    1700:	f8 94       	cli
    1702:	de bf       	out	0x3e, r29	; 62
    1704:	0f be       	out	0x3f, r0	; 63
    1706:	cd bf       	out	0x3d, r28	; 61
    1708:	2d e8       	ldi	r18, 0x8D	; 141
    170a:	31 e0       	ldi	r19, 0x01	; 1
    170c:	11 23       	and	r17, r17
    170e:	11 f0       	breq	.+4      	; 0x1714 <drawJog(bool)+0xc8>
    1710:	27 e8       	ldi	r18, 0x87	; 135
    1712:	31 e0       	ldi	r19, 0x01	; 1
    1714:	4b e0       	ldi	r20, 0x0B	; 11
    1716:	50 e0       	ldi	r21, 0x00	; 0
    1718:	6a e5       	ldi	r22, 0x5A	; 90
    171a:	70 e0       	ldi	r23, 0x00	; 0
    171c:	88 ea       	ldi	r24, 0xA8	; 168
    171e:	94 e0       	ldi	r25, 0x04	; 4
    1720:	0e 94 c5 07 	call	0xf8a	; 0xf8a <U8G2::drawStr(unsigned int, unsigned int, char const*)>
_ZN4U8G29drawHLineEjjj():
    1724:	20 e8       	ldi	r18, 0x80	; 128
    1726:	30 e0       	ldi	r19, 0x00	; 0
    1728:	42 e3       	ldi	r20, 0x32	; 50
    172a:	50 e0       	ldi	r21, 0x00	; 0
    172c:	70 e0       	ldi	r23, 0x00	; 0
    172e:	60 e0       	ldi	r22, 0x00	; 0
    1730:	8c ea       	ldi	r24, 0xAC	; 172
    1732:	94 e0       	ldi	r25, 0x04	; 4
    1734:	0e 94 ca 1c 	call	0x3994	; 0x3994 <u8g2_DrawHLine>
_Z7drawJogb():
    1738:	2c e9       	ldi	r18, 0x9C	; 156
    173a:	31 e0       	ldi	r19, 0x01	; 1
    173c:	4e e3       	ldi	r20, 0x3E	; 62
    173e:	50 e0       	ldi	r21, 0x00	; 0
    1740:	62 e0       	ldi	r22, 0x02	; 2
    1742:	70 e0       	ldi	r23, 0x00	; 0
    1744:	88 ea       	ldi	r24, 0xA8	; 168
    1746:	94 e0       	ldi	r25, 0x04	; 4
    1748:	0e 94 c5 07 	call	0xf8a	; 0xf8a <U8G2::drawStr(unsigned int, unsigned int, char const*)>
_ZN4U8G210sendBufferEv():
    174c:	8c ea       	ldi	r24, 0xAC	; 172
    174e:	94 e0       	ldi	r25, 0x04	; 4
    1750:	0e 94 10 17 	call	0x2e20	; 0x2e20 <u8g2_SendBuffer>
_Z7drawJogb():
    1754:	60 96       	adiw	r28, 0x10	; 16
    1756:	0f b6       	in	r0, 0x3f	; 63
    1758:	f8 94       	cli
    175a:	de bf       	out	0x3e, r29	; 62
    175c:	0f be       	out	0x3f, r0	; 63
    175e:	cd bf       	out	0x3d, r28	; 61
    1760:	df 91       	pop	r29
    1762:	cf 91       	pop	r28
    1764:	1f 91       	pop	r17
    1766:	ff 90       	pop	r15
    1768:	ef 90       	pop	r14
    176a:	08 95       	ret
    176c:	80 91 12 04 	lds	r24, 0x0412	; 0x800412 <posY>
    1770:	90 91 13 04 	lds	r25, 0x0413	; 0x800413 <posY+0x1>
    1774:	20 91 14 04 	lds	r18, 0x0414	; 0x800414 <posY+0x2>
    1778:	30 91 15 04 	lds	r19, 0x0415	; 0x800415 <posY+0x3>
    177c:	8c cf       	rjmp	.-232    	; 0x1696 <drawJog(bool)+0x4a>

0000177e <drawPenHeights()>:
_Z14drawPenHeightsv():
    177e:	cf 92       	push	r12
    1780:	df 92       	push	r13
    1782:	ef 92       	push	r14
    1784:	ff 92       	push	r15
    1786:	0f 93       	push	r16
    1788:	1f 93       	push	r17
    178a:	cf 93       	push	r28
    178c:	df 93       	push	r29
    178e:	cd b7       	in	r28, 0x3d	; 61
    1790:	de b7       	in	r29, 0x3e	; 62
    1792:	28 97       	sbiw	r28, 0x08	; 8
    1794:	0f b6       	in	r0, 0x3f	; 63
    1796:	f8 94       	cli
    1798:	de bf       	out	0x3e, r29	; 62
    179a:	0f be       	out	0x3f, r0	; 63
    179c:	cd bf       	out	0x3d, r28	; 61
_ZN4U8G211clearBufferEv():
    179e:	8c ea       	ldi	r24, 0xAC	; 172
    17a0:	94 e0       	ldi	r25, 0x04	; 4
    17a2:	0e 94 fb 16 	call	0x2df6	; 0x2df6 <u8g2_ClearBuffer>
_Z14drawPenHeightsv():
    17a6:	83 eb       	ldi	r24, 0xB3	; 179
    17a8:	91 e0       	ldi	r25, 0x01	; 1
    17aa:	0e 94 b7 08 	call	0x116e	; 0x116e <drawHeader(char const*)>
_ZN4U8G27setFontEPKh():
    17ae:	6e e5       	ldi	r22, 0x5E	; 94
    17b0:	7a e0       	ldi	r23, 0x0A	; 10
    17b2:	8c ea       	ldi	r24, 0xAC	; 172
    17b4:	94 e0       	ldi	r25, 0x04	; 4
    17b6:	0e 94 ef 1b 	call	0x37de	; 0x37de <u8g2_SetFont>
_Z14drawPenHeightsv():
    17ba:	80 91 1a 04 	lds	r24, 0x041A	; 0x80041a <cursor>
    17be:	81 11       	cpse	r24, r1
    17c0:	11 c0       	rjmp	.+34     	; 0x17e4 <drawPenHeights()+0x66>
_ZN4U8G27drawBoxEjjjj():
    17c2:	0c e0       	ldi	r16, 0x0C	; 12
    17c4:	10 e0       	ldi	r17, 0x00	; 0
    17c6:	20 e8       	ldi	r18, 0x80	; 128
    17c8:	30 e0       	ldi	r19, 0x00	; 0
    17ca:	4f e0       	ldi	r20, 0x0F	; 15
    17cc:	50 e0       	ldi	r21, 0x00	; 0
    17ce:	70 e0       	ldi	r23, 0x00	; 0
    17d0:	60 e0       	ldi	r22, 0x00	; 0
    17d2:	8c ea       	ldi	r24, 0xAC	; 172
    17d4:	94 e0       	ldi	r25, 0x04	; 4
    17d6:	0e 94 31 16 	call	0x2c62	; 0x2c62 <u8g2_DrawBox>
_ZN4U8G212setDrawColorEh():
    17da:	60 e0       	ldi	r22, 0x00	; 0
    17dc:	8c ea       	ldi	r24, 0xAC	; 172
    17de:	94 e0       	ldi	r25, 0x04	; 4
    17e0:	0e 94 d0 1c 	call	0x39a0	; 0x39a0 <u8g2_SetDrawColor>
_Z14drawPenHeightsv():
    17e4:	20 eb       	ldi	r18, 0xB0	; 176
    17e6:	32 e0       	ldi	r19, 0x02	; 2
    17e8:	48 e1       	ldi	r20, 0x18	; 24
    17ea:	50 e0       	ldi	r21, 0x00	; 0
    17ec:	64 e0       	ldi	r22, 0x04	; 4
    17ee:	70 e0       	ldi	r23, 0x00	; 0
    17f0:	88 ea       	ldi	r24, 0xA8	; 168
    17f2:	94 e0       	ldi	r25, 0x04	; 4
    17f4:	0e 94 c5 07 	call	0xf8a	; 0xf8a <U8G2::drawStr(unsigned int, unsigned int, char const*)>
    17f8:	80 91 1b 01 	lds	r24, 0x011B	; 0x80011b <penUpAng>
    17fc:	1f 92       	push	r1
    17fe:	8f 93       	push	r24
    1800:	8f eb       	ldi	r24, 0xBF	; 191
    1802:	91 e0       	ldi	r25, 0x01	; 1
    1804:	9f 93       	push	r25
    1806:	8f 93       	push	r24
    1808:	1f 92       	push	r1
    180a:	88 e0       	ldi	r24, 0x08	; 8
    180c:	8f 93       	push	r24
    180e:	ce 01       	movw	r24, r28
    1810:	01 96       	adiw	r24, 0x01	; 1
    1812:	6c 01       	movw	r12, r24
    1814:	9f 93       	push	r25
    1816:	8f 93       	push	r24
    1818:	0e 94 aa 37 	call	0x6f54	; 0x6f54 <snprintf>
    181c:	96 01       	movw	r18, r12
    181e:	48 e1       	ldi	r20, 0x18	; 24
    1820:	50 e0       	ldi	r21, 0x00	; 0
    1822:	68 e4       	ldi	r22, 0x48	; 72
    1824:	70 e0       	ldi	r23, 0x00	; 0
    1826:	88 ea       	ldi	r24, 0xA8	; 168
    1828:	94 e0       	ldi	r25, 0x04	; 4
    182a:	0e 94 c5 07 	call	0xf8a	; 0xf8a <U8G2::drawStr(unsigned int, unsigned int, char const*)>
    182e:	00 91 1b 01 	lds	r16, 0x011B	; 0x80011b <penUpAng>
    1832:	10 e0       	ldi	r17, 0x00	; 0
    1834:	94 eb       	ldi	r25, 0xB4	; 180
    1836:	e9 2e       	mov	r14, r25
    1838:	f1 2c       	mov	r15, r1
    183a:	28 e0       	ldi	r18, 0x08	; 8
    183c:	30 e0       	ldi	r19, 0x00	; 0
    183e:	48 e2       	ldi	r20, 0x28	; 40
    1840:	50 e0       	ldi	r21, 0x00	; 0
    1842:	60 e1       	ldi	r22, 0x10	; 16
    1844:	70 e0       	ldi	r23, 0x00	; 0
    1846:	84 e5       	ldi	r24, 0x54	; 84
    1848:	90 e0       	ldi	r25, 0x00	; 0
    184a:	0e 94 66 09 	call	0x12cc	; 0x12cc <drawBar(int, int, int, int, int, int)>
_ZN4U8G212setDrawColorEh():
    184e:	61 e0       	ldi	r22, 0x01	; 1
    1850:	8c ea       	ldi	r24, 0xAC	; 172
    1852:	94 e0       	ldi	r25, 0x04	; 4
    1854:	0e 94 d0 1c 	call	0x39a0	; 0x39a0 <u8g2_SetDrawColor>
_Z14drawPenHeightsv():
    1858:	0f b6       	in	r0, 0x3f	; 63
    185a:	f8 94       	cli
    185c:	de bf       	out	0x3e, r29	; 62
    185e:	0f be       	out	0x3f, r0	; 63
    1860:	cd bf       	out	0x3d, r28	; 61
    1862:	80 91 1a 04 	lds	r24, 0x041A	; 0x80041a <cursor>
    1866:	81 30       	cpi	r24, 0x01	; 1
    1868:	89 f4       	brne	.+34     	; 0x188c <drawPenHeights()+0x10e>
_ZN4U8G27drawBoxEjjjj():
    186a:	0c e0       	ldi	r16, 0x0C	; 12
    186c:	10 e0       	ldi	r17, 0x00	; 0
    186e:	20 e8       	ldi	r18, 0x80	; 128
    1870:	30 e0       	ldi	r19, 0x00	; 0
    1872:	4c e1       	ldi	r20, 0x1C	; 28
    1874:	50 e0       	ldi	r21, 0x00	; 0
    1876:	70 e0       	ldi	r23, 0x00	; 0
    1878:	60 e0       	ldi	r22, 0x00	; 0
    187a:	8c ea       	ldi	r24, 0xAC	; 172
    187c:	94 e0       	ldi	r25, 0x04	; 4
    187e:	0e 94 31 16 	call	0x2c62	; 0x2c62 <u8g2_DrawBox>
_ZN4U8G212setDrawColorEh():
    1882:	60 e0       	ldi	r22, 0x00	; 0
    1884:	8c ea       	ldi	r24, 0xAC	; 172
    1886:	94 e0       	ldi	r25, 0x04	; 4
    1888:	0e 94 d0 1c 	call	0x39a0	; 0x39a0 <u8g2_SetDrawColor>
_Z14drawPenHeightsv():
    188c:	2e eb       	ldi	r18, 0xBE	; 190
    188e:	32 e0       	ldi	r19, 0x02	; 2
    1890:	45 e2       	ldi	r20, 0x25	; 37
    1892:	50 e0       	ldi	r21, 0x00	; 0
    1894:	64 e0       	ldi	r22, 0x04	; 4
    1896:	70 e0       	ldi	r23, 0x00	; 0
    1898:	88 ea       	ldi	r24, 0xA8	; 168
    189a:	94 e0       	ldi	r25, 0x04	; 4
    189c:	0e 94 c5 07 	call	0xf8a	; 0xf8a <U8G2::drawStr(unsigned int, unsigned int, char const*)>
    18a0:	80 91 1a 01 	lds	r24, 0x011A	; 0x80011a <penDnAng>
    18a4:	1f 92       	push	r1
    18a6:	8f 93       	push	r24
    18a8:	8f eb       	ldi	r24, 0xBF	; 191
    18aa:	91 e0       	ldi	r25, 0x01	; 1
    18ac:	9f 93       	push	r25
    18ae:	8f 93       	push	r24
    18b0:	1f 92       	push	r1
    18b2:	88 e0       	ldi	r24, 0x08	; 8
    18b4:	8f 93       	push	r24
    18b6:	df 92       	push	r13
    18b8:	cf 92       	push	r12
    18ba:	0e 94 aa 37 	call	0x6f54	; 0x6f54 <snprintf>
    18be:	96 01       	movw	r18, r12
    18c0:	45 e2       	ldi	r20, 0x25	; 37
    18c2:	50 e0       	ldi	r21, 0x00	; 0
    18c4:	68 e4       	ldi	r22, 0x48	; 72
    18c6:	70 e0       	ldi	r23, 0x00	; 0
    18c8:	88 ea       	ldi	r24, 0xA8	; 168
    18ca:	94 e0       	ldi	r25, 0x04	; 4
    18cc:	0e 94 c5 07 	call	0xf8a	; 0xf8a <U8G2::drawStr(unsigned int, unsigned int, char const*)>
    18d0:	00 91 1a 01 	lds	r16, 0x011A	; 0x80011a <penDnAng>
    18d4:	10 e0       	ldi	r17, 0x00	; 0
    18d6:	84 eb       	ldi	r24, 0xB4	; 180
    18d8:	e8 2e       	mov	r14, r24
    18da:	f1 2c       	mov	r15, r1
    18dc:	28 e0       	ldi	r18, 0x08	; 8
    18de:	30 e0       	ldi	r19, 0x00	; 0
    18e0:	48 e2       	ldi	r20, 0x28	; 40
    18e2:	50 e0       	ldi	r21, 0x00	; 0
    18e4:	6d e1       	ldi	r22, 0x1D	; 29
    18e6:	70 e0       	ldi	r23, 0x00	; 0
    18e8:	84 e5       	ldi	r24, 0x54	; 84
    18ea:	90 e0       	ldi	r25, 0x00	; 0
    18ec:	0e 94 66 09 	call	0x12cc	; 0x12cc <drawBar(int, int, int, int, int, int)>
_ZN4U8G212setDrawColorEh():
    18f0:	61 e0       	ldi	r22, 0x01	; 1
    18f2:	8c ea       	ldi	r24, 0xAC	; 172
    18f4:	94 e0       	ldi	r25, 0x04	; 4
    18f6:	0e 94 d0 1c 	call	0x39a0	; 0x39a0 <u8g2_SetDrawColor>
_Z14drawPenHeightsv():
    18fa:	0f b6       	in	r0, 0x3f	; 63
    18fc:	f8 94       	cli
    18fe:	de bf       	out	0x3e, r29	; 62
    1900:	0f be       	out	0x3f, r0	; 63
    1902:	cd bf       	out	0x3d, r28	; 61
    1904:	80 91 1a 04 	lds	r24, 0x041A	; 0x80041a <cursor>
    1908:	82 30       	cpi	r24, 0x02	; 2
    190a:	89 f4       	brne	.+34     	; 0x192e <drawPenHeights()+0x1b0>
_ZN4U8G27drawBoxEjjjj():
    190c:	0c e0       	ldi	r16, 0x0C	; 12
    190e:	10 e0       	ldi	r17, 0x00	; 0
    1910:	20 e8       	ldi	r18, 0x80	; 128
    1912:	30 e0       	ldi	r19, 0x00	; 0
    1914:	49 e2       	ldi	r20, 0x29	; 41
    1916:	50 e0       	ldi	r21, 0x00	; 0
    1918:	70 e0       	ldi	r23, 0x00	; 0
    191a:	60 e0       	ldi	r22, 0x00	; 0
    191c:	8c ea       	ldi	r24, 0xAC	; 172
    191e:	94 e0       	ldi	r25, 0x04	; 4
    1920:	0e 94 31 16 	call	0x2c62	; 0x2c62 <u8g2_DrawBox>
_ZN4U8G212setDrawColorEh():
    1924:	60 e0       	ldi	r22, 0x00	; 0
    1926:	8c ea       	ldi	r24, 0xAC	; 172
    1928:	94 e0       	ldi	r25, 0x04	; 4
    192a:	0e 94 d0 1c 	call	0x39a0	; 0x39a0 <u8g2_SetDrawColor>
_Z14drawPenHeightsv():
    192e:	23 ec       	ldi	r18, 0xC3	; 195
    1930:	31 e0       	ldi	r19, 0x01	; 1
    1932:	42 e3       	ldi	r20, 0x32	; 50
    1934:	50 e0       	ldi	r21, 0x00	; 0
    1936:	64 e0       	ldi	r22, 0x04	; 4
    1938:	70 e0       	ldi	r23, 0x00	; 0
    193a:	88 ea       	ldi	r24, 0xA8	; 168
    193c:	94 e0       	ldi	r25, 0x04	; 4
    193e:	0e 94 c5 07 	call	0xf8a	; 0xf8a <U8G2::drawStr(unsigned int, unsigned int, char const*)>
    1942:	80 91 19 01 	lds	r24, 0x0119	; 0x800119 <penIsUp>
    1946:	2e e1       	ldi	r18, 0x1E	; 30
    1948:	31 e0       	ldi	r19, 0x01	; 1
    194a:	88 23       	and	r24, r24
    194c:	11 f0       	breq	.+4      	; 0x1952 <drawPenHeights()+0x1d4>
    194e:	2b e4       	ldi	r18, 0x4B	; 75
    1950:	32 e0       	ldi	r19, 0x02	; 2
    1952:	42 e3       	ldi	r20, 0x32	; 50
    1954:	50 e0       	ldi	r21, 0x00	; 0
    1956:	6a e5       	ldi	r22, 0x5A	; 90
    1958:	70 e0       	ldi	r23, 0x00	; 0
    195a:	88 ea       	ldi	r24, 0xA8	; 168
    195c:	94 e0       	ldi	r25, 0x04	; 4
    195e:	0e 94 c5 07 	call	0xf8a	; 0xf8a <U8G2::drawStr(unsigned int, unsigned int, char const*)>
_ZN4U8G212setDrawColorEh():
    1962:	61 e0       	ldi	r22, 0x01	; 1
    1964:	8c ea       	ldi	r24, 0xAC	; 172
    1966:	94 e0       	ldi	r25, 0x04	; 4
    1968:	0e 94 d0 1c 	call	0x39a0	; 0x39a0 <u8g2_SetDrawColor>
_Z14drawPenHeightsv():
    196c:	80 91 1a 04 	lds	r24, 0x041A	; 0x80041a <cursor>
    1970:	83 30       	cpi	r24, 0x03	; 3
    1972:	89 f4       	brne	.+34     	; 0x1996 <drawPenHeights()+0x218>
_ZN4U8G27drawBoxEjjjj():
    1974:	0a e0       	ldi	r16, 0x0A	; 10
    1976:	10 e0       	ldi	r17, 0x00	; 0
    1978:	20 e8       	ldi	r18, 0x80	; 128
    197a:	30 e0       	ldi	r19, 0x00	; 0
    197c:	46 e3       	ldi	r20, 0x36	; 54
    197e:	50 e0       	ldi	r21, 0x00	; 0
    1980:	70 e0       	ldi	r23, 0x00	; 0
    1982:	60 e0       	ldi	r22, 0x00	; 0
    1984:	8c ea       	ldi	r24, 0xAC	; 172
    1986:	94 e0       	ldi	r25, 0x04	; 4
    1988:	0e 94 31 16 	call	0x2c62	; 0x2c62 <u8g2_DrawBox>
_ZN4U8G212setDrawColorEh():
    198c:	60 e0       	ldi	r22, 0x00	; 0
    198e:	8c ea       	ldi	r24, 0xAC	; 172
    1990:	94 e0       	ldi	r25, 0x04	; 4
    1992:	0e 94 d0 1c 	call	0x39a0	; 0x39a0 <u8g2_SetDrawColor>
_Z14drawPenHeightsv():
    1996:	2c ec       	ldi	r18, 0xCC	; 204
    1998:	31 e0       	ldi	r19, 0x01	; 1
    199a:	4e e3       	ldi	r20, 0x3E	; 62
    199c:	50 e0       	ldi	r21, 0x00	; 0
    199e:	64 e0       	ldi	r22, 0x04	; 4
    19a0:	70 e0       	ldi	r23, 0x00	; 0
    19a2:	88 ea       	ldi	r24, 0xA8	; 168
    19a4:	94 e0       	ldi	r25, 0x04	; 4
    19a6:	0e 94 c5 07 	call	0xf8a	; 0xf8a <U8G2::drawStr(unsigned int, unsigned int, char const*)>
_ZN4U8G212setDrawColorEh():
    19aa:	61 e0       	ldi	r22, 0x01	; 1
    19ac:	8c ea       	ldi	r24, 0xAC	; 172
    19ae:	94 e0       	ldi	r25, 0x04	; 4
    19b0:	0e 94 d0 1c 	call	0x39a0	; 0x39a0 <u8g2_SetDrawColor>
_ZN4U8G210sendBufferEv():
    19b4:	8c ea       	ldi	r24, 0xAC	; 172
    19b6:	94 e0       	ldi	r25, 0x04	; 4
    19b8:	0e 94 10 17 	call	0x2e20	; 0x2e20 <u8g2_SendBuffer>
_Z14drawPenHeightsv():
    19bc:	28 96       	adiw	r28, 0x08	; 8
    19be:	0f b6       	in	r0, 0x3f	; 63
    19c0:	f8 94       	cli
    19c2:	de bf       	out	0x3e, r29	; 62
    19c4:	0f be       	out	0x3f, r0	; 63
    19c6:	cd bf       	out	0x3d, r28	; 61
    19c8:	df 91       	pop	r29
    19ca:	cf 91       	pop	r28
    19cc:	1f 91       	pop	r17
    19ce:	0f 91       	pop	r16
    19d0:	ff 90       	pop	r15
    19d2:	ef 90       	pop	r14
    19d4:	df 90       	pop	r13
    19d6:	cf 90       	pop	r12
    19d8:	08 95       	ret

000019da <drawEditAngle()>:
_Z13drawEditAnglev():
    19da:	ef 92       	push	r14
    19dc:	ff 92       	push	r15
    19de:	0f 93       	push	r16
    19e0:	1f 93       	push	r17
    19e2:	cf 93       	push	r28
    19e4:	df 93       	push	r29
    19e6:	cd b7       	in	r28, 0x3d	; 61
    19e8:	de b7       	in	r29, 0x3e	; 62
    19ea:	28 97       	sbiw	r28, 0x08	; 8
    19ec:	0f b6       	in	r0, 0x3f	; 63
    19ee:	f8 94       	cli
    19f0:	de bf       	out	0x3e, r29	; 62
    19f2:	0f be       	out	0x3f, r0	; 63
    19f4:	cd bf       	out	0x3d, r28	; 61
_ZN4U8G211clearBufferEv():
    19f6:	8c ea       	ldi	r24, 0xAC	; 172
    19f8:	94 e0       	ldi	r25, 0x04	; 4
    19fa:	0e 94 fb 16 	call	0x2df6	; 0x2df6 <u8g2_ClearBuffer>
_Z13drawEditAnglev():
    19fe:	80 91 11 04 	lds	r24, 0x0411	; 0x800411 <editIdx>
    1a02:	88 23       	and	r24, r24
    1a04:	09 f4       	brne	.+2      	; 0x1a08 <drawEditAngle()+0x2e>
    1a06:	8f c0       	rjmp	.+286    	; 0x1b26 <drawEditAngle()+0x14c>
    1a08:	81 ee       	ldi	r24, 0xE1	; 225
    1a0a:	91 e0       	ldi	r25, 0x01	; 1
    1a0c:	0e 94 b7 08 	call	0x116e	; 0x116e <drawHeader(char const*)>
    1a10:	80 91 10 04 	lds	r24, 0x0410	; 0x800410 <editVal+0x1>
    1a14:	8f 93       	push	r24
    1a16:	80 91 0f 04 	lds	r24, 0x040F	; 0x80040f <editVal>
    1a1a:	8f 93       	push	r24
    1a1c:	81 ef       	ldi	r24, 0xF1	; 241
    1a1e:	91 e0       	ldi	r25, 0x01	; 1
    1a20:	9f 93       	push	r25
    1a22:	8f 93       	push	r24
    1a24:	1f 92       	push	r1
    1a26:	88 e0       	ldi	r24, 0x08	; 8
    1a28:	8f 93       	push	r24
    1a2a:	ce 01       	movw	r24, r28
    1a2c:	01 96       	adiw	r24, 0x01	; 1
    1a2e:	7c 01       	movw	r14, r24
    1a30:	9f 93       	push	r25
    1a32:	8f 93       	push	r24
    1a34:	0e 94 aa 37 	call	0x6f54	; 0x6f54 <snprintf>
_ZN4U8G27setFontEPKh():
    1a38:	61 e2       	ldi	r22, 0x21	; 33
    1a3a:	71 e0       	ldi	r23, 0x01	; 1
    1a3c:	8c ea       	ldi	r24, 0xAC	; 172
    1a3e:	94 e0       	ldi	r25, 0x04	; 4
    1a40:	0e 94 ef 1b 	call	0x37de	; 0x37de <u8g2_SetFont>
_ZN4U8G211getStrWidthEPKc():
    1a44:	b7 01       	movw	r22, r14
    1a46:	8c ea       	ldi	r24, 0xAC	; 172
    1a48:	94 e0       	ldi	r25, 0x04	; 4
    1a4a:	0e 94 08 1c 	call	0x3810	; 0x3810 <u8g2_GetStrWidth>
    1a4e:	8c 01       	movw	r16, r24
_Z13drawEditAnglev():
    1a50:	60 e8       	ldi	r22, 0x80	; 128
    1a52:	70 e0       	ldi	r23, 0x00	; 0
    1a54:	68 1b       	sub	r22, r24
    1a56:	79 0b       	sbc	r23, r25
    1a58:	77 ff       	sbrs	r23, 7
    1a5a:	02 c0       	rjmp	.+4      	; 0x1a60 <drawEditAngle()+0x86>
    1a5c:	6f 5f       	subi	r22, 0xFF	; 255
    1a5e:	7f 4f       	sbci	r23, 0xFF	; 255
    1a60:	75 95       	asr	r23
    1a62:	67 95       	ror	r22
    1a64:	97 01       	movw	r18, r14
    1a66:	48 e2       	ldi	r20, 0x28	; 40
    1a68:	50 e0       	ldi	r21, 0x00	; 0
    1a6a:	88 ea       	ldi	r24, 0xA8	; 168
    1a6c:	94 e0       	ldi	r25, 0x04	; 4
    1a6e:	0e 94 c5 07 	call	0xf8a	; 0xf8a <U8G2::drawStr(unsigned int, unsigned int, char const*)>
_ZN4U8G27setFontEPKh():
    1a72:	65 e9       	ldi	r22, 0x95	; 149
    1a74:	76 e0       	ldi	r23, 0x06	; 6
    1a76:	8c ea       	ldi	r24, 0xAC	; 172
    1a78:	94 e0       	ldi	r25, 0x04	; 4
    1a7a:	0e 94 ef 1b 	call	0x37de	; 0x37de <u8g2_SetFont>
_Z13drawEditAnglev():
    1a7e:	b8 01       	movw	r22, r16
    1a80:	60 58       	subi	r22, 0x80	; 128
    1a82:	7f 4f       	sbci	r23, 0xFF	; 255
    1a84:	77 ff       	sbrs	r23, 7
    1a86:	02 c0       	rjmp	.+4      	; 0x1a8c <drawEditAngle()+0xb2>
    1a88:	6f 5f       	subi	r22, 0xFF	; 255
    1a8a:	7f 4f       	sbci	r23, 0xFF	; 255
    1a8c:	75 95       	asr	r23
    1a8e:	67 95       	ror	r22
    1a90:	6e 5f       	subi	r22, 0xFE	; 254
    1a92:	7f 4f       	sbci	r23, 0xFF	; 255
    1a94:	24 ef       	ldi	r18, 0xF4	; 244
    1a96:	31 e0       	ldi	r19, 0x01	; 1
    1a98:	48 e2       	ldi	r20, 0x28	; 40
    1a9a:	50 e0       	ldi	r21, 0x00	; 0
    1a9c:	88 ea       	ldi	r24, 0xA8	; 168
    1a9e:	94 e0       	ldi	r25, 0x04	; 4
    1aa0:	0e 94 c5 07 	call	0xf8a	; 0xf8a <U8G2::drawStr(unsigned int, unsigned int, char const*)>
    1aa4:	00 91 0f 04 	lds	r16, 0x040F	; 0x80040f <editVal>
    1aa8:	10 91 10 04 	lds	r17, 0x0410	; 0x800410 <editVal+0x1>
    1aac:	94 eb       	ldi	r25, 0xB4	; 180
    1aae:	e9 2e       	mov	r14, r25
    1ab0:	f1 2c       	mov	r15, r1
    1ab2:	28 e0       	ldi	r18, 0x08	; 8
    1ab4:	30 e0       	ldi	r19, 0x00	; 0
    1ab6:	48 e7       	ldi	r20, 0x78	; 120
    1ab8:	50 e0       	ldi	r21, 0x00	; 0
    1aba:	6c e2       	ldi	r22, 0x2C	; 44
    1abc:	70 e0       	ldi	r23, 0x00	; 0
    1abe:	84 e0       	ldi	r24, 0x04	; 4
    1ac0:	90 e0       	ldi	r25, 0x00	; 0
    1ac2:	0e 94 66 09 	call	0x12cc	; 0x12cc <drawBar(int, int, int, int, int, int)>
_ZN4U8G27setFontEPKh():
    1ac6:	6e e5       	ldi	r22, 0x5E	; 94
    1ac8:	7a e0       	ldi	r23, 0x0A	; 10
    1aca:	8c ea       	ldi	r24, 0xAC	; 172
    1acc:	94 e0       	ldi	r25, 0x04	; 4
    1ace:	0e 94 ef 1b 	call	0x37de	; 0x37de <u8g2_SetFont>
_ZN4U8G29drawHLineEjjj():
    1ad2:	20 e8       	ldi	r18, 0x80	; 128
    1ad4:	30 e0       	ldi	r19, 0x00	; 0
    1ad6:	46 e3       	ldi	r20, 0x36	; 54
    1ad8:	50 e0       	ldi	r21, 0x00	; 0
    1ada:	70 e0       	ldi	r23, 0x00	; 0
    1adc:	60 e0       	ldi	r22, 0x00	; 0
    1ade:	8c ea       	ldi	r24, 0xAC	; 172
    1ae0:	94 e0       	ldi	r25, 0x04	; 4
    1ae2:	0e 94 ca 1c 	call	0x3994	; 0x3994 <u8g2_DrawHLine>
_Z13drawEditAnglev():
    1ae6:	28 ef       	ldi	r18, 0xF8	; 248
    1ae8:	31 e0       	ldi	r19, 0x01	; 1
    1aea:	4f e3       	ldi	r20, 0x3F	; 63
    1aec:	50 e0       	ldi	r21, 0x00	; 0
    1aee:	62 e0       	ldi	r22, 0x02	; 2
    1af0:	70 e0       	ldi	r23, 0x00	; 0
    1af2:	88 ea       	ldi	r24, 0xA8	; 168
    1af4:	94 e0       	ldi	r25, 0x04	; 4
    1af6:	0e 94 c5 07 	call	0xf8a	; 0xf8a <U8G2::drawStr(unsigned int, unsigned int, char const*)>
_ZN4U8G210sendBufferEv():
    1afa:	8c ea       	ldi	r24, 0xAC	; 172
    1afc:	94 e0       	ldi	r25, 0x04	; 4
    1afe:	0e 94 10 17 	call	0x2e20	; 0x2e20 <u8g2_SendBuffer>
_Z13drawEditAnglev():
    1b02:	0f b6       	in	r0, 0x3f	; 63
    1b04:	f8 94       	cli
    1b06:	de bf       	out	0x3e, r29	; 62
    1b08:	0f be       	out	0x3f, r0	; 63
    1b0a:	cd bf       	out	0x3d, r28	; 61
    1b0c:	28 96       	adiw	r28, 0x08	; 8
    1b0e:	0f b6       	in	r0, 0x3f	; 63
    1b10:	f8 94       	cli
    1b12:	de bf       	out	0x3e, r29	; 62
    1b14:	0f be       	out	0x3f, r0	; 63
    1b16:	cd bf       	out	0x3d, r28	; 61
    1b18:	df 91       	pop	r29
    1b1a:	cf 91       	pop	r28
    1b1c:	1f 91       	pop	r17
    1b1e:	0f 91       	pop	r16
    1b20:	ff 90       	pop	r15
    1b22:	ef 90       	pop	r14
    1b24:	08 95       	ret
    1b26:	83 ed       	ldi	r24, 0xD3	; 211
    1b28:	91 e0       	ldi	r25, 0x01	; 1
    1b2a:	70 cf       	rjmp	.-288    	; 0x1a0c <drawEditAngle()+0x32>

00001b2c <drawAbout()>:
_ZN4U8G211clearBufferEv():
    1b2c:	8c ea       	ldi	r24, 0xAC	; 172
    1b2e:	94 e0       	ldi	r25, 0x04	; 4
    1b30:	0e 94 fb 16 	call	0x2df6	; 0x2df6 <u8g2_ClearBuffer>
_ZN4U8G27setFontEPKh():
    1b34:	65 e9       	ldi	r22, 0x95	; 149
    1b36:	76 e0       	ldi	r23, 0x06	; 6
    1b38:	8c ea       	ldi	r24, 0xAC	; 172
    1b3a:	94 e0       	ldi	r25, 0x04	; 4
    1b3c:	0e 94 ef 1b 	call	0x37de	; 0x37de <u8g2_SetFont>
_ZN4U8G211getStrWidthEPKc():
    1b40:	61 e2       	ldi	r22, 0x21	; 33
    1b42:	71 e0       	ldi	r23, 0x01	; 1
    1b44:	8c ea       	ldi	r24, 0xAC	; 172
    1b46:	94 e0       	ldi	r25, 0x04	; 4
    1b48:	0e 94 08 1c 	call	0x3810	; 0x3810 <u8g2_GetStrWidth>
_Z9drawAboutv():
    1b4c:	60 e8       	ldi	r22, 0x80	; 128
    1b4e:	70 e0       	ldi	r23, 0x00	; 0
    1b50:	68 1b       	sub	r22, r24
    1b52:	79 0b       	sbc	r23, r25
    1b54:	77 ff       	sbrs	r23, 7
    1b56:	02 c0       	rjmp	.+4      	; 0x1b5c <drawAbout()+0x30>
    1b58:	6f 5f       	subi	r22, 0xFF	; 255
    1b5a:	7f 4f       	sbci	r23, 0xFF	; 255
    1b5c:	75 95       	asr	r23
    1b5e:	67 95       	ror	r22
    1b60:	21 e2       	ldi	r18, 0x21	; 33
    1b62:	31 e0       	ldi	r19, 0x01	; 1
    1b64:	4c e0       	ldi	r20, 0x0C	; 12
    1b66:	50 e0       	ldi	r21, 0x00	; 0
    1b68:	88 ea       	ldi	r24, 0xA8	; 168
    1b6a:	94 e0       	ldi	r25, 0x04	; 4
    1b6c:	0e 94 c5 07 	call	0xf8a	; 0xf8a <U8G2::drawStr(unsigned int, unsigned int, char const*)>
_ZN4U8G29drawHLineEjjj():
    1b70:	20 e8       	ldi	r18, 0x80	; 128
    1b72:	30 e0       	ldi	r19, 0x00	; 0
    1b74:	4e e0       	ldi	r20, 0x0E	; 14
    1b76:	50 e0       	ldi	r21, 0x00	; 0
    1b78:	70 e0       	ldi	r23, 0x00	; 0
    1b7a:	60 e0       	ldi	r22, 0x00	; 0
    1b7c:	8c ea       	ldi	r24, 0xAC	; 172
    1b7e:	94 e0       	ldi	r25, 0x04	; 4
    1b80:	0e 94 ca 1c 	call	0x3994	; 0x3994 <u8g2_DrawHLine>
_ZN4U8G27setFontEPKh():
    1b84:	6e e5       	ldi	r22, 0x5E	; 94
    1b86:	7a e0       	ldi	r23, 0x0A	; 10
    1b88:	8c ea       	ldi	r24, 0xAC	; 172
    1b8a:	94 e0       	ldi	r25, 0x04	; 4
    1b8c:	0e 94 ef 1b 	call	0x37de	; 0x37de <u8g2_SetFont>
_Z9drawAboutv():
    1b90:	21 e1       	ldi	r18, 0x11	; 17
    1b92:	32 e0       	ldi	r19, 0x02	; 2
    1b94:	4a e1       	ldi	r20, 0x1A	; 26
    1b96:	50 e0       	ldi	r21, 0x00	; 0
    1b98:	64 e0       	ldi	r22, 0x04	; 4
    1b9a:	70 e0       	ldi	r23, 0x00	; 0
    1b9c:	88 ea       	ldi	r24, 0xA8	; 168
    1b9e:	94 e0       	ldi	r25, 0x04	; 4
    1ba0:	0e 94 c5 07 	call	0xf8a	; 0xf8a <U8G2::drawStr(unsigned int, unsigned int, char const*)>
_ZN4U8G27setFontEPKh():
    1ba4:	65 e9       	ldi	r22, 0x95	; 149
    1ba6:	76 e0       	ldi	r23, 0x06	; 6
    1ba8:	8c ea       	ldi	r24, 0xAC	; 172
    1baa:	94 e0       	ldi	r25, 0x04	; 4
    1bac:	0e 94 ef 1b 	call	0x37de	; 0x37de <u8g2_SetFont>
_Z9drawAboutv():
    1bb0:	2a e1       	ldi	r18, 0x1A	; 26
    1bb2:	32 e0       	ldi	r19, 0x02	; 2
    1bb4:	48 e2       	ldi	r20, 0x28	; 40
    1bb6:	50 e0       	ldi	r21, 0x00	; 0
    1bb8:	64 e0       	ldi	r22, 0x04	; 4
    1bba:	70 e0       	ldi	r23, 0x00	; 0
    1bbc:	88 ea       	ldi	r24, 0xA8	; 168
    1bbe:	94 e0       	ldi	r25, 0x04	; 4
    1bc0:	0e 94 c5 07 	call	0xf8a	; 0xf8a <U8G2::drawStr(unsigned int, unsigned int, char const*)>
    1bc4:	27 e2       	ldi	r18, 0x27	; 39
    1bc6:	32 e0       	ldi	r19, 0x02	; 2
    1bc8:	46 e3       	ldi	r20, 0x36	; 54
    1bca:	50 e0       	ldi	r21, 0x00	; 0
    1bcc:	64 e0       	ldi	r22, 0x04	; 4
    1bce:	70 e0       	ldi	r23, 0x00	; 0
    1bd0:	88 ea       	ldi	r24, 0xA8	; 168
    1bd2:	94 e0       	ldi	r25, 0x04	; 4
    1bd4:	0e 94 c5 07 	call	0xf8a	; 0xf8a <U8G2::drawStr(unsigned int, unsigned int, char const*)>
_ZN4U8G27setFontEPKh():
    1bd8:	6e e5       	ldi	r22, 0x5E	; 94
    1bda:	7a e0       	ldi	r23, 0x0A	; 10
    1bdc:	8c ea       	ldi	r24, 0xAC	; 172
    1bde:	94 e0       	ldi	r25, 0x04	; 4
    1be0:	0e 94 ef 1b 	call	0x37de	; 0x37de <u8g2_SetFont>
_Z9drawAboutv():
    1be4:	23 e3       	ldi	r18, 0x33	; 51
    1be6:	32 e0       	ldi	r19, 0x02	; 2
    1be8:	4f e3       	ldi	r20, 0x3F	; 63
    1bea:	50 e0       	ldi	r21, 0x00	; 0
    1bec:	6c e5       	ldi	r22, 0x5C	; 92
    1bee:	70 e0       	ldi	r23, 0x00	; 0
    1bf0:	88 ea       	ldi	r24, 0xA8	; 168
    1bf2:	94 e0       	ldi	r25, 0x04	; 4
    1bf4:	0e 94 c5 07 	call	0xf8a	; 0xf8a <U8G2::drawStr(unsigned int, unsigned int, char const*)>
    1bf8:	28 e3       	ldi	r18, 0x38	; 56
    1bfa:	32 e0       	ldi	r19, 0x02	; 2
    1bfc:	4f e3       	ldi	r20, 0x3F	; 63
    1bfe:	50 e0       	ldi	r21, 0x00	; 0
    1c00:	62 e0       	ldi	r22, 0x02	; 2
    1c02:	70 e0       	ldi	r23, 0x00	; 0
    1c04:	88 ea       	ldi	r24, 0xA8	; 168
    1c06:	94 e0       	ldi	r25, 0x04	; 4
    1c08:	0e 94 c5 07 	call	0xf8a	; 0xf8a <U8G2::drawStr(unsigned int, unsigned int, char const*)>
_ZN4U8G210sendBufferEv():
    1c0c:	8c ea       	ldi	r24, 0xAC	; 172
    1c0e:	94 e0       	ldi	r25, 0x04	; 4
    1c10:	0c 94 10 17 	jmp	0x2e20	; 0x2e20 <u8g2_SendBuffer>

00001c14 <drawScreen()>:
_Z10drawScreenv():
    1c14:	e0 91 1b 04 	lds	r30, 0x041B	; 0x80041b <scr>
    1c18:	f0 91 1c 04 	lds	r31, 0x041C	; 0x80041c <scr+0x1>
    1c1c:	e7 30       	cpi	r30, 0x07	; 7
    1c1e:	f1 05       	cpc	r31, r1
    1c20:	d0 f4       	brcc	.+52     	; 0x1c56 <drawScreen()+0x42>
    1c22:	eb 5e       	subi	r30, 0xEB	; 235
    1c24:	f1 4f       	sbci	r31, 0xF1	; 241
    1c26:	0c 94 26 36 	jmp	0x6c4c	; 0x6c4c <__tablejump2__>
    1c2a:	1c 0e       	add	r1, r28
    1c2c:	1e 0e       	add	r1, r30
    1c2e:	20 0e       	add	r2, r16
    1c30:	23 0e       	add	r2, r19
    1c32:	25 0e       	add	r2, r21
    1c34:	27 0e       	add	r2, r23
    1c36:	29 0e       	add	r2, r25
    1c38:	0c 94 d5 09 	jmp	0x13aa	; 0x13aa <drawMain()>
    1c3c:	0c 94 48 0a 	jmp	0x1490	; 0x1490 <drawManual()>
    1c40:	81 e0       	ldi	r24, 0x01	; 1
    1c42:	0c 94 26 0b 	jmp	0x164c	; 0x164c <drawJog(bool)>
    1c46:	80 e0       	ldi	r24, 0x00	; 0
    1c48:	fc cf       	rjmp	.-8      	; 0x1c42 <drawScreen()+0x2e>
    1c4a:	0c 94 bf 0b 	jmp	0x177e	; 0x177e <drawPenHeights()>
    1c4e:	0c 94 ed 0c 	jmp	0x19da	; 0x19da <drawEditAngle()>
    1c52:	0c 94 96 0d 	jmp	0x1b2c	; 0x1b2c <drawAbout()>
    1c56:	08 95       	ret

00001c58 <handleMain(int, bool)>:
_Z10handleMainib():
    1c58:	00 97       	sbiw	r24, 0x00	; 0
    1c5a:	91 f0       	breq	.+36     	; 0x1c80 <handleMain(int, bool)+0x28>
    1c5c:	20 91 1a 04 	lds	r18, 0x041A	; 0x80041a <cursor>
    1c60:	82 0f       	add	r24, r18
    1c62:	91 1d       	adc	r25, r1
    1c64:	27 fd       	sbrc	r18, 7
    1c66:	9a 95       	dec	r25
    1c68:	83 30       	cpi	r24, 0x03	; 3
    1c6a:	91 05       	cpc	r25, r1
    1c6c:	14 f0       	brlt	.+4      	; 0x1c72 <handleMain(int, bool)+0x1a>
    1c6e:	82 e0       	ldi	r24, 0x02	; 2
    1c70:	90 e0       	ldi	r25, 0x00	; 0
    1c72:	97 fd       	sbrc	r25, 7
    1c74:	80 e0       	ldi	r24, 0x00	; 0
    1c76:	80 93 1a 04 	sts	0x041A, r24	; 0x80041a <cursor>
    1c7a:	81 e0       	ldi	r24, 0x01	; 1
    1c7c:	80 93 1c 01 	sts	0x011C, r24	; 0x80011c <redraw>
    1c80:	66 23       	and	r22, r22
    1c82:	c1 f0       	breq	.+48     	; 0x1cb4 <handleMain(int, bool)+0x5c>
    1c84:	80 91 1a 04 	lds	r24, 0x041A	; 0x80041a <cursor>
    1c88:	81 11       	cpse	r24, r1
    1c8a:	07 c0       	rjmp	.+14     	; 0x1c9a <handleMain(int, bool)+0x42>
    1c8c:	81 e0       	ldi	r24, 0x01	; 1
    1c8e:	90 e0       	ldi	r25, 0x00	; 0
    1c90:	90 93 1c 04 	sts	0x041C, r25	; 0x80041c <scr+0x1>
    1c94:	80 93 1b 04 	sts	0x041B, r24	; 0x80041b <scr>
    1c98:	0a c0       	rjmp	.+20     	; 0x1cae <handleMain(int, bool)+0x56>
    1c9a:	81 30       	cpi	r24, 0x01	; 1
    1c9c:	61 f4       	brne	.+24     	; 0x1cb6 <handleMain(int, bool)+0x5e>
    1c9e:	84 e0       	ldi	r24, 0x04	; 4
    1ca0:	90 e0       	ldi	r25, 0x00	; 0
    1ca2:	90 93 1c 04 	sts	0x041C, r25	; 0x80041c <scr+0x1>
    1ca6:	80 93 1b 04 	sts	0x041B, r24	; 0x80041b <scr>
    1caa:	10 92 1a 04 	sts	0x041A, r1	; 0x80041a <cursor>
    1cae:	81 e0       	ldi	r24, 0x01	; 1
    1cb0:	80 93 1c 01 	sts	0x011C, r24	; 0x80011c <redraw>
    1cb4:	08 95       	ret
    1cb6:	82 30       	cpi	r24, 0x02	; 2
    1cb8:	d1 f7       	brne	.-12     	; 0x1cae <handleMain(int, bool)+0x56>
    1cba:	86 e0       	ldi	r24, 0x06	; 6
    1cbc:	90 e0       	ldi	r25, 0x00	; 0
    1cbe:	e8 cf       	rjmp	.-48     	; 0x1c90 <handleMain(int, bool)+0x38>

00001cc0 <handleManual(int, bool)>:
_Z12handleManualib():
    1cc0:	00 97       	sbiw	r24, 0x00	; 0
    1cc2:	91 f0       	breq	.+36     	; 0x1ce8 <handleManual(int, bool)+0x28>
    1cc4:	20 91 1a 04 	lds	r18, 0x041A	; 0x80041a <cursor>
    1cc8:	82 0f       	add	r24, r18
    1cca:	91 1d       	adc	r25, r1
    1ccc:	27 fd       	sbrc	r18, 7
    1cce:	9a 95       	dec	r25
    1cd0:	85 30       	cpi	r24, 0x05	; 5
    1cd2:	91 05       	cpc	r25, r1
    1cd4:	14 f0       	brlt	.+4      	; 0x1cda <handleManual(int, bool)+0x1a>
    1cd6:	84 e0       	ldi	r24, 0x04	; 4
    1cd8:	90 e0       	ldi	r25, 0x00	; 0
    1cda:	97 fd       	sbrc	r25, 7
    1cdc:	80 e0       	ldi	r24, 0x00	; 0
    1cde:	80 93 1a 04 	sts	0x041A, r24	; 0x80041a <cursor>
    1ce2:	81 e0       	ldi	r24, 0x01	; 1
    1ce4:	80 93 1c 01 	sts	0x011C, r24	; 0x80011c <redraw>
    1ce8:	66 23       	and	r22, r22
    1cea:	61 f0       	breq	.+24     	; 0x1d04 <handleManual(int, bool)+0x44>
    1cec:	80 91 1a 04 	lds	r24, 0x041A	; 0x80041a <cursor>
    1cf0:	82 30       	cpi	r24, 0x02	; 2
    1cf2:	51 f1       	breq	.+84     	; 0x1d48 <handleManual(int, bool)+0x88>
    1cf4:	44 f4       	brge	.+16     	; 0x1d06 <handleManual(int, bool)+0x46>
    1cf6:	88 23       	and	r24, r24
    1cf8:	a9 f0       	breq	.+42     	; 0x1d24 <handleManual(int, bool)+0x64>
    1cfa:	81 30       	cpi	r24, 0x01	; 1
    1cfc:	e1 f0       	breq	.+56     	; 0x1d36 <handleManual(int, bool)+0x76>
    1cfe:	81 e0       	ldi	r24, 0x01	; 1
    1d00:	80 93 1c 01 	sts	0x011C, r24	; 0x80011c <redraw>
    1d04:	08 95       	ret
    1d06:	83 30       	cpi	r24, 0x03	; 3
    1d08:	11 f1       	breq	.+68     	; 0x1d4e <handleManual(int, bool)+0x8e>
    1d0a:	84 30       	cpi	r24, 0x04	; 4
    1d0c:	c1 f7       	brne	.-16     	; 0x1cfe <handleManual(int, bool)+0x3e>
    1d0e:	10 92 1c 04 	sts	0x041C, r1	; 0x80041c <scr+0x1>
    1d12:	10 92 1b 04 	sts	0x041B, r1	; 0x80041b <scr>
    1d16:	10 92 1a 04 	sts	0x041A, r1	; 0x80041a <cursor>
    1d1a:	0e 94 1b 08 	call	0x1036	; 0x1036 <disX()>
    1d1e:	0e 94 1f 08 	call	0x103e	; 0x103e <disY()>
    1d22:	ed cf       	rjmp	.-38     	; 0x1cfe <handleManual(int, bool)+0x3e>
    1d24:	82 e0       	ldi	r24, 0x02	; 2
    1d26:	90 e0       	ldi	r25, 0x00	; 0
    1d28:	90 93 1c 04 	sts	0x041C, r25	; 0x80041c <scr+0x1>
    1d2c:	80 93 1b 04 	sts	0x041B, r24	; 0x80041b <scr>
    1d30:	0e 94 13 08 	call	0x1026	; 0x1026 <enX()>
    1d34:	e4 cf       	rjmp	.-56     	; 0x1cfe <handleManual(int, bool)+0x3e>
    1d36:	83 e0       	ldi	r24, 0x03	; 3
    1d38:	90 e0       	ldi	r25, 0x00	; 0
    1d3a:	90 93 1c 04 	sts	0x041C, r25	; 0x80041c <scr+0x1>
    1d3e:	80 93 1b 04 	sts	0x041B, r24	; 0x80041b <scr>
    1d42:	0e 94 17 08 	call	0x102e	; 0x102e <enY()>
    1d46:	db cf       	rjmp	.-74     	; 0x1cfe <handleManual(int, bool)+0x3e>
    1d48:	0e 94 fe 07 	call	0xffc	; 0xffc <doPenUp()>
    1d4c:	d8 cf       	rjmp	.-80     	; 0x1cfe <handleManual(int, bool)+0x3e>
    1d4e:	0e 94 09 08 	call	0x1012	; 0x1012 <doPenDown()>
    1d52:	d5 cf       	rjmp	.-86     	; 0x1cfe <handleManual(int, bool)+0x3e>

00001d54 <handleJogX(int, bool)>:
_Z10handleJogXib():
    1d54:	cf 92       	push	r12
    1d56:	df 92       	push	r13
    1d58:	ef 92       	push	r14
    1d5a:	ff 92       	push	r15
    1d5c:	cf 93       	push	r28
    1d5e:	c6 2f       	mov	r28, r22
    1d60:	00 97       	sbiw	r24, 0x00	; 0
    1d62:	b9 f1       	breq	.+110    	; 0x1dd2 <handleJogX(int, bool)+0x7e>
    1d64:	bc 01       	movw	r22, r24
    1d66:	99 0f       	add	r25, r25
    1d68:	88 0b       	sbc	r24, r24
    1d6a:	99 0b       	sbc	r25, r25
    1d6c:	0e 94 1f 34 	call	0x683e	; 0x683e <__floatsisf>
    1d70:	20 e0       	ldi	r18, 0x00	; 0
    1d72:	30 e0       	ldi	r19, 0x00	; 0
    1d74:	40 e0       	ldi	r20, 0x00	; 0
    1d76:	5f e3       	ldi	r21, 0x3F	; 63
    1d78:	0e 94 d4 34 	call	0x69a8	; 0x69a8 <__mulsf3>
    1d7c:	6b 01       	movw	r12, r22
    1d7e:	7c 01       	movw	r14, r24
    1d80:	0e 94 13 08 	call	0x1026	; 0x1026 <enX()>
    1d84:	20 e0       	ldi	r18, 0x00	; 0
    1d86:	30 e0       	ldi	r19, 0x00	; 0
    1d88:	40 ea       	ldi	r20, 0xA0	; 160
    1d8a:	52 e4       	ldi	r21, 0x42	; 66
    1d8c:	c7 01       	movw	r24, r14
    1d8e:	b6 01       	movw	r22, r12
    1d90:	0e 94 d4 34 	call	0x69a8	; 0x69a8 <__mulsf3>
    1d94:	0e 94 e7 33 	call	0x67ce	; 0x67ce <__fixsfsi>
    1d98:	ab 01       	movw	r20, r22
    1d9a:	bc 01       	movw	r22, r24
    1d9c:	84 e6       	ldi	r24, 0x64	; 100
    1d9e:	94 e0       	ldi	r25, 0x04	; 4
    1da0:	0e 94 3b 25 	call	0x4a76	; 0x4a76 <AccelStepper::move(long)>
    1da4:	a7 01       	movw	r20, r14
    1da6:	96 01       	movw	r18, r12
    1da8:	60 91 16 04 	lds	r22, 0x0416	; 0x800416 <posX>
    1dac:	70 91 17 04 	lds	r23, 0x0417	; 0x800417 <posX+0x1>
    1db0:	80 91 18 04 	lds	r24, 0x0418	; 0x800418 <posX+0x2>
    1db4:	90 91 19 04 	lds	r25, 0x0419	; 0x800419 <posX+0x3>
    1db8:	0e 94 04 33 	call	0x6608	; 0x6608 <__addsf3>
    1dbc:	60 93 16 04 	sts	0x0416, r22	; 0x800416 <posX>
    1dc0:	70 93 17 04 	sts	0x0417, r23	; 0x800417 <posX+0x1>
    1dc4:	80 93 18 04 	sts	0x0418, r24	; 0x800418 <posX+0x2>
    1dc8:	90 93 19 04 	sts	0x0419, r25	; 0x800419 <posX+0x3>
    1dcc:	81 e0       	ldi	r24, 0x01	; 1
    1dce:	80 93 1c 01 	sts	0x011C, r24	; 0x80011c <redraw>
    1dd2:	cc 23       	and	r28, r28
    1dd4:	51 f0       	breq	.+20     	; 0x1dea <handleJogX(int, bool)+0x96>
    1dd6:	81 e0       	ldi	r24, 0x01	; 1
    1dd8:	90 e0       	ldi	r25, 0x00	; 0
    1dda:	90 93 1c 04 	sts	0x041C, r25	; 0x80041c <scr+0x1>
    1dde:	80 93 1b 04 	sts	0x041B, r24	; 0x80041b <scr>
    1de2:	10 92 1a 04 	sts	0x041A, r1	; 0x80041a <cursor>
    1de6:	80 93 1c 01 	sts	0x011C, r24	; 0x80011c <redraw>
    1dea:	cf 91       	pop	r28
    1dec:	ff 90       	pop	r15
    1dee:	ef 90       	pop	r14
    1df0:	df 90       	pop	r13
    1df2:	cf 90       	pop	r12
    1df4:	08 95       	ret

00001df6 <handleJogY(int, bool)>:
_Z10handleJogYib():
    1df6:	cf 92       	push	r12
    1df8:	df 92       	push	r13
    1dfa:	ef 92       	push	r14
    1dfc:	ff 92       	push	r15
    1dfe:	cf 93       	push	r28
    1e00:	c6 2f       	mov	r28, r22
    1e02:	00 97       	sbiw	r24, 0x00	; 0
    1e04:	b9 f1       	breq	.+110    	; 0x1e74 <handleJogY(int, bool)+0x7e>
    1e06:	bc 01       	movw	r22, r24
    1e08:	99 0f       	add	r25, r25
    1e0a:	88 0b       	sbc	r24, r24
    1e0c:	99 0b       	sbc	r25, r25
    1e0e:	0e 94 1f 34 	call	0x683e	; 0x683e <__floatsisf>
    1e12:	20 e0       	ldi	r18, 0x00	; 0
    1e14:	30 e0       	ldi	r19, 0x00	; 0
    1e16:	40 e0       	ldi	r20, 0x00	; 0
    1e18:	5f e3       	ldi	r21, 0x3F	; 63
    1e1a:	0e 94 d4 34 	call	0x69a8	; 0x69a8 <__mulsf3>
    1e1e:	6b 01       	movw	r12, r22
    1e20:	7c 01       	movw	r14, r24
    1e22:	0e 94 17 08 	call	0x102e	; 0x102e <enY()>
    1e26:	20 e0       	ldi	r18, 0x00	; 0
    1e28:	30 e0       	ldi	r19, 0x00	; 0
    1e2a:	40 ea       	ldi	r20, 0xA0	; 160
    1e2c:	52 e4       	ldi	r21, 0x42	; 66
    1e2e:	c7 01       	movw	r24, r14
    1e30:	b6 01       	movw	r22, r12
    1e32:	0e 94 d4 34 	call	0x69a8	; 0x69a8 <__mulsf3>
    1e36:	0e 94 e7 33 	call	0x67ce	; 0x67ce <__fixsfsi>
    1e3a:	ab 01       	movw	r20, r22
    1e3c:	bc 01       	movw	r22, r24
    1e3e:	80 e2       	ldi	r24, 0x20	; 32
    1e40:	94 e0       	ldi	r25, 0x04	; 4
    1e42:	0e 94 3b 25 	call	0x4a76	; 0x4a76 <AccelStepper::move(long)>
    1e46:	a7 01       	movw	r20, r14
    1e48:	96 01       	movw	r18, r12
    1e4a:	60 91 12 04 	lds	r22, 0x0412	; 0x800412 <posY>
    1e4e:	70 91 13 04 	lds	r23, 0x0413	; 0x800413 <posY+0x1>
    1e52:	80 91 14 04 	lds	r24, 0x0414	; 0x800414 <posY+0x2>
    1e56:	90 91 15 04 	lds	r25, 0x0415	; 0x800415 <posY+0x3>
    1e5a:	0e 94 04 33 	call	0x6608	; 0x6608 <__addsf3>
    1e5e:	60 93 12 04 	sts	0x0412, r22	; 0x800412 <posY>
    1e62:	70 93 13 04 	sts	0x0413, r23	; 0x800413 <posY+0x1>
    1e66:	80 93 14 04 	sts	0x0414, r24	; 0x800414 <posY+0x2>
    1e6a:	90 93 15 04 	sts	0x0415, r25	; 0x800415 <posY+0x3>
    1e6e:	81 e0       	ldi	r24, 0x01	; 1
    1e70:	80 93 1c 01 	sts	0x011C, r24	; 0x80011c <redraw>
    1e74:	cc 23       	and	r28, r28
    1e76:	51 f0       	breq	.+20     	; 0x1e8c <handleJogY(int, bool)+0x96>
    1e78:	81 e0       	ldi	r24, 0x01	; 1
    1e7a:	90 e0       	ldi	r25, 0x00	; 0
    1e7c:	90 93 1c 04 	sts	0x041C, r25	; 0x80041c <scr+0x1>
    1e80:	80 93 1b 04 	sts	0x041B, r24	; 0x80041b <scr>
    1e84:	10 92 1a 04 	sts	0x041A, r1	; 0x80041a <cursor>
    1e88:	80 93 1c 01 	sts	0x011C, r24	; 0x80011c <redraw>
    1e8c:	cf 91       	pop	r28
    1e8e:	ff 90       	pop	r15
    1e90:	ef 90       	pop	r14
    1e92:	df 90       	pop	r13
    1e94:	cf 90       	pop	r12
    1e96:	08 95       	ret

00001e98 <handlePenHeights(int, bool)>:
_Z16handlePenHeightsib():
    1e98:	00 97       	sbiw	r24, 0x00	; 0
    1e9a:	91 f0       	breq	.+36     	; 0x1ec0 <handlePenHeights(int, bool)+0x28>
    1e9c:	20 91 1a 04 	lds	r18, 0x041A	; 0x80041a <cursor>
    1ea0:	82 0f       	add	r24, r18
    1ea2:	91 1d       	adc	r25, r1
    1ea4:	27 fd       	sbrc	r18, 7
    1ea6:	9a 95       	dec	r25
    1ea8:	84 30       	cpi	r24, 0x04	; 4
    1eaa:	91 05       	cpc	r25, r1
    1eac:	14 f0       	brlt	.+4      	; 0x1eb2 <handlePenHeights(int, bool)+0x1a>
    1eae:	83 e0       	ldi	r24, 0x03	; 3
    1eb0:	90 e0       	ldi	r25, 0x00	; 0
    1eb2:	97 fd       	sbrc	r25, 7
    1eb4:	80 e0       	ldi	r24, 0x00	; 0
    1eb6:	80 93 1a 04 	sts	0x041A, r24	; 0x80041a <cursor>
    1eba:	81 e0       	ldi	r24, 0x01	; 1
    1ebc:	80 93 1c 01 	sts	0x011C, r24	; 0x80011c <redraw>
    1ec0:	66 23       	and	r22, r22
    1ec2:	51 f0       	breq	.+20     	; 0x1ed8 <handlePenHeights(int, bool)+0x40>
    1ec4:	80 91 1a 04 	lds	r24, 0x041A	; 0x80041a <cursor>
    1ec8:	81 30       	cpi	r24, 0x01	; 1
    1eca:	11 f1       	breq	.+68     	; 0x1f10 <handlePenHeights(int, bool)+0x78>
    1ecc:	34 f4       	brge	.+12     	; 0x1eda <handlePenHeights(int, bool)+0x42>
    1ece:	88 23       	and	r24, r24
    1ed0:	79 f0       	breq	.+30     	; 0x1ef0 <handlePenHeights(int, bool)+0x58>
    1ed2:	81 e0       	ldi	r24, 0x01	; 1
    1ed4:	80 93 1c 01 	sts	0x011C, r24	; 0x80011c <redraw>
    1ed8:	08 95       	ret
    1eda:	82 30       	cpi	r24, 0x02	; 2
    1edc:	21 f1       	breq	.+72     	; 0x1f26 <handlePenHeights(int, bool)+0x8e>
    1ede:	83 30       	cpi	r24, 0x03	; 3
    1ee0:	c1 f7       	brne	.-16     	; 0x1ed2 <handlePenHeights(int, bool)+0x3a>
    1ee2:	10 92 1c 04 	sts	0x041C, r1	; 0x80041c <scr+0x1>
    1ee6:	10 92 1b 04 	sts	0x041B, r1	; 0x80041b <scr>
    1eea:	10 92 1a 04 	sts	0x041A, r1	; 0x80041a <cursor>
    1eee:	f1 cf       	rjmp	.-30     	; 0x1ed2 <handlePenHeights(int, bool)+0x3a>
    1ef0:	85 e0       	ldi	r24, 0x05	; 5
    1ef2:	90 e0       	ldi	r25, 0x00	; 0
    1ef4:	90 93 1c 04 	sts	0x041C, r25	; 0x80041c <scr+0x1>
    1ef8:	80 93 1b 04 	sts	0x041B, r24	; 0x80041b <scr>
    1efc:	10 92 11 04 	sts	0x0411, r1	; 0x800411 <editIdx>
    1f00:	80 91 1b 01 	lds	r24, 0x011B	; 0x80011b <penUpAng>
    1f04:	90 e0       	ldi	r25, 0x00	; 0
    1f06:	90 93 10 04 	sts	0x0410, r25	; 0x800410 <editVal+0x1>
    1f0a:	80 93 0f 04 	sts	0x040F, r24	; 0x80040f <editVal>
    1f0e:	e1 cf       	rjmp	.-62     	; 0x1ed2 <handlePenHeights(int, bool)+0x3a>
    1f10:	25 e0       	ldi	r18, 0x05	; 5
    1f12:	30 e0       	ldi	r19, 0x00	; 0
    1f14:	30 93 1c 04 	sts	0x041C, r19	; 0x80041c <scr+0x1>
    1f18:	20 93 1b 04 	sts	0x041B, r18	; 0x80041b <scr>
    1f1c:	80 93 11 04 	sts	0x0411, r24	; 0x800411 <editIdx>
    1f20:	80 91 1a 01 	lds	r24, 0x011A	; 0x80011a <penDnAng>
    1f24:	ef cf       	rjmp	.-34     	; 0x1f04 <handlePenHeights(int, bool)+0x6c>
    1f26:	80 91 19 01 	lds	r24, 0x0119	; 0x800119 <penIsUp>
    1f2a:	88 23       	and	r24, r24
    1f2c:	19 f0       	breq	.+6      	; 0x1f34 <handlePenHeights(int, bool)+0x9c>
    1f2e:	0e 94 09 08 	call	0x1012	; 0x1012 <doPenDown()>
    1f32:	cf cf       	rjmp	.-98     	; 0x1ed2 <handlePenHeights(int, bool)+0x3a>
    1f34:	0e 94 fe 07 	call	0xffc	; 0xffc <doPenUp()>
    1f38:	cc cf       	rjmp	.-104    	; 0x1ed2 <handlePenHeights(int, bool)+0x3a>

00001f3a <handleEditAngle(int, bool)>:
_Z15handleEditAngleib():
    1f3a:	cf 93       	push	r28
    1f3c:	c6 2f       	mov	r28, r22
    1f3e:	00 97       	sbiw	r24, 0x00	; 0
    1f40:	d1 f0       	breq	.+52     	; 0x1f76 <handleEditAngle(int, bool)+0x3c>
    1f42:	60 91 0f 04 	lds	r22, 0x040F	; 0x80040f <editVal>
    1f46:	70 91 10 04 	lds	r23, 0x0410	; 0x800410 <editVal+0x1>
    1f4a:	68 0f       	add	r22, r24
    1f4c:	79 1f       	adc	r23, r25
    1f4e:	65 3b       	cpi	r22, 0xB5	; 181
    1f50:	71 05       	cpc	r23, r1
    1f52:	14 f0       	brlt	.+4      	; 0x1f58 <handleEditAngle(int, bool)+0x1e>
    1f54:	64 eb       	ldi	r22, 0xB4	; 180
    1f56:	70 e0       	ldi	r23, 0x00	; 0
    1f58:	77 ff       	sbrs	r23, 7
    1f5a:	02 c0       	rjmp	.+4      	; 0x1f60 <handleEditAngle(int, bool)+0x26>
    1f5c:	70 e0       	ldi	r23, 0x00	; 0
    1f5e:	60 e0       	ldi	r22, 0x00	; 0
    1f60:	70 93 10 04 	sts	0x0410, r23	; 0x800410 <editVal+0x1>
    1f64:	60 93 0f 04 	sts	0x040F, r22	; 0x80040f <editVal>
    1f68:	8d e1       	ldi	r24, 0x1D	; 29
    1f6a:	94 e0       	ldi	r25, 0x04	; 4
    1f6c:	0e 94 f5 28 	call	0x51ea	; 0x51ea <Servo::write(int)>
    1f70:	81 e0       	ldi	r24, 0x01	; 1
    1f72:	80 93 1c 01 	sts	0x011C, r24	; 0x80011c <redraw>
    1f76:	cc 23       	and	r28, r28
    1f78:	e9 f0       	breq	.+58     	; 0x1fb4 <handleEditAngle(int, bool)+0x7a>
    1f7a:	80 91 0f 04 	lds	r24, 0x040F	; 0x80040f <editVal>
    1f7e:	90 91 11 04 	lds	r25, 0x0411	; 0x800411 <editIdx>
    1f82:	91 11       	cpse	r25, r1
    1f84:	19 c0       	rjmp	.+50     	; 0x1fb8 <handleEditAngle(int, bool)+0x7e>
    1f86:	80 93 1b 01 	sts	0x011B, r24	; 0x80011b <penUpAng>
    1f8a:	0e 94 f2 07 	call	0xfe4	; 0xfe4 <saveSettings()>
    1f8e:	6c e3       	ldi	r22, 0x3C	; 60
    1f90:	70 e0       	ldi	r23, 0x00	; 0
    1f92:	88 eb       	ldi	r24, 0xB8	; 184
    1f94:	9b e0       	ldi	r25, 0x0B	; 11
    1f96:	0e 94 23 08 	call	0x1046	; 0x1046 <beep(unsigned int, unsigned int)>
    1f9a:	84 e0       	ldi	r24, 0x04	; 4
    1f9c:	90 e0       	ldi	r25, 0x00	; 0
    1f9e:	90 93 1c 04 	sts	0x041C, r25	; 0x80041c <scr+0x1>
    1fa2:	80 93 1b 04 	sts	0x041B, r24	; 0x80041b <scr>
    1fa6:	80 91 11 04 	lds	r24, 0x0411	; 0x800411 <editIdx>
    1faa:	80 93 1a 04 	sts	0x041A, r24	; 0x80041a <cursor>
    1fae:	81 e0       	ldi	r24, 0x01	; 1
    1fb0:	80 93 1c 01 	sts	0x011C, r24	; 0x80011c <redraw>
    1fb4:	cf 91       	pop	r28
    1fb6:	08 95       	ret
    1fb8:	80 93 1a 01 	sts	0x011A, r24	; 0x80011a <penDnAng>
    1fbc:	e6 cf       	rjmp	.-52     	; 0x1f8a <handleEditAngle(int, bool)+0x50>

00001fbe <gcParam(char*, char)>:
_Z7gcParamPcc():
/Users/jacobmajors/Desktop/Coding/Pen Web Plotter/firmware/PenPlotter/PenPlotter.ino:512
bool   absMode   = true;
float  gcX = 0, gcY = 0;     // current absolute position in mm
bool   usbActive = false;
uint32_t lastSerial = 0;

float gcParam(char* line, char p) {
    1fbe:	0f 93       	push	r16
    1fc0:	1f 93       	push	r17
    1fc2:	cf 93       	push	r28
    1fc4:	df 93       	push	r29
    1fc6:	8c 01       	movw	r16, r24
/Users/jacobmajors/Desktop/Coding/Pen Web Plotter/firmware/PenPlotter/PenPlotter.ino:513
  char* ptr = strchr(line, p);
    1fc8:	c6 2f       	mov	r28, r22
    1fca:	66 0f       	add	r22, r22
    1fcc:	dd 0b       	sbc	r29, r29
    1fce:	be 01       	movw	r22, r28
    1fd0:	0e 94 97 37 	call	0x6f2e	; 0x6f2e <strchr>
/Users/jacobmajors/Desktop/Coding/Pen Web Plotter/firmware/PenPlotter/PenPlotter.ino:514
  if (!ptr) ptr = strchr(line, p + 32);   // try lowercase
    1fd4:	00 97       	sbiw	r24, 0x00	; 0
    1fd6:	41 f4       	brne	.+16     	; 0x1fe8 <gcParam(char*, char)+0x2a>
/Users/jacobmajors/Desktop/Coding/Pen Web Plotter/firmware/PenPlotter/PenPlotter.ino:514 (discriminator 1)
    1fd8:	be 01       	movw	r22, r28
    1fda:	60 5e       	subi	r22, 0xE0	; 224
    1fdc:	7f 4f       	sbci	r23, 0xFF	; 255
    1fde:	c8 01       	movw	r24, r16
    1fe0:	0e 94 97 37 	call	0x6f2e	; 0x6f2e <strchr>
/Users/jacobmajors/Desktop/Coding/Pen Web Plotter/firmware/PenPlotter/PenPlotter.ino:515 (discriminator 1)
  return ptr ? atof(ptr + 1) : NAN;
    1fe4:	00 97       	sbiw	r24, 0x00	; 0
    1fe6:	39 f0       	breq	.+14     	; 0x1ff6 <gcParam(char*, char)+0x38>
    1fe8:	01 96       	adiw	r24, 0x01	; 1
/Users/jacobmajors/Desktop/Coding/Pen Web Plotter/firmware/PenPlotter/PenPlotter.ino:516 (discriminator 1)
}
    1fea:	df 91       	pop	r29
    1fec:	cf 91       	pop	r28
    1fee:	1f 91       	pop	r17
    1ff0:	0f 91       	pop	r16
/Users/jacobmajors/Desktop/Coding/Pen Web Plotter/firmware/PenPlotter/PenPlotter.ino:515 (discriminator 1)
uint32_t lastSerial = 0;

float gcParam(char* line, char p) {
  char* ptr = strchr(line, p);
  if (!ptr) ptr = strchr(line, p + 32);   // try lowercase
  return ptr ? atof(ptr + 1) : NAN;
    1ff2:	0c 94 6e 37 	jmp	0x6edc	; 0x6edc <atof>
/Users/jacobmajors/Desktop/Coding/Pen Web Plotter/firmware/PenPlotter/PenPlotter.ino:516 (discriminator 4)
}
    1ff6:	60 e0       	ldi	r22, 0x00	; 0
    1ff8:	70 e0       	ldi	r23, 0x00	; 0
    1ffa:	80 ec       	ldi	r24, 0xC0	; 192
    1ffc:	9f e7       	ldi	r25, 0x7F	; 127
    1ffe:	df 91       	pop	r29
    2000:	cf 91       	pop	r28
    2002:	1f 91       	pop	r17
    2004:	0f 91       	pop	r16
    2006:	08 95       	ret

00002008 <moveToMM(float, float)>:
_Z8moveToMMff():
/Users/jacobmajors/Desktop/Coding/Pen Web Plotter/firmware/PenPlotter/PenPlotter.ino:518

void moveToMM(float tx, float ty) {
    2008:	8f 92       	push	r8
    200a:	9f 92       	push	r9
    200c:	af 92       	push	r10
    200e:	bf 92       	push	r11
    2010:	cf 92       	push	r12
    2012:	df 92       	push	r13
    2014:	ef 92       	push	r14
    2016:	ff 92       	push	r15
    2018:	4b 01       	movw	r8, r22
    201a:	5c 01       	movw	r10, r24
    201c:	69 01       	movw	r12, r18
    201e:	7a 01       	movw	r14, r20
/Users/jacobmajors/Desktop/Coding/Pen Web Plotter/firmware/PenPlotter/PenPlotter.ino:521
  long stX = (long)(tx * X_STEPS_MM);
  long stY = (long)(ty * Y_STEPS_MM);
  enX(); enY();
    2020:	0e 94 13 08 	call	0x1026	; 0x1026 <enX()>
    2024:	0e 94 17 08 	call	0x102e	; 0x102e <enY()>
/Users/jacobmajors/Desktop/Coding/Pen Web Plotter/firmware/PenPlotter/PenPlotter.ino:519
  if (!ptr) ptr = strchr(line, p + 32);   // try lowercase
  return ptr ? atof(ptr + 1) : NAN;
}

void moveToMM(float tx, float ty) {
  long stX = (long)(tx * X_STEPS_MM);
    2028:	20 e0       	ldi	r18, 0x00	; 0
    202a:	30 e0       	ldi	r19, 0x00	; 0
    202c:	40 ea       	ldi	r20, 0xA0	; 160
    202e:	52 e4       	ldi	r21, 0x42	; 66
    2030:	c5 01       	movw	r24, r10
    2032:	b4 01       	movw	r22, r8
    2034:	0e 94 d4 34 	call	0x69a8	; 0x69a8 <__mulsf3>
    2038:	0e 94 e7 33 	call	0x67ce	; 0x67ce <__fixsfsi>
    203c:	ab 01       	movw	r20, r22
    203e:	bc 01       	movw	r22, r24
/Users/jacobmajors/Desktop/Coding/Pen Web Plotter/firmware/PenPlotter/PenPlotter.ino:522
  long stY = (long)(ty * Y_STEPS_MM);
  enX(); enY();
  sx.moveTo(stX);
    2040:	84 e6       	ldi	r24, 0x64	; 100
    2042:	94 e0       	ldi	r25, 0x04	; 4
    2044:	0e 94 1c 25 	call	0x4a38	; 0x4a38 <AccelStepper::moveTo(long)>
/Users/jacobmajors/Desktop/Coding/Pen Web Plotter/firmware/PenPlotter/PenPlotter.ino:520
  return ptr ? atof(ptr + 1) : NAN;
}

void moveToMM(float tx, float ty) {
  long stX = (long)(tx * X_STEPS_MM);
  long stY = (long)(ty * Y_STEPS_MM);
    2048:	20 e0       	ldi	r18, 0x00	; 0
    204a:	30 e0       	ldi	r19, 0x00	; 0
    204c:	40 ea       	ldi	r20, 0xA0	; 160
    204e:	52 e4       	ldi	r21, 0x42	; 66
    2050:	c7 01       	movw	r24, r14
    2052:	b6 01       	movw	r22, r12
    2054:	0e 94 d4 34 	call	0x69a8	; 0x69a8 <__mulsf3>
    2058:	0e 94 e7 33 	call	0x67ce	; 0x67ce <__fixsfsi>
    205c:	ab 01       	movw	r20, r22
    205e:	bc 01       	movw	r22, r24
/Users/jacobmajors/Desktop/Coding/Pen Web Plotter/firmware/PenPlotter/PenPlotter.ino:523
  enX(); enY();
  sx.moveTo(stX);
  sy.moveTo(stY);
    2060:	80 e2       	ldi	r24, 0x20	; 32
    2062:	94 e0       	ldi	r25, 0x04	; 4
    2064:	0e 94 1c 25 	call	0x4a38	; 0x4a38 <AccelStepper::moveTo(long)>
/Users/jacobmajors/Desktop/Coding/Pen Web Plotter/firmware/PenPlotter/PenPlotter.ino:524 (discriminator 8)
  while (sx.distanceToGo() || sy.distanceToGo()) { sx.run(); sy.run(); }
    2068:	84 e6       	ldi	r24, 0x64	; 100
    206a:	94 e0       	ldi	r25, 0x04	; 4
    206c:	0e 94 9c 25 	call	0x4b38	; 0x4b38 <AccelStepper::distanceToGo()>
    2070:	67 2b       	or	r22, r23
    2072:	68 2b       	or	r22, r24
    2074:	69 2b       	or	r22, r25
    2076:	49 f0       	breq	.+18     	; 0x208a <moveToMM(float, float)+0x82>
/Users/jacobmajors/Desktop/Coding/Pen Web Plotter/firmware/PenPlotter/PenPlotter.ino:524
    2078:	84 e6       	ldi	r24, 0x64	; 100
    207a:	94 e0       	ldi	r25, 0x04	; 4
    207c:	0e 94 c4 25 	call	0x4b88	; 0x4b88 <AccelStepper::run()>
    2080:	80 e2       	ldi	r24, 0x20	; 32
    2082:	94 e0       	ldi	r25, 0x04	; 4
    2084:	0e 94 c4 25 	call	0x4b88	; 0x4b88 <AccelStepper::run()>
    2088:	ef cf       	rjmp	.-34     	; 0x2068 <moveToMM(float, float)+0x60>
/Users/jacobmajors/Desktop/Coding/Pen Web Plotter/firmware/PenPlotter/PenPlotter.ino:524 (discriminator 2)
    208a:	80 e2       	ldi	r24, 0x20	; 32
    208c:	94 e0       	ldi	r25, 0x04	; 4
    208e:	0e 94 9c 25 	call	0x4b38	; 0x4b38 <AccelStepper::distanceToGo()>
    2092:	67 2b       	or	r22, r23
    2094:	68 2b       	or	r22, r24
    2096:	69 2b       	or	r22, r25
    2098:	79 f7       	brne	.-34     	; 0x2078 <moveToMM(float, float)+0x70>
/Users/jacobmajors/Desktop/Coding/Pen Web Plotter/firmware/PenPlotter/PenPlotter.ino:525
  gcX = tx; gcY = ty;
    209a:	80 92 a1 03 	sts	0x03A1, r8	; 0x8003a1 <gcX>
    209e:	90 92 a2 03 	sts	0x03A2, r9	; 0x8003a2 <gcX+0x1>
    20a2:	a0 92 a3 03 	sts	0x03A3, r10	; 0x8003a3 <gcX+0x2>
    20a6:	b0 92 a4 03 	sts	0x03A4, r11	; 0x8003a4 <gcX+0x3>
    20aa:	c0 92 9d 03 	sts	0x039D, r12	; 0x80039d <gcY>
    20ae:	d0 92 9e 03 	sts	0x039E, r13	; 0x80039e <gcY+0x1>
    20b2:	e0 92 9f 03 	sts	0x039F, r14	; 0x80039f <gcY+0x2>
    20b6:	f0 92 a0 03 	sts	0x03A0, r15	; 0x8003a0 <gcY+0x3>
/Users/jacobmajors/Desktop/Coding/Pen Web Plotter/firmware/PenPlotter/PenPlotter.ino:526
  posX = tx; posY = ty;
    20ba:	80 92 16 04 	sts	0x0416, r8	; 0x800416 <posX>
    20be:	90 92 17 04 	sts	0x0417, r9	; 0x800417 <posX+0x1>
    20c2:	a0 92 18 04 	sts	0x0418, r10	; 0x800418 <posX+0x2>
    20c6:	b0 92 19 04 	sts	0x0419, r11	; 0x800419 <posX+0x3>
    20ca:	c0 92 12 04 	sts	0x0412, r12	; 0x800412 <posY>
    20ce:	d0 92 13 04 	sts	0x0413, r13	; 0x800413 <posY+0x1>
    20d2:	e0 92 14 04 	sts	0x0414, r14	; 0x800414 <posY+0x2>
    20d6:	f0 92 15 04 	sts	0x0415, r15	; 0x800415 <posY+0x3>
/Users/jacobmajors/Desktop/Coding/Pen Web Plotter/firmware/PenPlotter/PenPlotter.ino:527
  disX(); disY();
    20da:	0e 94 1b 08 	call	0x1036	; 0x1036 <disX()>
/Users/jacobmajors/Desktop/Coding/Pen Web Plotter/firmware/PenPlotter/PenPlotter.ino:528
}
    20de:	ff 90       	pop	r15
    20e0:	ef 90       	pop	r14
    20e2:	df 90       	pop	r13
    20e4:	cf 90       	pop	r12
    20e6:	bf 90       	pop	r11
    20e8:	af 90       	pop	r10
    20ea:	9f 90       	pop	r9
    20ec:	8f 90       	pop	r8
/Users/jacobmajors/Desktop/Coding/Pen Web Plotter/firmware/PenPlotter/PenPlotter.ino:527
  sx.moveTo(stX);
  sy.moveTo(stY);
  while (sx.distanceToGo() || sy.distanceToGo()) { sx.run(); sy.run(); }
  gcX = tx; gcY = ty;
  posX = tx; posY = ty;
  disX(); disY();
    20ee:	0c 94 1f 08 	jmp	0x103e	; 0x103e <disY()>

000020f2 <parseGcode(char*)>:
_Z10parseGcodePc():
/Users/jacobmajors/Desktop/Coding/Pen Web Plotter/firmware/PenPlotter/PenPlotter.ino:530
}

void parseGcode(char* raw) {
    20f2:	4f 92       	push	r4
    20f4:	5f 92       	push	r5
    20f6:	6f 92       	push	r6
    20f8:	7f 92       	push	r7
    20fa:	8f 92       	push	r8
    20fc:	9f 92       	push	r9
    20fe:	af 92       	push	r10
    2100:	bf 92       	push	r11
    2102:	cf 92       	push	r12
    2104:	df 92       	push	r13
    2106:	ef 92       	push	r14
    2108:	ff 92       	push	r15
    210a:	0f 93       	push	r16
    210c:	1f 93       	push	r17
    210e:	cf 93       	push	r28
    2110:	df 93       	push	r29
    2112:	00 d0       	rcall	.+0      	; 0x2114 <parseGcode(char*)+0x22>
    2114:	00 d0       	rcall	.+0      	; 0x2116 <parseGcode(char*)+0x24>
    2116:	00 d0       	rcall	.+0      	; 0x2118 <parseGcode(char*)+0x26>
    2118:	1f 92       	push	r1
    211a:	cd b7       	in	r28, 0x3d	; 61
    211c:	de b7       	in	r29, 0x3e	; 62
    211e:	9e 83       	std	Y+6, r25	; 0x06
    2120:	8d 83       	std	Y+5, r24	; 0x05
/Users/jacobmajors/Desktop/Coding/Pen Web Plotter/firmware/PenPlotter/PenPlotter.ino:532
  // Strip checksum (*xx)
  char* star = strchr(raw, '*');
    2122:	6a e2       	ldi	r22, 0x2A	; 42
    2124:	70 e0       	ldi	r23, 0x00	; 0
    2126:	0e 94 97 37 	call	0x6f2e	; 0x6f2e <strchr>
/Users/jacobmajors/Desktop/Coding/Pen Web Plotter/firmware/PenPlotter/PenPlotter.ino:533
  if (star) *star = '\0';
    212a:	00 97       	sbiw	r24, 0x00	; 0
    212c:	11 f0       	breq	.+4      	; 0x2132 <parseGcode(char*)+0x40>
/Users/jacobmajors/Desktop/Coding/Pen Web Plotter/firmware/PenPlotter/PenPlotter.ino:533 (discriminator 1)
    212e:	fc 01       	movw	r30, r24
    2130:	10 82       	st	Z, r1
/Users/jacobmajors/Desktop/Coding/Pen Web Plotter/firmware/PenPlotter/PenPlotter.ino:536
  // Skip line number  (Nxxx )
  char* p = raw;
  if (*p == 'N' || *p == 'n') { while (*p && *p != ' ') p++; while (*p == ' ') p++; }
    2132:	ed 81       	ldd	r30, Y+5	; 0x05
    2134:	fe 81       	ldd	r31, Y+6	; 0x06
    2136:	80 81       	ld	r24, Z
    2138:	8f 7d       	andi	r24, 0xDF	; 223
    213a:	8e 34       	cpi	r24, 0x4E	; 78
    213c:	81 f4       	brne	.+32     	; 0x215e <parseGcode(char*)+0x6c>
    213e:	cf 01       	movw	r24, r30
    2140:	fe 83       	std	Y+6, r31	; 0x06
    2142:	ed 83       	std	Y+5, r30	; 0x05
    2144:	21 91       	ld	r18, Z+
    2146:	22 23       	and	r18, r18
    2148:	51 f0       	breq	.+20     	; 0x215e <parseGcode(char*)+0x6c>
/Users/jacobmajors/Desktop/Coding/Pen Web Plotter/firmware/PenPlotter/PenPlotter.ino:536 (discriminator 5)
    214a:	20 32       	cpi	r18, 0x20	; 32
    214c:	c1 f7       	brne	.-16     	; 0x213e <parseGcode(char*)+0x4c>
    214e:	9e 83       	std	Y+6, r25	; 0x06
    2150:	8d 83       	std	Y+5, r24	; 0x05
    2152:	01 96       	adiw	r24, 0x01	; 1
/Users/jacobmajors/Desktop/Coding/Pen Web Plotter/firmware/PenPlotter/PenPlotter.ino:536 (discriminator 10)
    2154:	ed 81       	ldd	r30, Y+5	; 0x05
    2156:	fe 81       	ldd	r31, Y+6	; 0x06
    2158:	20 81       	ld	r18, Z
    215a:	20 32       	cpi	r18, 0x20	; 32
    215c:	c1 f3       	breq	.-16     	; 0x214e <parseGcode(char*)+0x5c>
/Users/jacobmajors/Desktop/Coding/Pen Web Plotter/firmware/PenPlotter/PenPlotter.ino:538

  if (*p == 'G' || *p == 'g') {
    215e:	ed 81       	ldd	r30, Y+5	; 0x05
    2160:	fe 81       	ldd	r31, Y+6	; 0x06
    2162:	80 81       	ld	r24, Z
    2164:	8f 7d       	andi	r24, 0xDF	; 223
    2166:	87 34       	cpi	r24, 0x47	; 71
    2168:	09 f0       	breq	.+2      	; 0x216c <parseGcode(char*)+0x7a>
    216a:	3d c1       	rjmp	.+634    	; 0x23e6 <parseGcode(char*)+0x2f4>
/Users/jacobmajors/Desktop/Coding/Pen Web Plotter/firmware/PenPlotter/PenPlotter.ino:539
    int cmd = atoi(p + 1);
    216c:	cf 01       	movw	r24, r30
    216e:	01 96       	adiw	r24, 0x01	; 1
    2170:	0e 94 72 37 	call	0x6ee4	; 0x6ee4 <atoi>
    2174:	5c 01       	movw	r10, r24
/Users/jacobmajors/Desktop/Coding/Pen Web Plotter/firmware/PenPlotter/PenPlotter.ino:540
    float x = gcParam(p, 'X'), y = gcParam(p, 'Y'),
    2176:	68 e5       	ldi	r22, 0x58	; 88
    2178:	8d 81       	ldd	r24, Y+5	; 0x05
    217a:	9e 81       	ldd	r25, Y+6	; 0x06
    217c:	0e 94 df 0f 	call	0x1fbe	; 0x1fbe <gcParam(char*, char)>
    2180:	4b 01       	movw	r8, r22
    2182:	8c 01       	movw	r16, r24
    2184:	69 e5       	ldi	r22, 0x59	; 89
    2186:	8d 81       	ldd	r24, Y+5	; 0x05
    2188:	9e 81       	ldd	r25, Y+6	; 0x06
    218a:	0e 94 df 0f 	call	0x1fbe	; 0x1fbe <gcParam(char*, char)>
    218e:	6b 01       	movw	r12, r22
    2190:	7c 01       	movw	r14, r24
/Users/jacobmajors/Desktop/Coding/Pen Web Plotter/firmware/PenPlotter/PenPlotter.ino:541
          z = gcParam(p, 'Z'), f = gcParam(p, 'F');
    2192:	6a e5       	ldi	r22, 0x5A	; 90
    2194:	8d 81       	ldd	r24, Y+5	; 0x05
    2196:	9e 81       	ldd	r25, Y+6	; 0x06
    2198:	0e 94 df 0f 	call	0x1fbe	; 0x1fbe <gcParam(char*, char)>
    219c:	69 83       	std	Y+1, r22	; 0x01
    219e:	7a 83       	std	Y+2, r23	; 0x02
    21a0:	8b 83       	std	Y+3, r24	; 0x03
    21a2:	9c 83       	std	Y+4, r25	; 0x04
    21a4:	66 e4       	ldi	r22, 0x46	; 70
    21a6:	8d 81       	ldd	r24, Y+5	; 0x05
    21a8:	9e 81       	ldd	r25, Y+6	; 0x06
    21aa:	0e 94 df 0f 	call	0x1fbe	; 0x1fbe <gcParam(char*, char)>
    21ae:	2b 01       	movw	r4, r22
    21b0:	3c 01       	movw	r6, r24
/Users/jacobmajors/Desktop/Coding/Pen Web Plotter/firmware/PenPlotter/PenPlotter.ino:542
    if (!isnan(f)) {
    21b2:	ac 01       	movw	r20, r24
    21b4:	9b 01       	movw	r18, r22
    21b6:	0e 94 87 35 	call	0x6b0e	; 0x6b0e <__unordsf2>
    21ba:	81 11       	cpse	r24, r1
    21bc:	2a c0       	rjmp	.+84     	; 0x2212 <parseGcode(char*)+0x120>
/Users/jacobmajors/Desktop/Coding/Pen Web Plotter/firmware/PenPlotter/PenPlotter.ino:543
      float spdX = (f / 60.0f) * X_STEPS_MM;
    21be:	20 e0       	ldi	r18, 0x00	; 0
    21c0:	30 e0       	ldi	r19, 0x00	; 0
    21c2:	40 e7       	ldi	r20, 0x70	; 112
    21c4:	52 e4       	ldi	r21, 0x42	; 66
    21c6:	c3 01       	movw	r24, r6
    21c8:	b2 01       	movw	r22, r4
    21ca:	0e 94 75 33 	call	0x66ea	; 0x66ea <__divsf3>
    21ce:	20 e0       	ldi	r18, 0x00	; 0
    21d0:	30 e0       	ldi	r19, 0x00	; 0
    21d2:	40 ea       	ldi	r20, 0xA0	; 160
    21d4:	52 e4       	ldi	r21, 0x42	; 66
    21d6:	0e 94 d4 34 	call	0x69a8	; 0x69a8 <__mulsf3>
    21da:	2b 01       	movw	r4, r22
    21dc:	3c 01       	movw	r6, r24
_Z3maxIffEDTqultfp0_fp_fp0_fp_ERKT_RKT0_():
/Users/jacobmajors/Library/Arduino15/packages/MightyCore/hardware/avr/3.1.0/cores/MCUdude_corefiles/Arduino.h:320
		return (b < a) ? b : a;
	}

	template<class T, class L>
	auto max(const T& a, const L& b) -> decltype((b < a) ? b : a) {
		return (a < b) ? b : a;
    21de:	20 e0       	ldi	r18, 0x00	; 0
    21e0:	30 e0       	ldi	r19, 0x00	; 0
    21e2:	48 e4       	ldi	r20, 0x48	; 72
    21e4:	53 e4       	ldi	r21, 0x43	; 67
    21e6:	0e 94 70 33 	call	0x66e0	; 0x66e0 <__cmpsf2>
    21ea:	87 ff       	sbrs	r24, 7
    21ec:	06 c0       	rjmp	.+12     	; 0x21fa <parseGcode(char*)+0x108>
    21ee:	41 2c       	mov	r4, r1
    21f0:	51 2c       	mov	r5, r1
    21f2:	88 e4       	ldi	r24, 0x48	; 72
    21f4:	68 2e       	mov	r6, r24
    21f6:	83 e4       	ldi	r24, 0x43	; 67
    21f8:	78 2e       	mov	r7, r24
_Z10parseGcodePc():
/Users/jacobmajors/Desktop/Coding/Pen Web Plotter/firmware/PenPlotter/PenPlotter.ino:545
      float spdY = (f / 60.0f) * Y_STEPS_MM;
      sx.setMaxSpeed(max(spdX, 200.0f));
    21fa:	b3 01       	movw	r22, r6
    21fc:	a2 01       	movw	r20, r4
    21fe:	84 e6       	ldi	r24, 0x64	; 100
    2200:	94 e0       	ldi	r25, 0x04	; 4
    2202:	0e 94 f5 25 	call	0x4bea	; 0x4bea <AccelStepper::setMaxSpeed(float)>
/Users/jacobmajors/Desktop/Coding/Pen Web Plotter/firmware/PenPlotter/PenPlotter.ino:546
      sy.setMaxSpeed(max(spdY, 200.0f));
    2206:	b3 01       	movw	r22, r6
    2208:	a2 01       	movw	r20, r4
    220a:	80 e2       	ldi	r24, 0x20	; 32
    220c:	94 e0       	ldi	r25, 0x04	; 4
    220e:	0e 94 f5 25 	call	0x4bea	; 0x4bea <AccelStepper::setMaxSpeed(float)>
/Users/jacobmajors/Desktop/Coding/Pen Web Plotter/firmware/PenPlotter/PenPlotter.ino:548
    }
    if (cmd == 0 || cmd == 1) {
    2212:	f2 e0       	ldi	r31, 0x02	; 2
    2214:	af 16       	cp	r10, r31
    2216:	b1 04       	cpc	r11, r1
    2218:	08 f0       	brcs	.+2      	; 0x221c <parseGcode(char*)+0x12a>
    221a:	a2 c0       	rjmp	.+324    	; 0x2360 <parseGcode(char*)+0x26e>
/Users/jacobmajors/Desktop/Coding/Pen Web Plotter/firmware/PenPlotter/PenPlotter.ino:549
      float tx = isnan(x) ? gcX : (absMode ? x : gcX + x);
    221c:	94 01       	movw	r18, r8
    221e:	a8 01       	movw	r20, r16
    2220:	b4 01       	movw	r22, r8
    2222:	c8 01       	movw	r24, r16
    2224:	0e 94 87 35 	call	0x6b0e	; 0x6b0e <__unordsf2>
    2228:	88 23       	and	r24, r24
    222a:	09 f4       	brne	.+2      	; 0x222e <parseGcode(char*)+0x13c>
    222c:	49 c0       	rjmp	.+146    	; 0x22c0 <parseGcode(char*)+0x1ce>
    222e:	80 90 a1 03 	lds	r8, 0x03A1	; 0x8003a1 <gcX>
    2232:	90 90 a2 03 	lds	r9, 0x03A2	; 0x8003a2 <gcX+0x1>
    2236:	00 91 a3 03 	lds	r16, 0x03A3	; 0x8003a3 <gcX+0x2>
    223a:	10 91 a4 03 	lds	r17, 0x03A4	; 0x8003a4 <gcX+0x3>
/Users/jacobmajors/Desktop/Coding/Pen Web Plotter/firmware/PenPlotter/PenPlotter.ino:550
      float ty = isnan(y) ? gcY : (absMode ? y : gcY + y);
    223e:	a7 01       	movw	r20, r14
    2240:	96 01       	movw	r18, r12
    2242:	c7 01       	movw	r24, r14
    2244:	b6 01       	movw	r22, r12
    2246:	0e 94 87 35 	call	0x6b0e	; 0x6b0e <__unordsf2>
    224a:	88 23       	and	r24, r24
    224c:	09 f4       	brne	.+2      	; 0x2250 <parseGcode(char*)+0x15e>
    224e:	65 c0       	rjmp	.+202    	; 0x231a <parseGcode(char*)+0x228>
/Users/jacobmajors/Desktop/Coding/Pen Web Plotter/firmware/PenPlotter/PenPlotter.ino:552
      if (!isnan(x) || !isnan(y)) moveToMM(tx, ty);
      if (!isnan(z)) { if (z > 4.0f) doPenUp(); else doPenDown(); redraw = true; }
    2250:	29 81       	ldd	r18, Y+1	; 0x01
    2252:	3a 81       	ldd	r19, Y+2	; 0x02
    2254:	4b 81       	ldd	r20, Y+3	; 0x03
    2256:	5c 81       	ldd	r21, Y+4	; 0x04
    2258:	ca 01       	movw	r24, r20
    225a:	b9 01       	movw	r22, r18
    225c:	0e 94 87 35 	call	0x6b0e	; 0x6b0e <__unordsf2>
    2260:	81 11       	cpse	r24, r1
    2262:	12 c0       	rjmp	.+36     	; 0x2288 <parseGcode(char*)+0x196>
    2264:	20 e0       	ldi	r18, 0x00	; 0
    2266:	30 e0       	ldi	r19, 0x00	; 0
    2268:	40 e8       	ldi	r20, 0x80	; 128
    226a:	50 e4       	ldi	r21, 0x40	; 64
    226c:	69 81       	ldd	r22, Y+1	; 0x01
    226e:	7a 81       	ldd	r23, Y+2	; 0x02
    2270:	8b 81       	ldd	r24, Y+3	; 0x03
    2272:	9c 81       	ldd	r25, Y+4	; 0x04
    2274:	0e 94 cf 34 	call	0x699e	; 0x699e <__gesf2>
    2278:	18 16       	cp	r1, r24
    227a:	0c f0       	brlt	.+2      	; 0x227e <parseGcode(char*)+0x18c>
    227c:	6e c0       	rjmp	.+220    	; 0x235a <parseGcode(char*)+0x268>
/Users/jacobmajors/Desktop/Coding/Pen Web Plotter/firmware/PenPlotter/PenPlotter.ino:552 (discriminator 2)
    227e:	0e 94 fe 07 	call	0xffc	; 0xffc <doPenUp()>
/Users/jacobmajors/Desktop/Coding/Pen Web Plotter/firmware/PenPlotter/PenPlotter.ino:556
    } else if (cmd == 28) {           // home: reset position counter, don't move
      gcX = 0; gcY = 0; posX = 0; posY = 0;
      sx.setCurrentPosition(0); sy.setCurrentPosition(0);
      redraw = true;
    2282:	81 e0       	ldi	r24, 0x01	; 1
    2284:	80 93 1c 01 	sts	0x011C, r24	; 0x80011c <redraw>
/Users/jacobmajors/Desktop/Coding/Pen Web Plotter/firmware/PenPlotter/PenPlotter.ino:572
      float a = gcParam(p, 'P');
      if (!isnan(a)) { sx.setAcceleration(a * X_STEPS_MM); sy.setAcceleration(a * Y_STEPS_MM); }
    }
    // M110 (line reset), M84 (motor hold), G21 (mm units) — silently accepted
  }
  Serial.println(F("ok"));
    2288:	67 ec       	ldi	r22, 0xC7	; 199
    228a:	70 e0       	ldi	r23, 0x00	; 0
    228c:	82 e4       	ldi	r24, 0x42	; 66
    228e:	9a e0       	ldi	r25, 0x0A	; 10
/Users/jacobmajors/Desktop/Coding/Pen Web Plotter/firmware/PenPlotter/PenPlotter.ino:573
}
    2290:	27 96       	adiw	r28, 0x07	; 7
    2292:	0f b6       	in	r0, 0x3f	; 63
    2294:	f8 94       	cli
    2296:	de bf       	out	0x3e, r29	; 62
    2298:	0f be       	out	0x3f, r0	; 63
    229a:	cd bf       	out	0x3d, r28	; 61
    229c:	df 91       	pop	r29
    229e:	cf 91       	pop	r28
    22a0:	1f 91       	pop	r17
    22a2:	0f 91       	pop	r16
    22a4:	ff 90       	pop	r15
    22a6:	ef 90       	pop	r14
    22a8:	df 90       	pop	r13
    22aa:	cf 90       	pop	r12
    22ac:	bf 90       	pop	r11
    22ae:	af 90       	pop	r10
    22b0:	9f 90       	pop	r9
    22b2:	8f 90       	pop	r8
    22b4:	7f 90       	pop	r7
    22b6:	6f 90       	pop	r6
    22b8:	5f 90       	pop	r5
    22ba:	4f 90       	pop	r4
/Users/jacobmajors/Desktop/Coding/Pen Web Plotter/firmware/PenPlotter/PenPlotter.ino:572
      float a = gcParam(p, 'P');
      if (!isnan(a)) { sx.setAcceleration(a * X_STEPS_MM); sy.setAcceleration(a * Y_STEPS_MM); }
    }
    // M110 (line reset), M84 (motor hold), G21 (mm units) — silently accepted
  }
  Serial.println(F("ok"));
    22bc:	0c 94 88 2d 	jmp	0x5b10	; 0x5b10 <Print::println(__FlashStringHelper const*)>
/Users/jacobmajors/Desktop/Coding/Pen Web Plotter/firmware/PenPlotter/PenPlotter.ino:549
      float spdY = (f / 60.0f) * Y_STEPS_MM;
      sx.setMaxSpeed(max(spdX, 200.0f));
      sy.setMaxSpeed(max(spdY, 200.0f));
    }
    if (cmd == 0 || cmd == 1) {
      float tx = isnan(x) ? gcX : (absMode ? x : gcX + x);
    22c0:	80 91 06 01 	lds	r24, 0x0106	; 0x800106 <absMode>
    22c4:	81 11       	cpse	r24, r1
    22c6:	f6 c0       	rjmp	.+492    	; 0x24b4 <parseGcode(char*)+0x3c2>
/Users/jacobmajors/Desktop/Coding/Pen Web Plotter/firmware/PenPlotter/PenPlotter.ino:549 (discriminator 9)
    22c8:	20 91 a1 03 	lds	r18, 0x03A1	; 0x8003a1 <gcX>
    22cc:	30 91 a2 03 	lds	r19, 0x03A2	; 0x8003a2 <gcX+0x1>
    22d0:	40 91 a3 03 	lds	r20, 0x03A3	; 0x8003a3 <gcX+0x2>
    22d4:	50 91 a4 03 	lds	r21, 0x03A4	; 0x8003a4 <gcX+0x3>
    22d8:	b4 01       	movw	r22, r8
    22da:	c8 01       	movw	r24, r16
    22dc:	0e 94 04 33 	call	0x6608	; 0x6608 <__addsf3>
    22e0:	5b 01       	movw	r10, r22
    22e2:	8f 83       	std	Y+7, r24	; 0x07
    22e4:	9d 83       	std	Y+5, r25	; 0x05
/Users/jacobmajors/Desktop/Coding/Pen Web Plotter/firmware/PenPlotter/PenPlotter.ino:550 (discriminator 9)
      float ty = isnan(y) ? gcY : (absMode ? y : gcY + y);
    22e6:	a7 01       	movw	r20, r14
    22e8:	96 01       	movw	r18, r12
    22ea:	c7 01       	movw	r24, r14
    22ec:	b6 01       	movw	r22, r12
    22ee:	0e 94 87 35 	call	0x6b0e	; 0x6b0e <__unordsf2>
    22f2:	81 11       	cpse	r24, r1
    22f4:	1a c0       	rjmp	.+52     	; 0x232a <parseGcode(char*)+0x238>
/Users/jacobmajors/Desktop/Coding/Pen Web Plotter/firmware/PenPlotter/PenPlotter.ino:549
      float spdY = (f / 60.0f) * Y_STEPS_MM;
      sx.setMaxSpeed(max(spdX, 200.0f));
      sy.setMaxSpeed(max(spdY, 200.0f));
    }
    if (cmd == 0 || cmd == 1) {
      float tx = isnan(x) ? gcX : (absMode ? x : gcX + x);
    22f6:	45 01       	movw	r8, r10
    22f8:	0f 81       	ldd	r16, Y+7	; 0x07
    22fa:	1d 81       	ldd	r17, Y+5	; 0x05
/Users/jacobmajors/Desktop/Coding/Pen Web Plotter/firmware/PenPlotter/PenPlotter.ino:550 (discriminator 9)
      float ty = isnan(y) ? gcY : (absMode ? y : gcY + y);
    22fc:	20 91 9d 03 	lds	r18, 0x039D	; 0x80039d <gcY>
    2300:	30 91 9e 03 	lds	r19, 0x039E	; 0x80039e <gcY+0x1>
    2304:	40 91 9f 03 	lds	r20, 0x039F	; 0x80039f <gcY+0x2>
    2308:	50 91 a0 03 	lds	r21, 0x03A0	; 0x8003a0 <gcY+0x3>
    230c:	c7 01       	movw	r24, r14
    230e:	b6 01       	movw	r22, r12
    2310:	0e 94 04 33 	call	0x6608	; 0x6608 <__addsf3>
    2314:	6b 01       	movw	r12, r22
    2316:	7c 01       	movw	r14, r24
    2318:	04 c0       	rjmp	.+8      	; 0x2322 <parseGcode(char*)+0x230>
/Users/jacobmajors/Desktop/Coding/Pen Web Plotter/firmware/PenPlotter/PenPlotter.ino:550
    231a:	80 91 06 01 	lds	r24, 0x0106	; 0x800106 <absMode>
    231e:	88 23       	and	r24, r24
    2320:	69 f3       	breq	.-38     	; 0x22fc <parseGcode(char*)+0x20a>
/Users/jacobmajors/Desktop/Coding/Pen Web Plotter/firmware/PenPlotter/PenPlotter.ino:549
      float spdY = (f / 60.0f) * Y_STEPS_MM;
      sx.setMaxSpeed(max(spdX, 200.0f));
      sy.setMaxSpeed(max(spdY, 200.0f));
    }
    if (cmd == 0 || cmd == 1) {
      float tx = isnan(x) ? gcX : (absMode ? x : gcX + x);
    2322:	54 01       	movw	r10, r8
    2324:	0f 83       	std	Y+7, r16	; 0x07
    2326:	1d 83       	std	Y+5, r17	; 0x05
    2328:	10 c0       	rjmp	.+32     	; 0x234a <parseGcode(char*)+0x258>
/Users/jacobmajors/Desktop/Coding/Pen Web Plotter/firmware/PenPlotter/PenPlotter.ino:550
      float ty = isnan(y) ? gcY : (absMode ? y : gcY + y);
    232a:	c0 90 9d 03 	lds	r12, 0x039D	; 0x80039d <gcY>
    232e:	d0 90 9e 03 	lds	r13, 0x039E	; 0x80039e <gcY+0x1>
    2332:	e0 90 9f 03 	lds	r14, 0x039F	; 0x80039f <gcY+0x2>
    2336:	f0 90 a0 03 	lds	r15, 0x03A0	; 0x8003a0 <gcY+0x3>
/Users/jacobmajors/Desktop/Coding/Pen Web Plotter/firmware/PenPlotter/PenPlotter.ino:551
      if (!isnan(x) || !isnan(y)) moveToMM(tx, ty);
    233a:	94 01       	movw	r18, r8
    233c:	a8 01       	movw	r20, r16
    233e:	b4 01       	movw	r22, r8
    2340:	c8 01       	movw	r24, r16
    2342:	0e 94 87 35 	call	0x6b0e	; 0x6b0e <__unordsf2>
    2346:	81 11       	cpse	r24, r1
    2348:	83 cf       	rjmp	.-250    	; 0x2250 <parseGcode(char*)+0x15e>
/Users/jacobmajors/Desktop/Coding/Pen Web Plotter/firmware/PenPlotter/PenPlotter.ino:551 (discriminator 3)
    234a:	a7 01       	movw	r20, r14
    234c:	96 01       	movw	r18, r12
    234e:	b5 01       	movw	r22, r10
    2350:	8f 81       	ldd	r24, Y+7	; 0x07
    2352:	9d 81       	ldd	r25, Y+5	; 0x05
    2354:	0e 94 04 10 	call	0x2008	; 0x2008 <moveToMM(float, float)>
    2358:	7b cf       	rjmp	.-266    	; 0x2250 <parseGcode(char*)+0x15e>
/Users/jacobmajors/Desktop/Coding/Pen Web Plotter/firmware/PenPlotter/PenPlotter.ino:552 (discriminator 3)
      if (!isnan(z)) { if (z > 4.0f) doPenUp(); else doPenDown(); redraw = true; }
    235a:	0e 94 09 08 	call	0x1012	; 0x1012 <doPenDown()>
    235e:	91 cf       	rjmp	.-222    	; 0x2282 <parseGcode(char*)+0x190>
/Users/jacobmajors/Desktop/Coding/Pen Web Plotter/firmware/PenPlotter/PenPlotter.ino:553
    } else if (cmd == 28) {           // home: reset position counter, don't move
    2360:	8c e1       	ldi	r24, 0x1C	; 28
    2362:	a8 16       	cp	r10, r24
    2364:	b1 04       	cpc	r11, r1
    2366:	79 f5       	brne	.+94     	; 0x23c6 <parseGcode(char*)+0x2d4>
/Users/jacobmajors/Desktop/Coding/Pen Web Plotter/firmware/PenPlotter/PenPlotter.ino:554
      gcX = 0; gcY = 0; posX = 0; posY = 0;
    2368:	10 92 a1 03 	sts	0x03A1, r1	; 0x8003a1 <gcX>
    236c:	10 92 a2 03 	sts	0x03A2, r1	; 0x8003a2 <gcX+0x1>
    2370:	10 92 a3 03 	sts	0x03A3, r1	; 0x8003a3 <gcX+0x2>
    2374:	10 92 a4 03 	sts	0x03A4, r1	; 0x8003a4 <gcX+0x3>
    2378:	10 92 9d 03 	sts	0x039D, r1	; 0x80039d <gcY>
    237c:	10 92 9e 03 	sts	0x039E, r1	; 0x80039e <gcY+0x1>
    2380:	10 92 9f 03 	sts	0x039F, r1	; 0x80039f <gcY+0x2>
    2384:	10 92 a0 03 	sts	0x03A0, r1	; 0x8003a0 <gcY+0x3>
    2388:	10 92 16 04 	sts	0x0416, r1	; 0x800416 <posX>
    238c:	10 92 17 04 	sts	0x0417, r1	; 0x800417 <posX+0x1>
    2390:	10 92 18 04 	sts	0x0418, r1	; 0x800418 <posX+0x2>
    2394:	10 92 19 04 	sts	0x0419, r1	; 0x800419 <posX+0x3>
    2398:	10 92 12 04 	sts	0x0412, r1	; 0x800412 <posY>
    239c:	10 92 13 04 	sts	0x0413, r1	; 0x800413 <posY+0x1>
    23a0:	10 92 14 04 	sts	0x0414, r1	; 0x800414 <posY+0x2>
    23a4:	10 92 15 04 	sts	0x0415, r1	; 0x800415 <posY+0x3>
/Users/jacobmajors/Desktop/Coding/Pen Web Plotter/firmware/PenPlotter/PenPlotter.ino:555
      sx.setCurrentPosition(0); sy.setCurrentPosition(0);
    23a8:	40 e0       	ldi	r20, 0x00	; 0
    23aa:	50 e0       	ldi	r21, 0x00	; 0
    23ac:	ba 01       	movw	r22, r20
    23ae:	84 e6       	ldi	r24, 0x64	; 100
    23b0:	94 e0       	ldi	r25, 0x04	; 4
    23b2:	0e 94 ae 25 	call	0x4b5c	; 0x4b5c <AccelStepper::setCurrentPosition(long)>
    23b6:	40 e0       	ldi	r20, 0x00	; 0
    23b8:	50 e0       	ldi	r21, 0x00	; 0
    23ba:	ba 01       	movw	r22, r20
    23bc:	80 e2       	ldi	r24, 0x20	; 32
    23be:	94 e0       	ldi	r25, 0x04	; 4
    23c0:	0e 94 ae 25 	call	0x4b5c	; 0x4b5c <AccelStepper::setCurrentPosition(long)>
    23c4:	5e cf       	rjmp	.-324    	; 0x2282 <parseGcode(char*)+0x190>
/Users/jacobmajors/Desktop/Coding/Pen Web Plotter/firmware/PenPlotter/PenPlotter.ino:557
      redraw = true;
    } else if (cmd == 90) { absMode = true;  }
    23c6:	ea e5       	ldi	r30, 0x5A	; 90
    23c8:	ae 16       	cp	r10, r30
    23ca:	b1 04       	cpc	r11, r1
    23cc:	21 f4       	brne	.+8      	; 0x23d6 <parseGcode(char*)+0x2e4>
/Users/jacobmajors/Desktop/Coding/Pen Web Plotter/firmware/PenPlotter/PenPlotter.ino:557 (discriminator 1)
    23ce:	81 e0       	ldi	r24, 0x01	; 1
    23d0:	80 93 06 01 	sts	0x0106, r24	; 0x800106 <absMode>
    23d4:	59 cf       	rjmp	.-334    	; 0x2288 <parseGcode(char*)+0x196>
/Users/jacobmajors/Desktop/Coding/Pen Web Plotter/firmware/PenPlotter/PenPlotter.ino:558
      else if (cmd == 91) { absMode = false; }
    23d6:	fb e5       	ldi	r31, 0x5B	; 91
    23d8:	af 16       	cp	r10, r31
    23da:	b1 04       	cpc	r11, r1
    23dc:	09 f0       	breq	.+2      	; 0x23e0 <parseGcode(char*)+0x2ee>
    23de:	54 cf       	rjmp	.-344    	; 0x2288 <parseGcode(char*)+0x196>
/Users/jacobmajors/Desktop/Coding/Pen Web Plotter/firmware/PenPlotter/PenPlotter.ino:558 (discriminator 1)
    23e0:	10 92 06 01 	sts	0x0106, r1	; 0x800106 <absMode>
    23e4:	51 cf       	rjmp	.-350    	; 0x2288 <parseGcode(char*)+0x196>
/Users/jacobmajors/Desktop/Coding/Pen Web Plotter/firmware/PenPlotter/PenPlotter.ino:559
  } else if (*p == 'M' || *p == 'm') {
    23e6:	8d 34       	cpi	r24, 0x4D	; 77
    23e8:	09 f0       	breq	.+2      	; 0x23ec <parseGcode(char*)+0x2fa>
    23ea:	4e cf       	rjmp	.-356    	; 0x2288 <parseGcode(char*)+0x196>
/Users/jacobmajors/Desktop/Coding/Pen Web Plotter/firmware/PenPlotter/PenPlotter.ino:560
    int cmd = atoi(p + 1);
    23ec:	8d 81       	ldd	r24, Y+5	; 0x05
    23ee:	9e 81       	ldd	r25, Y+6	; 0x06
    23f0:	01 96       	adiw	r24, 0x01	; 1
    23f2:	0e 94 72 37 	call	0x6ee4	; 0x6ee4 <atoi>
/Users/jacobmajors/Desktop/Coding/Pen Web Plotter/firmware/PenPlotter/PenPlotter.ino:561
    if (cmd == 115) {
    23f6:	83 37       	cpi	r24, 0x73	; 115
    23f8:	91 05       	cpc	r25, r1
    23fa:	39 f4       	brne	.+14     	; 0x240a <parseGcode(char*)+0x318>
/Users/jacobmajors/Desktop/Coding/Pen Web Plotter/firmware/PenPlotter/PenPlotter.ino:562
      Serial.println(F("FIRMWARE_NAME:PenPlotter FIRMWARE_VERSION:1.2 MACHINE_TYPE:PenPlotter EXTRUDER_COUNT:0"));
    23fc:	6a ec       	ldi	r22, 0xCA	; 202
    23fe:	70 e0       	ldi	r23, 0x00	; 0
    2400:	82 e4       	ldi	r24, 0x42	; 66
    2402:	9a e0       	ldi	r25, 0x0A	; 10
    2404:	0e 94 88 2d 	call	0x5b10	; 0x5b10 <Print::println(__FlashStringHelper const*)>
    2408:	3f cf       	rjmp	.-386    	; 0x2288 <parseGcode(char*)+0x196>
/Users/jacobmajors/Desktop/Coding/Pen Web Plotter/firmware/PenPlotter/PenPlotter.ino:563
    } else if (cmd == 203) {
    240a:	8b 3c       	cpi	r24, 0xCB	; 203
    240c:	91 05       	cpc	r25, r1
    240e:	51 f5       	brne	.+84     	; 0x2464 <parseGcode(char*)+0x372>
/Users/jacobmajors/Desktop/Coding/Pen Web Plotter/firmware/PenPlotter/PenPlotter.ino:564
      float v = gcParam(p, 'X');
    2410:	68 e5       	ldi	r22, 0x58	; 88
    2412:	8d 81       	ldd	r24, Y+5	; 0x05
    2414:	9e 81       	ldd	r25, Y+6	; 0x06
    2416:	0e 94 df 0f 	call	0x1fbe	; 0x1fbe <gcParam(char*, char)>
    241a:	6b 01       	movw	r12, r22
    241c:	7c 01       	movw	r14, r24
/Users/jacobmajors/Desktop/Coding/Pen Web Plotter/firmware/PenPlotter/PenPlotter.ino:565
      if (!isnan(v)) { sx.setMaxSpeed((v/60.0f)*X_STEPS_MM); sy.setMaxSpeed((v/60.0f)*Y_STEPS_MM); }
    241e:	ac 01       	movw	r20, r24
    2420:	9b 01       	movw	r18, r22
    2422:	0e 94 87 35 	call	0x6b0e	; 0x6b0e <__unordsf2>
    2426:	81 11       	cpse	r24, r1
    2428:	2f cf       	rjmp	.-418    	; 0x2288 <parseGcode(char*)+0x196>
/Users/jacobmajors/Desktop/Coding/Pen Web Plotter/firmware/PenPlotter/PenPlotter.ino:565 (discriminator 1)
    242a:	20 e0       	ldi	r18, 0x00	; 0
    242c:	30 e0       	ldi	r19, 0x00	; 0
    242e:	40 e7       	ldi	r20, 0x70	; 112
    2430:	52 e4       	ldi	r21, 0x42	; 66
    2432:	c7 01       	movw	r24, r14
    2434:	b6 01       	movw	r22, r12
    2436:	0e 94 75 33 	call	0x66ea	; 0x66ea <__divsf3>
    243a:	20 e0       	ldi	r18, 0x00	; 0
    243c:	30 e0       	ldi	r19, 0x00	; 0
    243e:	40 ea       	ldi	r20, 0xA0	; 160
    2440:	52 e4       	ldi	r21, 0x42	; 66
    2442:	0e 94 d4 34 	call	0x69a8	; 0x69a8 <__mulsf3>
    2446:	6b 01       	movw	r12, r22
    2448:	7c 01       	movw	r14, r24
    244a:	bc 01       	movw	r22, r24
    244c:	a6 01       	movw	r20, r12
    244e:	84 e6       	ldi	r24, 0x64	; 100
    2450:	94 e0       	ldi	r25, 0x04	; 4
    2452:	0e 94 f5 25 	call	0x4bea	; 0x4bea <AccelStepper::setMaxSpeed(float)>
    2456:	b7 01       	movw	r22, r14
    2458:	a6 01       	movw	r20, r12
    245a:	80 e2       	ldi	r24, 0x20	; 32
    245c:	94 e0       	ldi	r25, 0x04	; 4
    245e:	0e 94 f5 25 	call	0x4bea	; 0x4bea <AccelStepper::setMaxSpeed(float)>
    2462:	12 cf       	rjmp	.-476    	; 0x2288 <parseGcode(char*)+0x196>
/Users/jacobmajors/Desktop/Coding/Pen Web Plotter/firmware/PenPlotter/PenPlotter.ino:566
    } else if (cmd == 204) {
    2464:	8c 3c       	cpi	r24, 0xCC	; 204
    2466:	91 05       	cpc	r25, r1
    2468:	09 f0       	breq	.+2      	; 0x246c <parseGcode(char*)+0x37a>
    246a:	0e cf       	rjmp	.-484    	; 0x2288 <parseGcode(char*)+0x196>
/Users/jacobmajors/Desktop/Coding/Pen Web Plotter/firmware/PenPlotter/PenPlotter.ino:567
      float a = gcParam(p, 'P');
    246c:	60 e5       	ldi	r22, 0x50	; 80
    246e:	8d 81       	ldd	r24, Y+5	; 0x05
    2470:	9e 81       	ldd	r25, Y+6	; 0x06
    2472:	0e 94 df 0f 	call	0x1fbe	; 0x1fbe <gcParam(char*, char)>
    2476:	6b 01       	movw	r12, r22
    2478:	7c 01       	movw	r14, r24
/Users/jacobmajors/Desktop/Coding/Pen Web Plotter/firmware/PenPlotter/PenPlotter.ino:568
      if (!isnan(a)) { sx.setAcceleration(a * X_STEPS_MM); sy.setAcceleration(a * Y_STEPS_MM); }
    247a:	ac 01       	movw	r20, r24
    247c:	9b 01       	movw	r18, r22
    247e:	0e 94 87 35 	call	0x6b0e	; 0x6b0e <__unordsf2>
    2482:	81 11       	cpse	r24, r1
    2484:	01 cf       	rjmp	.-510    	; 0x2288 <parseGcode(char*)+0x196>
/Users/jacobmajors/Desktop/Coding/Pen Web Plotter/firmware/PenPlotter/PenPlotter.ino:568 (discriminator 1)
    2486:	20 e0       	ldi	r18, 0x00	; 0
    2488:	30 e0       	ldi	r19, 0x00	; 0
    248a:	40 ea       	ldi	r20, 0xA0	; 160
    248c:	52 e4       	ldi	r21, 0x42	; 66
    248e:	c7 01       	movw	r24, r14
    2490:	b6 01       	movw	r22, r12
    2492:	0e 94 d4 34 	call	0x69a8	; 0x69a8 <__mulsf3>
    2496:	6b 01       	movw	r12, r22
    2498:	7c 01       	movw	r14, r24
    249a:	bc 01       	movw	r22, r24
    249c:	a6 01       	movw	r20, r12
    249e:	84 e6       	ldi	r24, 0x64	; 100
    24a0:	94 e0       	ldi	r25, 0x04	; 4
    24a2:	0e 94 d5 26 	call	0x4daa	; 0x4daa <AccelStepper::setAcceleration(float)>
    24a6:	b7 01       	movw	r22, r14
    24a8:	a6 01       	movw	r20, r12
    24aa:	80 e2       	ldi	r24, 0x20	; 32
    24ac:	94 e0       	ldi	r25, 0x04	; 4
    24ae:	0e 94 d5 26 	call	0x4daa	; 0x4daa <AccelStepper::setAcceleration(float)>
    24b2:	ea ce       	rjmp	.-556    	; 0x2288 <parseGcode(char*)+0x196>
/Users/jacobmajors/Desktop/Coding/Pen Web Plotter/firmware/PenPlotter/PenPlotter.ino:550
      sx.setMaxSpeed(max(spdX, 200.0f));
      sy.setMaxSpeed(max(spdY, 200.0f));
    }
    if (cmd == 0 || cmd == 1) {
      float tx = isnan(x) ? gcX : (absMode ? x : gcX + x);
      float ty = isnan(y) ? gcY : (absMode ? y : gcY + y);
    24b4:	a7 01       	movw	r20, r14
    24b6:	96 01       	movw	r18, r12
    24b8:	c7 01       	movw	r24, r14
    24ba:	b6 01       	movw	r22, r12
    24bc:	0e 94 87 35 	call	0x6b0e	; 0x6b0e <__unordsf2>
    24c0:	88 23       	and	r24, r24
    24c2:	09 f4       	brne	.+2      	; 0x24c6 <parseGcode(char*)+0x3d4>
    24c4:	2a cf       	rjmp	.-428    	; 0x231a <parseGcode(char*)+0x228>
    24c6:	c0 90 9d 03 	lds	r12, 0x039D	; 0x80039d <gcY>
    24ca:	d0 90 9e 03 	lds	r13, 0x039E	; 0x80039e <gcY+0x1>
    24ce:	e0 90 9f 03 	lds	r14, 0x039F	; 0x80039f <gcY+0x2>
    24d2:	f0 90 a0 03 	lds	r15, 0x03A0	; 0x8003a0 <gcY+0x3>
    24d6:	25 cf       	rjmp	.-438    	; 0x2322 <parseGcode(char*)+0x230>

000024d8 <drawUSBScreen()>:
_Z13drawUSBScreenv():
/Users/jacobmajors/Desktop/Coding/Pen Web Plotter/firmware/PenPlotter/PenPlotter.ino:590
  }
  if (usbActive && millis() - lastSerial > 8000) { usbActive = false; redraw = true; }
}

// When USB is active, show a simple status screen instead of the menus
void drawUSBScreen() {
    24d8:	ff 92       	push	r15
    24da:	0f 93       	push	r16
    24dc:	1f 93       	push	r17
    24de:	cf 93       	push	r28
    24e0:	df 93       	push	r29
    24e2:	cd b7       	in	r28, 0x3d	; 61
    24e4:	de b7       	in	r29, 0x3e	; 62
    24e6:	68 97       	sbiw	r28, 0x18	; 24
    24e8:	0f b6       	in	r0, 0x3f	; 63
    24ea:	f8 94       	cli
    24ec:	de bf       	out	0x3e, r29	; 62
    24ee:	0f be       	out	0x3f, r0	; 63
    24f0:	cd bf       	out	0x3d, r28	; 61
_ZN4U8G211clearBufferEv():
/Users/jacobmajors/Documents/Arduino/libraries/U8g2/src/U8g2lib.h:188
    u8g2_uint_t getDisplayWidth(void) { return u8g2_GetDisplayWidth(&u8g2); }

    
    /* u8g2_buffer.c */
    void sendBuffer(void) { u8g2_SendBuffer(&u8g2); }
    void clearBuffer(void) { u8g2_ClearBuffer(&u8g2); }    
    24f2:	8c ea       	ldi	r24, 0xAC	; 172
    24f4:	94 e0       	ldi	r25, 0x04	; 4
    24f6:	0e 94 fb 16 	call	0x2df6	; 0x2df6 <u8g2_ClearBuffer>
_Z13drawUSBScreenv():
/Users/jacobmajors/Desktop/Coding/Pen Web Plotter/firmware/PenPlotter/PenPlotter.ino:592
  u8g2.clearBuffer();
  drawHeader("USB CONNECTED");
    24fa:	88 e5       	ldi	r24, 0x58	; 88
    24fc:	92 e0       	ldi	r25, 0x02	; 2
    24fe:	0e 94 b7 08 	call	0x116e	; 0x116e <drawHeader(char const*)>
_ZN4U8G27setFontEPKh():
/Users/jacobmajors/Documents/Arduino/libraries/U8g2/src/U8g2lib.h:269
    /* u8log_u8g2.c */
    void drawLog(u8g2_uint_t x, u8g2_uint_t y, class U8G2LOG &u8g2log);
    
    /* u8g2_font.c */

    void setFont(const uint8_t  *font) {u8g2_SetFont(&u8g2, font); }
    2502:	6e e5       	ldi	r22, 0x5E	; 94
    2504:	7a e0       	ldi	r23, 0x0A	; 10
    2506:	8c ea       	ldi	r24, 0xAC	; 172
    2508:	94 e0       	ldi	r25, 0x04	; 4
    250a:	0e 94 ef 1b 	call	0x37de	; 0x37de <u8g2_SetFont>
_Z13drawUSBScreenv():
/Users/jacobmajors/Desktop/Coding/Pen Web Plotter/firmware/PenPlotter/PenPlotter.ino:595
  u8g2.setFont(u8g2_font_5x8_tr);
  char buf[24];
  snprintf(buf, sizeof(buf), "X%+7.2f mm", posX);
    250e:	80 91 19 04 	lds	r24, 0x0419	; 0x800419 <posX+0x3>
    2512:	8f 93       	push	r24
    2514:	80 91 18 04 	lds	r24, 0x0418	; 0x800418 <posX+0x2>
    2518:	8f 93       	push	r24
    251a:	80 91 17 04 	lds	r24, 0x0417	; 0x800417 <posX+0x1>
    251e:	8f 93       	push	r24
    2520:	80 91 16 04 	lds	r24, 0x0416	; 0x800416 <posX>
    2524:	8f 93       	push	r24
    2526:	86 e6       	ldi	r24, 0x66	; 102
    2528:	92 e0       	ldi	r25, 0x02	; 2
    252a:	9f 93       	push	r25
    252c:	8f 93       	push	r24
    252e:	1f 92       	push	r1
    2530:	88 e1       	ldi	r24, 0x18	; 24
    2532:	f8 2e       	mov	r15, r24
    2534:	ff 92       	push	r15
    2536:	8e 01       	movw	r16, r28
    2538:	0f 5f       	subi	r16, 0xFF	; 255
    253a:	1f 4f       	sbci	r17, 0xFF	; 255
    253c:	1f 93       	push	r17
    253e:	0f 93       	push	r16
    2540:	0e 94 aa 37 	call	0x6f54	; 0x6f54 <snprintf>
/Users/jacobmajors/Desktop/Coding/Pen Web Plotter/firmware/PenPlotter/PenPlotter.ino:596
  u8g2.drawStr(4, 28, buf);
    2544:	98 01       	movw	r18, r16
    2546:	4c e1       	ldi	r20, 0x1C	; 28
    2548:	50 e0       	ldi	r21, 0x00	; 0
    254a:	64 e0       	ldi	r22, 0x04	; 4
    254c:	70 e0       	ldi	r23, 0x00	; 0
    254e:	88 ea       	ldi	r24, 0xA8	; 168
    2550:	94 e0       	ldi	r25, 0x04	; 4
    2552:	0e 94 c5 07 	call	0xf8a	; 0xf8a <U8G2::drawStr(unsigned int, unsigned int, char const*)>
/Users/jacobmajors/Desktop/Coding/Pen Web Plotter/firmware/PenPlotter/PenPlotter.ino:597
  snprintf(buf, sizeof(buf), "Y%+7.2f mm", posY);
    2556:	80 91 15 04 	lds	r24, 0x0415	; 0x800415 <posY+0x3>
    255a:	8f 93       	push	r24
    255c:	80 91 14 04 	lds	r24, 0x0414	; 0x800414 <posY+0x2>
    2560:	8f 93       	push	r24
    2562:	80 91 13 04 	lds	r24, 0x0413	; 0x800413 <posY+0x1>
    2566:	8f 93       	push	r24
    2568:	80 91 12 04 	lds	r24, 0x0412	; 0x800412 <posY>
    256c:	8f 93       	push	r24
    256e:	81 e7       	ldi	r24, 0x71	; 113
    2570:	92 e0       	ldi	r25, 0x02	; 2
    2572:	9f 93       	push	r25
    2574:	8f 93       	push	r24
    2576:	1f 92       	push	r1
    2578:	ff 92       	push	r15
    257a:	1f 93       	push	r17
    257c:	0f 93       	push	r16
    257e:	0e 94 aa 37 	call	0x6f54	; 0x6f54 <snprintf>
/Users/jacobmajors/Desktop/Coding/Pen Web Plotter/firmware/PenPlotter/PenPlotter.ino:598
  u8g2.drawStr(4, 40, buf);
    2582:	98 01       	movw	r18, r16
    2584:	48 e2       	ldi	r20, 0x28	; 40
    2586:	50 e0       	ldi	r21, 0x00	; 0
    2588:	64 e0       	ldi	r22, 0x04	; 4
    258a:	70 e0       	ldi	r23, 0x00	; 0
    258c:	88 ea       	ldi	r24, 0xA8	; 168
    258e:	94 e0       	ldi	r25, 0x04	; 4
    2590:	0e 94 c5 07 	call	0xf8a	; 0xf8a <U8G2::drawStr(unsigned int, unsigned int, char const*)>
/Users/jacobmajors/Desktop/Coding/Pen Web Plotter/firmware/PenPlotter/PenPlotter.ino:599
  u8g2.drawStr(4, 52, penIsUp ? "Pen: UP" : "Pen: DOWN");
    2594:	0f b6       	in	r0, 0x3f	; 63
    2596:	f8 94       	cli
    2598:	de bf       	out	0x3e, r29	; 62
    259a:	0f be       	out	0x3f, r0	; 63
    259c:	cd bf       	out	0x3d, r28	; 61
    259e:	80 91 19 01 	lds	r24, 0x0119	; 0x800119 <penIsUp>
    25a2:	2e e4       	ldi	r18, 0x4E	; 78
    25a4:	32 e0       	ldi	r19, 0x02	; 2
    25a6:	88 23       	and	r24, r24
    25a8:	11 f0       	breq	.+4      	; 0x25ae <drawUSBScreen()+0xd6>
    25aa:	26 e4       	ldi	r18, 0x46	; 70
    25ac:	32 e0       	ldi	r19, 0x02	; 2
/Users/jacobmajors/Desktop/Coding/Pen Web Plotter/firmware/PenPlotter/PenPlotter.ino:599 (discriminator 4)
    25ae:	44 e3       	ldi	r20, 0x34	; 52
    25b0:	50 e0       	ldi	r21, 0x00	; 0
    25b2:	64 e0       	ldi	r22, 0x04	; 4
    25b4:	70 e0       	ldi	r23, 0x00	; 0
    25b6:	88 ea       	ldi	r24, 0xA8	; 168
    25b8:	94 e0       	ldi	r25, 0x04	; 4
    25ba:	0e 94 c5 07 	call	0xf8a	; 0xf8a <U8G2::drawStr(unsigned int, unsigned int, char const*)>
_ZN4U8G27setFontEPKh():
/Users/jacobmajors/Documents/Arduino/libraries/U8g2/src/U8g2lib.h:269 (discriminator 4)
    25be:	6e e5       	ldi	r22, 0x5E	; 94
    25c0:	7a e0       	ldi	r23, 0x0A	; 10
    25c2:	8c ea       	ldi	r24, 0xAC	; 172
    25c4:	94 e0       	ldi	r25, 0x04	; 4
    25c6:	0e 94 ef 1b 	call	0x37de	; 0x37de <u8g2_SetFont>
_Z13drawUSBScreenv():
/Users/jacobmajors/Desktop/Coding/Pen Web Plotter/firmware/PenPlotter/PenPlotter.ino:601 (discriminator 4)
  u8g2.setFont(u8g2_font_5x8_tr);
  u8g2.drawStr(2, 63, "Controlled from browser");
    25ca:	2c e7       	ldi	r18, 0x7C	; 124
    25cc:	32 e0       	ldi	r19, 0x02	; 2
    25ce:	4f e3       	ldi	r20, 0x3F	; 63
    25d0:	50 e0       	ldi	r21, 0x00	; 0
    25d2:	62 e0       	ldi	r22, 0x02	; 2
    25d4:	70 e0       	ldi	r23, 0x00	; 0
    25d6:	88 ea       	ldi	r24, 0xA8	; 168
    25d8:	94 e0       	ldi	r25, 0x04	; 4
    25da:	0e 94 c5 07 	call	0xf8a	; 0xf8a <U8G2::drawStr(unsigned int, unsigned int, char const*)>
_ZN4U8G210sendBufferEv():
/Users/jacobmajors/Documents/Arduino/libraries/U8g2/src/U8g2lib.h:187 (discriminator 4)
    u8g2_uint_t getDisplayHeight(void) { return u8g2_GetDisplayHeight(&u8g2); }
    u8g2_uint_t getDisplayWidth(void) { return u8g2_GetDisplayWidth(&u8g2); }

    
    /* u8g2_buffer.c */
    void sendBuffer(void) { u8g2_SendBuffer(&u8g2); }
    25de:	8c ea       	ldi	r24, 0xAC	; 172
    25e0:	94 e0       	ldi	r25, 0x04	; 4
    25e2:	0e 94 10 17 	call	0x2e20	; 0x2e20 <u8g2_SendBuffer>
_Z13drawUSBScreenv():
/Users/jacobmajors/Desktop/Coding/Pen Web Plotter/firmware/PenPlotter/PenPlotter.ino:603 (discriminator 4)
  u8g2.sendBuffer();
}
    25e6:	68 96       	adiw	r28, 0x18	; 24
    25e8:	0f b6       	in	r0, 0x3f	; 63
    25ea:	f8 94       	cli
    25ec:	de bf       	out	0x3e, r29	; 62
    25ee:	0f be       	out	0x3f, r0	; 63
    25f0:	cd bf       	out	0x3d, r28	; 61
    25f2:	df 91       	pop	r29
    25f4:	cf 91       	pop	r28
    25f6:	1f 91       	pop	r17
    25f8:	0f 91       	pop	r16
    25fa:	ff 90       	pop	r15
    25fc:	08 95       	ret

000025fe <setup>:
_ZN14HardwareSerial5beginEm():
/Users/jacobmajors/Library/Arduino15/packages/MightyCore/hardware/avr/3.1.0/cores/MCUdude_corefiles/HardwareSerial.h:121
  public:
    inline HardwareSerial(
      volatile uint8_t *ubrrh, volatile uint8_t *ubrrl,
      volatile uint8_t *ucsra, volatile uint8_t *ucsrb,
      volatile uint8_t *ucsrc, volatile uint8_t *udr);
    void begin(unsigned long baud) { begin(baud, SERIAL_8N1); }
    25fe:	26 e0       	ldi	r18, 0x06	; 6
    2600:	40 e0       	ldi	r20, 0x00	; 0
    2602:	52 ec       	ldi	r21, 0xC2	; 194
    2604:	61 e0       	ldi	r22, 0x01	; 1
    2606:	70 e0       	ldi	r23, 0x00	; 0
    2608:	82 e4       	ldi	r24, 0x42	; 66
    260a:	9a e0       	ldi	r25, 0x0A	; 10
    260c:	0e 94 35 2c 	call	0x586a	; 0x586a <HardwareSerial::begin(unsigned long, unsigned char)>
setup():
/Users/jacobmajors/Desktop/Coding/Pen Web Plotter/firmware/PenPlotter/PenPlotter.ino:611
// SETUP
// ─────────────────────────────────────────────────────────────────────────────
void setup() {
  Serial.begin(115200);
  // Stepper enable — HIGH = disabled (A4988)
  pinMode(X_EN_PIN, OUTPUT); digitalWrite(X_EN_PIN, HIGH);
    2610:	61 e0       	ldi	r22, 0x01	; 1
    2612:	8e e0       	ldi	r24, 0x0E	; 14
    2614:	0e 94 70 32 	call	0x64e0	; 0x64e0 <pinMode>
    2618:	61 e0       	ldi	r22, 0x01	; 1
    261a:	8e e0       	ldi	r24, 0x0E	; 14
    261c:	0e 94 ac 32 	call	0x6558	; 0x6558 <digitalWrite>
/Users/jacobmajors/Desktop/Coding/Pen Web Plotter/firmware/PenPlotter/PenPlotter.ino:612
  pinMode(Y_EN_PIN, OUTPUT); digitalWrite(Y_EN_PIN, HIGH);
    2620:	61 e0       	ldi	r22, 0x01	; 1
    2622:	8a e1       	ldi	r24, 0x1A	; 26
    2624:	0e 94 70 32 	call	0x64e0	; 0x64e0 <pinMode>
    2628:	61 e0       	ldi	r22, 0x01	; 1
    262a:	8a e1       	ldi	r24, 0x1A	; 26
    262c:	0e 94 ac 32 	call	0x6558	; 0x6558 <digitalWrite>
/Users/jacobmajors/Desktop/Coding/Pen Web Plotter/firmware/PenPlotter/PenPlotter.ino:615

  // Encoder + button
  pinMode(ENC_A_PIN,   INPUT_PULLUP);
    2630:	62 e0       	ldi	r22, 0x02	; 2
    2632:	8b e0       	ldi	r24, 0x0B	; 11
    2634:	0e 94 70 32 	call	0x64e0	; 0x64e0 <pinMode>
/Users/jacobmajors/Desktop/Coding/Pen Web Plotter/firmware/PenPlotter/PenPlotter.ino:616
  pinMode(ENC_B_PIN,   INPUT_PULLUP);
    2638:	62 e0       	ldi	r22, 0x02	; 2
    263a:	8a e0       	ldi	r24, 0x0A	; 10
    263c:	0e 94 70 32 	call	0x64e0	; 0x64e0 <pinMode>
/Users/jacobmajors/Desktop/Coding/Pen Web Plotter/firmware/PenPlotter/PenPlotter.ino:617
  pinMode(ENC_BTN_PIN, INPUT_PULLUP);
    2640:	62 e0       	ldi	r22, 0x02	; 2
    2642:	80 e1       	ldi	r24, 0x10	; 16
    2644:	0e 94 70 32 	call	0x64e0	; 0x64e0 <pinMode>
/Users/jacobmajors/Desktop/Coding/Pen Web Plotter/firmware/PenPlotter/PenPlotter.ino:618
  pinMode(BEEPER_PIN,  OUTPUT);
    2648:	61 e0       	ldi	r22, 0x01	; 1
    264a:	8b e1       	ldi	r24, 0x1B	; 27
    264c:	0e 94 70 32 	call	0x64e0	; 0x64e0 <pinMode>
/Users/jacobmajors/Desktop/Coding/Pen Web Plotter/firmware/PenPlotter/PenPlotter.ino:621

  // Servo
  penServo.attach(PEN_SERVO_PIN);
    2650:	6d e0       	ldi	r22, 0x0D	; 13
    2652:	70 e0       	ldi	r23, 0x00	; 0
    2654:	8d e1       	ldi	r24, 0x1D	; 29
    2656:	94 e0       	ldi	r25, 0x04	; 4
    2658:	0e 94 b8 28 	call	0x5170	; 0x5170 <Servo::attach(int)>
/Users/jacobmajors/Desktop/Coding/Pen Web Plotter/firmware/PenPlotter/PenPlotter.ino:624

  // Steppers
  sx.setMaxSpeed(JOG_SPEED); sx.setAcceleration(JOG_ACCEL);
    265c:	40 e0       	ldi	r20, 0x00	; 0
    265e:	50 e8       	ldi	r21, 0x80	; 128
    2660:	6b e3       	ldi	r22, 0x3B	; 59
    2662:	75 e4       	ldi	r23, 0x45	; 69
    2664:	84 e6       	ldi	r24, 0x64	; 100
    2666:	94 e0       	ldi	r25, 0x04	; 4
    2668:	0e 94 f5 25 	call	0x4bea	; 0x4bea <AccelStepper::setMaxSpeed(float)>
    266c:	40 e0       	ldi	r20, 0x00	; 0
    266e:	50 e0       	ldi	r21, 0x00	; 0
    2670:	6a ef       	ldi	r22, 0xFA	; 250
    2672:	75 e4       	ldi	r23, 0x45	; 69
    2674:	84 e6       	ldi	r24, 0x64	; 100
    2676:	94 e0       	ldi	r25, 0x04	; 4
    2678:	0e 94 d5 26 	call	0x4daa	; 0x4daa <AccelStepper::setAcceleration(float)>
/Users/jacobmajors/Desktop/Coding/Pen Web Plotter/firmware/PenPlotter/PenPlotter.ino:625
  sy.setMaxSpeed(JOG_SPEED); sy.setAcceleration(JOG_ACCEL);
    267c:	40 e0       	ldi	r20, 0x00	; 0
    267e:	50 e8       	ldi	r21, 0x80	; 128
    2680:	6b e3       	ldi	r22, 0x3B	; 59
    2682:	75 e4       	ldi	r23, 0x45	; 69
    2684:	80 e2       	ldi	r24, 0x20	; 32
    2686:	94 e0       	ldi	r25, 0x04	; 4
    2688:	0e 94 f5 25 	call	0x4bea	; 0x4bea <AccelStepper::setMaxSpeed(float)>
    268c:	40 e0       	ldi	r20, 0x00	; 0
    268e:	50 e0       	ldi	r21, 0x00	; 0
    2690:	6a ef       	ldi	r22, 0xFA	; 250
    2692:	75 e4       	ldi	r23, 0x45	; 69
    2694:	80 e2       	ldi	r24, 0x20	; 32
    2696:	94 e0       	ldi	r25, 0x04	; 4
    2698:	0e 94 d5 26 	call	0x4daa	; 0x4daa <AccelStepper::setAcceleration(float)>
/Users/jacobmajors/Desktop/Coding/Pen Web Plotter/firmware/PenPlotter/PenPlotter.ino:628

  // Load saved pen heights
  loadSettings();
    269c:	0e 94 c8 07 	call	0xf90	; 0xf90 <loadSettings()>
/Users/jacobmajors/Desktop/Coding/Pen Web Plotter/firmware/PenPlotter/PenPlotter.ino:629
  doPenUp();
    26a0:	0e 94 fe 07 	call	0xffc	; 0xffc <doPenUp()>
_ZN4U8G211initDisplayEv():
/Users/jacobmajors/Documents/Arduino/libraries/U8g2/src/U8g2lib.h:119
    /* U8X8_MSG_GPIO_MENU_NEXT, U8X8_MSG_GPIO_MENU_PREV, */
    /* U8X8_MSG_GPIO_MENU_HOME */
    uint8_t getMenuEvent(void) { return u8x8_GetMenuEvent(u8g2_GetU8x8(&u8g2)); }

    void initDisplay(void) {
      u8g2_InitDisplay(&u8g2); }
    26a4:	8c ea       	ldi	r24, 0xAC	; 172
    26a6:	94 e0       	ldi	r25, 0x04	; 4
    26a8:	0e 94 c5 20 	call	0x418a	; 0x418a <u8x8_InitDisplay>
_ZN4U8G212clearDisplayEv():
/Users/jacobmajors/Documents/Arduino/libraries/U8g2/src/U8g2lib.h:127
    /* initInterface is part if initDisplay, do not call both use either initDisplay OR initInterface */       
    void initInterface(void) {          
      u8g2_InitInterface(&u8g2); }
      
    void clearDisplay(void) {
      u8g2_ClearDisplay(&u8g2); }
    26ac:	8c ea       	ldi	r24, 0xAC	; 172
    26ae:	94 e0       	ldi	r25, 0x04	; 4
    26b0:	0e 94 64 17 	call	0x2ec8	; 0x2ec8 <u8g2_ClearDisplay>
_ZN4U8G212setPowerSaveEh():
/Users/jacobmajors/Documents/Arduino/libraries/U8g2/src/U8g2lib.h:130
      
    void setPowerSave(uint8_t is_enable) {
      u8g2_SetPowerSave(&u8g2, is_enable); }
    26b4:	60 e0       	ldi	r22, 0x00	; 0
    26b6:	8c ea       	ldi	r24, 0xAC	; 172
    26b8:	94 e0       	ldi	r25, 0x04	; 4
    26ba:	0e 94 ce 20 	call	0x419c	; 0x419c <u8x8_SetPowerSave>
setup():
/Users/jacobmajors/Desktop/Coding/Pen Web Plotter/firmware/PenPlotter/PenPlotter.ino:635

  // Display
  u8g2.begin();

  // Startup double-beep
  beep(1500, 80); delay(120); beep(2200, 80);
    26be:	60 e5       	ldi	r22, 0x50	; 80
    26c0:	70 e0       	ldi	r23, 0x00	; 0
    26c2:	8c ed       	ldi	r24, 0xDC	; 220
    26c4:	95 e0       	ldi	r25, 0x05	; 5
    26c6:	0e 94 23 08 	call	0x1046	; 0x1046 <beep(unsigned int, unsigned int)>
    26ca:	68 e7       	ldi	r22, 0x78	; 120
    26cc:	70 e0       	ldi	r23, 0x00	; 0
    26ce:	80 e0       	ldi	r24, 0x00	; 0
    26d0:	90 e0       	ldi	r25, 0x00	; 0
    26d2:	0e 94 c2 31 	call	0x6384	; 0x6384 <delay>
    26d6:	60 e5       	ldi	r22, 0x50	; 80
    26d8:	70 e0       	ldi	r23, 0x00	; 0
    26da:	88 e9       	ldi	r24, 0x98	; 152
    26dc:	98 e0       	ldi	r25, 0x08	; 8
    26de:	0e 94 23 08 	call	0x1046	; 0x1046 <beep(unsigned int, unsigned int)>
/Users/jacobmajors/Desktop/Coding/Pen Web Plotter/firmware/PenPlotter/PenPlotter.ino:637

  redraw = true;
    26e2:	81 e0       	ldi	r24, 0x01	; 1
    26e4:	80 93 1c 01 	sts	0x011C, r24	; 0x80011c <redraw>
/Users/jacobmajors/Desktop/Coding/Pen Web Plotter/firmware/PenPlotter/PenPlotter.ino:638
}
    26e8:	08 95       	ret

000026ea <_GLOBAL__sub_I_u8g2>:
_GLOBAL__sub_I_u8g2():
/Users/jacobmajors/Desktop/Coding/Pen Web Plotter/firmware/PenPlotter/PenPlotter.ino:683

  if (redraw) {
    redraw = false;
    drawScreen();
  }
}
    26ea:	cf 92       	push	r12
    26ec:	ef 92       	push	r14
    26ee:	0f 93       	push	r16
    26f0:	cf 93       	push	r28
    26f2:	df 93       	push	r29
_ZN5PrintC4Ev():
/Users/jacobmajors/Library/Arduino15/packages/MightyCore/hardware/avr/3.1.0/cores/MCUdude_corefiles/Print.h:46
    size_t printNumber(unsigned long, uint8_t);
    size_t printFloat(double, uint8_t);
  protected:
    void setWriteError(int err = 1) { write_error = err; }
  public:
    Print() : write_error(0) {}
    26f4:	c8 ea       	ldi	r28, 0xA8	; 168
    26f6:	d4 e0       	ldi	r29, 0x04	; 4
    26f8:	1b 82       	std	Y+3, r1	; 0x03
    26fa:	1a 82       	std	Y+2, r1	; 0x02
_ZN4U8G2C4Ev():
/Users/jacobmajors/Documents/Arduino/libraries/U8g2/src/U8g2lib.h:68
    u8g2_t u8g2;
    u8x8_char_cb cpp_next_cb; /*  the cpp interface has its own decoding function for the Arduino print command */
  public:
    u8g2_uint_t tx, ty;
  
    U8G2(void) { cpp_next_cb = u8x8_ascii_next; home(); }
    26fc:	88 e9       	ldi	r24, 0x98	; 152
    26fe:	92 e0       	ldi	r25, 0x02	; 2
    2700:	99 83       	std	Y+1, r25	; 0x01
    2702:	88 83       	st	Y, r24
    2704:	80 eb       	ldi	r24, 0xB0	; 176
    2706:	9e e1       	ldi	r25, 0x1E	; 30
    2708:	90 93 39 05 	sts	0x0539, r25	; 0x800539 <u8g2+0x91>
    270c:	80 93 38 05 	sts	0x0538, r24	; 0x800538 <u8g2+0x90>
_ZN4U8G24homeEv():
/Users/jacobmajors/Documents/Arduino/libraries/U8g2/src/U8g2lib.h:390
    uint8_t userInterfaceInputValue(const char *title, const char *pre, uint8_t *value, uint8_t lo, uint8_t hi, uint8_t digits, const char *post) {
      return u8g2_UserInterfaceInputValue(&u8g2, title, pre, value, lo, hi, digits, post); }
    

     /* LiquidCrystal compatible functions */
    void home(void) { tx = 0; ty = 0;  u8x8_utf8_init(u8g2_GetU8x8(&u8g2)); }
    2710:	10 92 3b 05 	sts	0x053B, r1	; 0x80053b <u8g2+0x93>
    2714:	10 92 3a 05 	sts	0x053A, r1	; 0x80053a <u8g2+0x92>
    2718:	10 92 3d 05 	sts	0x053D, r1	; 0x80053d <u8g2+0x95>
    271c:	10 92 3c 05 	sts	0x053C, r1	; 0x80053c <u8g2+0x94>
    2720:	8c ea       	ldi	r24, 0xAC	; 172
    2722:	94 e0       	ldi	r25, 0x04	; 4
    2724:	0e 94 ba 1e 	call	0x3d74	; 0x3d74 <u8x8_utf8_init>
_ZN27U8G2_ST7920_128X64_F_SW_SPIC4EPK14u8g2_cb_structhhhh():
/Users/jacobmajors/Documents/Arduino/libraries/U8g2/src/U8g2lib.h:11589
    u8g2_Setup_st7920_s_128x64_2(&u8g2, rotation, u8x8_byte_arduino_2nd_hw_spi, u8x8_gpio_and_delay_arduino);
    u8x8_SetPin_ST7920_HW_SPI(getU8x8(), cs, reset);
  }
};
class U8G2_ST7920_128X64_F_SW_SPI : public U8G2 {
  public: U8G2_ST7920_128X64_F_SW_SPI(const u8g2_cb_t *rotation, uint8_t clock, uint8_t data, uint8_t cs, uint8_t reset = U8X8_PIN_NONE) : U8G2() {
    2728:	84 ea       	ldi	r24, 0xA4	; 164
    272a:	92 e0       	ldi	r25, 0x02	; 2
    272c:	99 83       	std	Y+1, r25	; 0x01
    272e:	88 83       	st	Y, r24
/Users/jacobmajors/Documents/Arduino/libraries/U8g2/src/U8g2lib.h:11590
    u8g2_Setup_st7920_s_128x64_f(&u8g2, rotation, u8x8_byte_arduino_4wire_sw_spi, u8x8_gpio_and_delay_arduino);
    2730:	28 ec       	ldi	r18, 0xC8	; 200
    2732:	34 e1       	ldi	r19, 0x14	; 20
    2734:	44 e3       	ldi	r20, 0x34	; 52
    2736:	55 e1       	ldi	r21, 0x15	; 21
    2738:	6e e0       	ldi	r22, 0x0E	; 14
    273a:	73 e0       	ldi	r23, 0x03	; 3
    273c:	8c ea       	ldi	r24, 0xAC	; 172
    273e:	94 e0       	ldi	r25, 0x04	; 4
    2740:	0e 94 7a 17 	call	0x2ef4	; 0x2ef4 <u8g2_Setup_st7920_s_128x64_f>
/Users/jacobmajors/Documents/Arduino/libraries/U8g2/src/U8g2lib.h:11591
    u8x8_SetPin_3Wire_SW_SPI(getU8x8(), clock, data, cs, reset);
    2744:	0f ef       	ldi	r16, 0xFF	; 255
    2746:	2c e1       	ldi	r18, 0x1C	; 28
    2748:	41 e1       	ldi	r20, 0x11	; 17
    274a:	6e e1       	ldi	r22, 0x1E	; 30
    274c:	8c ea       	ldi	r24, 0xAC	; 172
    274e:	94 e0       	ldi	r25, 0x04	; 4
    2750:	0e 94 29 16 	call	0x2c52	; 0x2c52 <u8x8_SetPin_3Wire_SW_SPI(u8x8_struct*, unsigned char, unsigned char, unsigned char, unsigned char)>
__static_initialization_and_destruction_0():
/Users/jacobmajors/Desktop/Coding/Pen Web Plotter/firmware/PenPlotter/PenPlotter.ino:64
#define EE_PEN_DN  2
#define MAGIC    0xA5

// ── Hardware Objects ──────────────────────────────────────────────────────────
U8G2_ST7920_128X64_F_SW_SPI u8g2(U8G2_R0, LCD_CLK_PIN, LCD_DATA_PIN, LCD_CS_PIN);
AccelStepper sx(AccelStepper::DRIVER, X_STEP_PIN, X_DIR_PIN);
    2754:	cc 24       	eor	r12, r12
    2756:	c3 94       	inc	r12
    2758:	85 e0       	ldi	r24, 0x05	; 5
    275a:	e8 2e       	mov	r14, r24
    275c:	04 e0       	ldi	r16, 0x04	; 4
    275e:	25 e1       	ldi	r18, 0x15	; 21
    2760:	4f e0       	ldi	r20, 0x0F	; 15
    2762:	61 e0       	ldi	r22, 0x01	; 1
    2764:	84 e6       	ldi	r24, 0x64	; 100
    2766:	94 e0       	ldi	r25, 0x04	; 4
    2768:	0e 94 6b 26 	call	0x4cd6	; 0x4cd6 <AccelStepper::AccelStepper(unsigned char, unsigned char, unsigned char, unsigned char, unsigned char, bool)>
/Users/jacobmajors/Desktop/Coding/Pen Web Plotter/firmware/PenPlotter/PenPlotter.ino:65
AccelStepper sy(AccelStepper::DRIVER, Y_STEP_PIN, Y_DIR_PIN);
    276c:	22 e0       	ldi	r18, 0x02	; 2
    276e:	43 e0       	ldi	r20, 0x03	; 3
    2770:	61 e0       	ldi	r22, 0x01	; 1
    2772:	80 e2       	ldi	r24, 0x20	; 32
    2774:	94 e0       	ldi	r25, 0x04	; 4
    2776:	0e 94 6b 26 	call	0x4cd6	; 0x4cd6 <AccelStepper::AccelStepper(unsigned char, unsigned char, unsigned char, unsigned char, unsigned char, bool)>
/Users/jacobmajors/Desktop/Coding/Pen Web Plotter/firmware/PenPlotter/PenPlotter.ino:66
Servo penServo;
    277a:	8d e1       	ldi	r24, 0x1D	; 29
    277c:	94 e0       	ldi	r25, 0x04	; 4
_GLOBAL__sub_I_u8g2():
/Users/jacobmajors/Desktop/Coding/Pen Web Plotter/firmware/PenPlotter/PenPlotter.ino:683

  if (redraw) {
    redraw = false;
    drawScreen();
  }
}
    277e:	df 91       	pop	r29
    2780:	cf 91       	pop	r28
    2782:	0f 91       	pop	r16
    2784:	ef 90       	pop	r14
    2786:	cf 90       	pop	r12
__static_initialization_and_destruction_0():
/Users/jacobmajors/Desktop/Coding/Pen Web Plotter/firmware/PenPlotter/PenPlotter.ino:66

// ── Hardware Objects ──────────────────────────────────────────────────────────
U8G2_ST7920_128X64_F_SW_SPI u8g2(U8G2_R0, LCD_CLK_PIN, LCD_DATA_PIN, LCD_CS_PIN);
AccelStepper sx(AccelStepper::DRIVER, X_STEP_PIN, X_DIR_PIN);
AccelStepper sy(AccelStepper::DRIVER, Y_STEP_PIN, Y_DIR_PIN);
Servo penServo;
    2788:	0c 94 0f 28 	jmp	0x501e	; 0x501e <Servo::Servo()>

0000278c <processSerial()>:
_Z13processSerialv():
/Users/jacobmajors/Desktop/Coding/Pen Web Plotter/firmware/PenPlotter/PenPlotter.ino:575
    // M110 (line reset), M84 (motor hold), G21 (mm units) — silently accepted
  }
  Serial.println(F("ok"));
}

void processSerial() {
    278c:	0f 93       	push	r16
    278e:	1f 93       	push	r17
    2790:	cf 93       	push	r28
    2792:	df 93       	push	r29
/Users/jacobmajors/Desktop/Coding/Pen Web Plotter/firmware/PenPlotter/PenPlotter.ino:579
  while (Serial.available()) {
    char c = (char)Serial.read();
    lastSerial = millis();
    if (!usbActive) { usbActive = true; redraw = true; }
    2794:	d1 e0       	ldi	r29, 0x01	; 1
/Users/jacobmajors/Desktop/Coding/Pen Web Plotter/firmware/PenPlotter/PenPlotter.ino:576
  }
  Serial.println(F("ok"));
}

void processSerial() {
  while (Serial.available()) {
    2796:	82 e4       	ldi	r24, 0x42	; 66
    2798:	9a e0       	ldi	r25, 0x0A	; 10
    279a:	0e 94 4e 2b 	call	0x569c	; 0x569c <HardwareSerial::available()>
    279e:	89 2b       	or	r24, r25
    27a0:	c9 f1       	breq	.+114    	; 0x2814 <processSerial()+0x88>
/Users/jacobmajors/Desktop/Coding/Pen Web Plotter/firmware/PenPlotter/PenPlotter.ino:577
    char c = (char)Serial.read();
    27a2:	82 e4       	ldi	r24, 0x42	; 66
    27a4:	9a e0       	ldi	r25, 0x0A	; 10
    27a6:	0e 94 68 2b 	call	0x56d0	; 0x56d0 <HardwareSerial::read()>
    27aa:	c8 2f       	mov	r28, r24
/Users/jacobmajors/Desktop/Coding/Pen Web Plotter/firmware/PenPlotter/PenPlotter.ino:578
    lastSerial = millis();
    27ac:	0e 94 91 31 	call	0x6322	; 0x6322 <millis>
    27b0:	60 93 98 03 	sts	0x0398, r22	; 0x800398 <__data_end>
    27b4:	70 93 99 03 	sts	0x0399, r23	; 0x800399 <__data_end+0x1>
    27b8:	80 93 9a 03 	sts	0x039A, r24	; 0x80039a <__data_end+0x2>
    27bc:	90 93 9b 03 	sts	0x039B, r25	; 0x80039b <__data_end+0x3>
/Users/jacobmajors/Desktop/Coding/Pen Web Plotter/firmware/PenPlotter/PenPlotter.ino:579
    if (!usbActive) { usbActive = true; redraw = true; }
    27c0:	80 91 9c 03 	lds	r24, 0x039C	; 0x80039c <usbActive>
    27c4:	81 11       	cpse	r24, r1
    27c6:	04 c0       	rjmp	.+8      	; 0x27d0 <processSerial()+0x44>
/Users/jacobmajors/Desktop/Coding/Pen Web Plotter/firmware/PenPlotter/PenPlotter.ino:579 (discriminator 1)
    27c8:	d0 93 9c 03 	sts	0x039C, r29	; 0x80039c <usbActive>
    27cc:	d0 93 1c 01 	sts	0x011C, r29	; 0x80011c <redraw>
/Users/jacobmajors/Desktop/Coding/Pen Web Plotter/firmware/PenPlotter/PenPlotter.ino:580
    if (c == '\n' || c == '\r') {
    27d0:	ca 30       	cpi	r28, 0x0A	; 10
    27d2:	11 f0       	breq	.+4      	; 0x27d8 <processSerial()+0x4c>
/Users/jacobmajors/Desktop/Coding/Pen Web Plotter/firmware/PenPlotter/PenPlotter.ino:580 (discriminator 1)
    27d4:	cd 30       	cpi	r28, 0x0D	; 13
    27d6:	79 f4       	brne	.+30     	; 0x27f6 <processSerial()+0x6a>
/Users/jacobmajors/Desktop/Coding/Pen Web Plotter/firmware/PenPlotter/PenPlotter.ino:581
      if (gcLen > 0) { gcBuf[gcLen] = '\0'; parseGcode(gcBuf); gcLen = 0; }
    27d8:	e0 91 a5 03 	lds	r30, 0x03A5	; 0x8003a5 <gcLen>
    27dc:	ee 23       	and	r30, r30
    27de:	d9 f2       	breq	.-74     	; 0x2796 <processSerial()+0xa>
/Users/jacobmajors/Desktop/Coding/Pen Web Plotter/firmware/PenPlotter/PenPlotter.ino:581 (discriminator 1)
    27e0:	f0 e0       	ldi	r31, 0x00	; 0
    27e2:	ea 55       	subi	r30, 0x5A	; 90
    27e4:	fc 4f       	sbci	r31, 0xFC	; 252
    27e6:	10 82       	st	Z, r1
    27e8:	86 ea       	ldi	r24, 0xA6	; 166
    27ea:	93 e0       	ldi	r25, 0x03	; 3
    27ec:	0e 94 79 10 	call	0x20f2	; 0x20f2 <parseGcode(char*)>
    27f0:	10 92 a5 03 	sts	0x03A5, r1	; 0x8003a5 <gcLen>
    27f4:	d0 cf       	rjmp	.-96     	; 0x2796 <processSerial()+0xa>
/Users/jacobmajors/Desktop/Coding/Pen Web Plotter/firmware/PenPlotter/PenPlotter.ino:582
    } else if (c != ';' && gcLen < GCODE_BUF - 1) {
    27f6:	cb 33       	cpi	r28, 0x3B	; 59
    27f8:	71 f2       	breq	.-100    	; 0x2796 <processSerial()+0xa>
/Users/jacobmajors/Desktop/Coding/Pen Web Plotter/firmware/PenPlotter/PenPlotter.ino:582 (discriminator 1)
    27fa:	e0 91 a5 03 	lds	r30, 0x03A5	; 0x8003a5 <gcLen>
    27fe:	ef 35       	cpi	r30, 0x5F	; 95
    2800:	50 f6       	brcc	.-108    	; 0x2796 <processSerial()+0xa>
/Users/jacobmajors/Desktop/Coding/Pen Web Plotter/firmware/PenPlotter/PenPlotter.ino:583
      gcBuf[gcLen++] = c;
    2802:	81 e0       	ldi	r24, 0x01	; 1
    2804:	8e 0f       	add	r24, r30
    2806:	80 93 a5 03 	sts	0x03A5, r24	; 0x8003a5 <gcLen>
    280a:	f0 e0       	ldi	r31, 0x00	; 0
    280c:	ea 55       	subi	r30, 0x5A	; 90
    280e:	fc 4f       	sbci	r31, 0xFC	; 252
    2810:	c0 83       	st	Z, r28
    2812:	c1 cf       	rjmp	.-126    	; 0x2796 <processSerial()+0xa>
/Users/jacobmajors/Desktop/Coding/Pen Web Plotter/firmware/PenPlotter/PenPlotter.ino:586
    }
  }
  if (usbActive && millis() - lastSerial > 8000) { usbActive = false; redraw = true; }
    2814:	80 91 9c 03 	lds	r24, 0x039C	; 0x80039c <usbActive>
    2818:	88 23       	and	r24, r24
    281a:	c1 f0       	breq	.+48     	; 0x284c <processSerial()+0xc0>
/Users/jacobmajors/Desktop/Coding/Pen Web Plotter/firmware/PenPlotter/PenPlotter.ino:586 (discriminator 1)
    281c:	0e 94 91 31 	call	0x6322	; 0x6322 <millis>
    2820:	00 91 98 03 	lds	r16, 0x0398	; 0x800398 <__data_end>
    2824:	10 91 99 03 	lds	r17, 0x0399	; 0x800399 <__data_end+0x1>
    2828:	20 91 9a 03 	lds	r18, 0x039A	; 0x80039a <__data_end+0x2>
    282c:	30 91 9b 03 	lds	r19, 0x039B	; 0x80039b <__data_end+0x3>
    2830:	60 1b       	sub	r22, r16
    2832:	71 0b       	sbc	r23, r17
    2834:	82 0b       	sbc	r24, r18
    2836:	93 0b       	sbc	r25, r19
    2838:	61 34       	cpi	r22, 0x41	; 65
    283a:	7f 41       	sbci	r23, 0x1F	; 31
    283c:	81 05       	cpc	r24, r1
    283e:	91 05       	cpc	r25, r1
    2840:	28 f0       	brcs	.+10     	; 0x284c <processSerial()+0xc0>
/Users/jacobmajors/Desktop/Coding/Pen Web Plotter/firmware/PenPlotter/PenPlotter.ino:586
    2842:	10 92 9c 03 	sts	0x039C, r1	; 0x80039c <usbActive>
    2846:	81 e0       	ldi	r24, 0x01	; 1
    2848:	80 93 1c 01 	sts	0x011C, r24	; 0x80011c <redraw>
/Users/jacobmajors/Desktop/Coding/Pen Web Plotter/firmware/PenPlotter/PenPlotter.ino:587
}
    284c:	df 91       	pop	r29
    284e:	cf 91       	pop	r28
    2850:	1f 91       	pop	r17
    2852:	0f 91       	pop	r16
    2854:	08 95       	ret

00002856 <loop>:
loop():
/Users/jacobmajors/Desktop/Coding/Pen Web Plotter/firmware/PenPlotter/PenPlotter.ino:643
}

// ─────────────────────────────────────────────────────────────────────────────
// MAIN LOOP
// ─────────────────────────────────────────────────────────────────────────────
void loop() {
    2856:	0f 93       	push	r16
    2858:	1f 93       	push	r17
    285a:	cf 93       	push	r28
/Users/jacobmajors/Desktop/Coding/Pen Web Plotter/firmware/PenPlotter/PenPlotter.ino:645
  // Serial G-code from browser (blocking moves happen inside parseGcode)
  processSerial();
    285c:	0e 94 c6 13 	call	0x278c	; 0x278c <processSerial()>
/Users/jacobmajors/Desktop/Coding/Pen Web Plotter/firmware/PenPlotter/PenPlotter.ino:647

  if (usbActive) {
    2860:	80 91 9c 03 	lds	r24, 0x039C	; 0x80039c <usbActive>
    2864:	88 23       	and	r24, r24
    2866:	01 f1       	breq	.+64     	; 0x28a8 <loop+0x52>
/Users/jacobmajors/Desktop/Coding/Pen Web Plotter/firmware/PenPlotter/PenPlotter.ino:649
    // USB mode: browser controls motion; encoder can still toggle pen
    pollEnc();
    2868:	0e 94 2a 08 	call	0x1054	; 0x1054 <pollEnc()>
/Users/jacobmajors/Desktop/Coding/Pen Web Plotter/firmware/PenPlotter/PenPlotter.ino:650
    bool clk = clicked; clicked = false;
    286c:	80 91 08 04 	lds	r24, 0x0408	; 0x800408 <clicked>
    2870:	10 92 08 04 	sts	0x0408, r1	; 0x800408 <clicked>
/Users/jacobmajors/Desktop/Coding/Pen Web Plotter/firmware/PenPlotter/PenPlotter.ino:651
    if (clk) { if (penIsUp) doPenDown(); else doPenUp(); redraw = true; }
    2874:	88 23       	and	r24, r24
    2876:	49 f0       	breq	.+18     	; 0x288a <loop+0x34>
/Users/jacobmajors/Desktop/Coding/Pen Web Plotter/firmware/PenPlotter/PenPlotter.ino:651 (discriminator 1)
    2878:	80 91 19 01 	lds	r24, 0x0119	; 0x800119 <penIsUp>
    287c:	88 23       	and	r24, r24
    287e:	89 f0       	breq	.+34     	; 0x28a2 <loop+0x4c>
/Users/jacobmajors/Desktop/Coding/Pen Web Plotter/firmware/PenPlotter/PenPlotter.ino:651 (discriminator 2)
    2880:	0e 94 09 08 	call	0x1012	; 0x1012 <doPenDown()>
/Users/jacobmajors/Desktop/Coding/Pen Web Plotter/firmware/PenPlotter/PenPlotter.ino:651 (discriminator 5)
    2884:	81 e0       	ldi	r24, 0x01	; 1
    2886:	80 93 1c 01 	sts	0x011C, r24	; 0x80011c <redraw>
/Users/jacobmajors/Desktop/Coding/Pen Web Plotter/firmware/PenPlotter/PenPlotter.ino:652
    if (redraw) { redraw = false; drawUSBScreen(); }
    288a:	80 91 1c 01 	lds	r24, 0x011C	; 0x80011c <redraw>
    288e:	88 23       	and	r24, r24
    2890:	09 f4       	brne	.+2      	; 0x2894 <loop+0x3e>
    2892:	7a c0       	rjmp	.+244    	; 0x2988 <loop+0x132>
/Users/jacobmajors/Desktop/Coding/Pen Web Plotter/firmware/PenPlotter/PenPlotter.ino:652 (discriminator 1)
    2894:	10 92 1c 01 	sts	0x011C, r1	; 0x80011c <redraw>
/Users/jacobmajors/Desktop/Coding/Pen Web Plotter/firmware/PenPlotter/PenPlotter.ino:683 (discriminator 1)

  if (redraw) {
    redraw = false;
    drawScreen();
  }
}
    2898:	cf 91       	pop	r28
    289a:	1f 91       	pop	r17
    289c:	0f 91       	pop	r16
/Users/jacobmajors/Desktop/Coding/Pen Web Plotter/firmware/PenPlotter/PenPlotter.ino:652 (discriminator 1)
  if (usbActive) {
    // USB mode: browser controls motion; encoder can still toggle pen
    pollEnc();
    bool clk = clicked; clicked = false;
    if (clk) { if (penIsUp) doPenDown(); else doPenUp(); redraw = true; }
    if (redraw) { redraw = false; drawUSBScreen(); }
    289e:	0c 94 6c 12 	jmp	0x24d8	; 0x24d8 <drawUSBScreen()>
/Users/jacobmajors/Desktop/Coding/Pen Web Plotter/firmware/PenPlotter/PenPlotter.ino:651 (discriminator 3)

  if (usbActive) {
    // USB mode: browser controls motion; encoder can still toggle pen
    pollEnc();
    bool clk = clicked; clicked = false;
    if (clk) { if (penIsUp) doPenDown(); else doPenUp(); redraw = true; }
    28a2:	0e 94 fe 07 	call	0xffc	; 0xffc <doPenUp()>
    28a6:	ee cf       	rjmp	.-36     	; 0x2884 <loop+0x2e>
/Users/jacobmajors/Desktop/Coding/Pen Web Plotter/firmware/PenPlotter/PenPlotter.ino:657
    if (redraw) { redraw = false; drawUSBScreen(); }
    return;
  }

  // Standalone knob-menu mode
  pollEnc();
    28a8:	0e 94 2a 08 	call	0x1054	; 0x1054 <pollEnc()>
/Users/jacobmajors/Desktop/Coding/Pen Web Plotter/firmware/PenPlotter/PenPlotter.ino:659

  int  d   = getDelta();
    28ac:	0e 94 9a 08 	call	0x1134	; 0x1134 <getDelta()>
    28b0:	8c 01       	movw	r16, r24
/Users/jacobmajors/Desktop/Coding/Pen Web Plotter/firmware/PenPlotter/PenPlotter.ino:660
  bool clk = clicked; clicked = false;
    28b2:	c0 91 08 04 	lds	r28, 0x0408	; 0x800408 <clicked>
    28b6:	10 92 08 04 	sts	0x0408, r1	; 0x800408 <clicked>
/Users/jacobmajors/Desktop/Coding/Pen Web Plotter/firmware/PenPlotter/PenPlotter.ino:662

  sx.run();
    28ba:	84 e6       	ldi	r24, 0x64	; 100
    28bc:	94 e0       	ldi	r25, 0x04	; 4
    28be:	0e 94 c4 25 	call	0x4b88	; 0x4b88 <AccelStepper::run()>
/Users/jacobmajors/Desktop/Coding/Pen Web Plotter/firmware/PenPlotter/PenPlotter.ino:663
  sy.run();
    28c2:	80 e2       	ldi	r24, 0x20	; 32
    28c4:	94 e0       	ldi	r25, 0x04	; 4
    28c6:	0e 94 c4 25 	call	0x4b88	; 0x4b88 <AccelStepper::run()>
/Users/jacobmajors/Desktop/Coding/Pen Web Plotter/firmware/PenPlotter/PenPlotter.ino:664
  if (sx.distanceToGo() == 0) disX();
    28ca:	84 e6       	ldi	r24, 0x64	; 100
    28cc:	94 e0       	ldi	r25, 0x04	; 4
    28ce:	0e 94 9c 25 	call	0x4b38	; 0x4b38 <AccelStepper::distanceToGo()>
    28d2:	67 2b       	or	r22, r23
    28d4:	68 2b       	or	r22, r24
    28d6:	69 2b       	or	r22, r25
    28d8:	11 f4       	brne	.+4      	; 0x28de <loop+0x88>
/Users/jacobmajors/Desktop/Coding/Pen Web Plotter/firmware/PenPlotter/PenPlotter.ino:664 (discriminator 1)
    28da:	0e 94 1b 08 	call	0x1036	; 0x1036 <disX()>
/Users/jacobmajors/Desktop/Coding/Pen Web Plotter/firmware/PenPlotter/PenPlotter.ino:665
  if (sy.distanceToGo() == 0) disY();
    28de:	80 e2       	ldi	r24, 0x20	; 32
    28e0:	94 e0       	ldi	r25, 0x04	; 4
    28e2:	0e 94 9c 25 	call	0x4b38	; 0x4b38 <AccelStepper::distanceToGo()>
    28e6:	67 2b       	or	r22, r23
    28e8:	68 2b       	or	r22, r24
    28ea:	69 2b       	or	r22, r25
    28ec:	11 f4       	brne	.+4      	; 0x28f2 <loop+0x9c>
/Users/jacobmajors/Desktop/Coding/Pen Web Plotter/firmware/PenPlotter/PenPlotter.ino:665 (discriminator 1)
    28ee:	0e 94 1f 08 	call	0x103e	; 0x103e <disY()>
/Users/jacobmajors/Desktop/Coding/Pen Web Plotter/firmware/PenPlotter/PenPlotter.ino:667

  if (d || clk) {
    28f2:	01 15       	cp	r16, r1
    28f4:	11 05       	cpc	r17, r1
    28f6:	11 f4       	brne	.+4      	; 0x28fc <loop+0xa6>
/Users/jacobmajors/Desktop/Coding/Pen Web Plotter/firmware/PenPlotter/PenPlotter.ino:667 (discriminator 1)
    28f8:	cc 23       	and	r28, r28
    28fa:	b1 f0       	breq	.+44     	; 0x2928 <loop+0xd2>
/Users/jacobmajors/Desktop/Coding/Pen Web Plotter/firmware/PenPlotter/PenPlotter.ino:668
    switch (scr) {
    28fc:	e0 91 1b 04 	lds	r30, 0x041B	; 0x80041b <scr>
    2900:	f0 91 1c 04 	lds	r31, 0x041C	; 0x80041c <scr+0x1>
    2904:	e7 30       	cpi	r30, 0x07	; 7
    2906:	f1 05       	cpc	r31, r1
    2908:	78 f4       	brcc	.+30     	; 0x2928 <loop+0xd2>
    290a:	e7 57       	subi	r30, 0x77	; 119
    290c:	fb 4e       	sbci	r31, 0xEB	; 235
    290e:	0c 94 26 36 	jmp	0x6c4c	; 0x6c4c <__tablejump2__>
    2912:	90 14       	cp	r9, r0
    2914:	9f 14       	cp	r9, r15
    2916:	a4 14       	cp	r10, r4
    2918:	a9 14       	cp	r10, r9
    291a:	ae 14       	cp	r10, r14
    291c:	b3 14       	cp	r11, r3
    291e:	b8 14       	cp	r11, r8
/Users/jacobmajors/Desktop/Coding/Pen Web Plotter/firmware/PenPlotter/PenPlotter.ino:669
      case MAIN:        handleMain(d, clk);       break;
    2920:	6c 2f       	mov	r22, r28
    2922:	c8 01       	movw	r24, r16
    2924:	0e 94 2c 0e 	call	0x1c58	; 0x1c58 <handleMain(int, bool)>
/Users/jacobmajors/Desktop/Coding/Pen Web Plotter/firmware/PenPlotter/PenPlotter.ino:679
      case EDIT_ANGLE:  handleEditAngle(d, clk);  break;
      case ABOUT:       handleAbout(d, clk);      break;
    }
  }

  if (redraw) {
    2928:	80 91 1c 01 	lds	r24, 0x011C	; 0x80011c <redraw>
    292c:	88 23       	and	r24, r24
    292e:	61 f1       	breq	.+88     	; 0x2988 <loop+0x132>
/Users/jacobmajors/Desktop/Coding/Pen Web Plotter/firmware/PenPlotter/PenPlotter.ino:680
    redraw = false;
    2930:	10 92 1c 01 	sts	0x011C, r1	; 0x80011c <redraw>
/Users/jacobmajors/Desktop/Coding/Pen Web Plotter/firmware/PenPlotter/PenPlotter.ino:683
    drawScreen();
  }
}
    2934:	cf 91       	pop	r28
    2936:	1f 91       	pop	r17
    2938:	0f 91       	pop	r16
/Users/jacobmajors/Desktop/Coding/Pen Web Plotter/firmware/PenPlotter/PenPlotter.ino:681
    }
  }

  if (redraw) {
    redraw = false;
    drawScreen();
    293a:	0c 94 0a 0e 	jmp	0x1c14	; 0x1c14 <drawScreen()>
/Users/jacobmajors/Desktop/Coding/Pen Web Plotter/firmware/PenPlotter/PenPlotter.ino:670
  if (sy.distanceToGo() == 0) disY();

  if (d || clk) {
    switch (scr) {
      case MAIN:        handleMain(d, clk);       break;
      case MANUAL:      handleManual(d, clk);     break;
    293e:	6c 2f       	mov	r22, r28
    2940:	c8 01       	movw	r24, r16
    2942:	0e 94 60 0e 	call	0x1cc0	; 0x1cc0 <handleManual(int, bool)>
    2946:	f0 cf       	rjmp	.-32     	; 0x2928 <loop+0xd2>
/Users/jacobmajors/Desktop/Coding/Pen Web Plotter/firmware/PenPlotter/PenPlotter.ino:671
      case JOG_X:       handleJogX(d, clk);       break;
    2948:	6c 2f       	mov	r22, r28
    294a:	c8 01       	movw	r24, r16
    294c:	0e 94 aa 0e 	call	0x1d54	; 0x1d54 <handleJogX(int, bool)>
    2950:	eb cf       	rjmp	.-42     	; 0x2928 <loop+0xd2>
/Users/jacobmajors/Desktop/Coding/Pen Web Plotter/firmware/PenPlotter/PenPlotter.ino:672
      case JOG_Y:       handleJogY(d, clk);       break;
    2952:	6c 2f       	mov	r22, r28
    2954:	c8 01       	movw	r24, r16
    2956:	0e 94 fb 0e 	call	0x1df6	; 0x1df6 <handleJogY(int, bool)>
    295a:	e6 cf       	rjmp	.-52     	; 0x2928 <loop+0xd2>
/Users/jacobmajors/Desktop/Coding/Pen Web Plotter/firmware/PenPlotter/PenPlotter.ino:673
      case PEN_HEIGHTS: handlePenHeights(d, clk); break;
    295c:	6c 2f       	mov	r22, r28
    295e:	c8 01       	movw	r24, r16
    2960:	0e 94 4c 0f 	call	0x1e98	; 0x1e98 <handlePenHeights(int, bool)>
    2964:	e1 cf       	rjmp	.-62     	; 0x2928 <loop+0xd2>
/Users/jacobmajors/Desktop/Coding/Pen Web Plotter/firmware/PenPlotter/PenPlotter.ino:674
      case EDIT_ANGLE:  handleEditAngle(d, clk);  break;
    2966:	6c 2f       	mov	r22, r28
    2968:	c8 01       	movw	r24, r16
    296a:	0e 94 9d 0f 	call	0x1f3a	; 0x1f3a <handleEditAngle(int, bool)>
    296e:	dc cf       	rjmp	.-72     	; 0x2928 <loop+0xd2>
_Z11handleAboutib():
/Users/jacobmajors/Desktop/Coding/Pen Web Plotter/firmware/PenPlotter/PenPlotter.ino:498
  }
}

void handleAbout(int d, bool clk) {
  (void)d;
  if (clk) { scr = MAIN; cursor = 0; redraw = true; }
    2970:	cc 23       	and	r28, r28
    2972:	d1 f2       	breq	.-76     	; 0x2928 <loop+0xd2>
    2974:	10 92 1c 04 	sts	0x041C, r1	; 0x80041c <scr+0x1>
    2978:	10 92 1b 04 	sts	0x041B, r1	; 0x80041b <scr>
    297c:	10 92 1a 04 	sts	0x041A, r1	; 0x80041a <cursor>
    2980:	81 e0       	ldi	r24, 0x01	; 1
    2982:	80 93 1c 01 	sts	0x011C, r24	; 0x80011c <redraw>
    2986:	d0 cf       	rjmp	.-96     	; 0x2928 <loop+0xd2>
loop():
/Users/jacobmajors/Desktop/Coding/Pen Web Plotter/firmware/PenPlotter/PenPlotter.ino:683

  if (redraw) {
    redraw = false;
    drawScreen();
  }
}
    2988:	cf 91       	pop	r28
    298a:	1f 91       	pop	r17
    298c:	0f 91       	pop	r16
    298e:	08 95       	ret

00002990 <u8x8_gpio_and_delay_arduino>:
u8x8_gpio_and_delay_arduino():
/Users/jacobmajors/Documents/Arduino/libraries/U8g2/src/U8x8lib.cpp:1699
  u8x8_SetPin(u8x8, U8X8_PIN_SPI_CLOCK, clock);
  u8x8_SetPin(u8x8, U8X8_PIN_SPI_DATA, data);
  u8x8_SetPin(u8x8, U8X8_PIN_CS, cs);
  u8x8_SetPin(u8x8, U8X8_PIN_DC, dc);
  u8x8_SetPin(u8x8, U8X8_PIN_RESET, reset);
}
    2990:	0f 93       	push	r16
    2992:	1f 93       	push	r17
    2994:	cf 93       	push	r28
    2996:	df 93       	push	r29
    2998:	8c 01       	movw	r16, r24
    299a:	c6 2f       	mov	r28, r22
    299c:	64 2f       	mov	r22, r20
    299e:	cc 32       	cpi	r28, 0x2C	; 44
    29a0:	a8 f4       	brcc	.+42     	; 0x29cc <u8x8_gpio_and_delay_arduino+0x3c>
    29a2:	ca 32       	cpi	r28, 0x2A	; 42
    29a4:	d0 f5       	brcc	.+116    	; 0x2a1a <u8x8_gpio_and_delay_arduino+0x8a>
    29a6:	c8 32       	cpi	r28, 0x28	; 40
    29a8:	39 f1       	breq	.+78     	; 0x29f8 <u8x8_gpio_and_delay_arduino+0x68>
    29aa:	c9 32       	cpi	r28, 0x29	; 41
    29ac:	e1 f1       	breq	.+120    	; 0x2a26 <u8x8_gpio_and_delay_arduino+0x96>
    29ae:	80 e0       	ldi	r24, 0x00	; 0
    29b0:	c0 34       	cpi	r28, 0x40	; 64
    29b2:	a0 f1       	brcs	.+104    	; 0x2a1c <u8x8_gpio_and_delay_arduino+0x8c>
    29b4:	cf 73       	andi	r28, 0x3F	; 63
    29b6:	f8 01       	movw	r30, r16
    29b8:	ec 0f       	add	r30, r28
    29ba:	f1 1d       	adc	r31, r1
    29bc:	d6 8d       	ldd	r29, Z+30	; 0x1e
    29be:	df 3f       	cpi	r29, 0xFF	; 255
    29c0:	61 f1       	breq	.+88     	; 0x2a1a <u8x8_gpio_and_delay_arduino+0x8a>
    29c2:	c0 31       	cpi	r28, 0x10	; 16
    29c4:	08 f0       	brcs	.+2      	; 0x29c8 <u8x8_gpio_and_delay_arduino+0x38>
    29c6:	42 c0       	rjmp	.+132    	; 0x2a4c <u8x8_gpio_and_delay_arduino+0xbc>
    29c8:	8d 2f       	mov	r24, r29
    29ca:	13 c0       	rjmp	.+38     	; 0x29f2 <u8x8_gpio_and_delay_arduino+0x62>
    29cc:	cd 32       	cpi	r28, 0x2D	; 45
    29ce:	89 f1       	breq	.+98     	; 0x2a32 <u8x8_gpio_and_delay_arduino+0xa2>
    29d0:	70 f3       	brcs	.-36     	; 0x29ae <u8x8_gpio_and_delay_arduino+0x1e>
    29d2:	84 eb       	ldi	r24, 0xB4	; 180
    29d4:	8c 0f       	add	r24, r28
    29d6:	82 30       	cpi	r24, 0x02	; 2
    29d8:	50 f7       	brcc	.-44     	; 0x29ae <u8x8_gpio_and_delay_arduino+0x1e>
    29da:	cf 73       	andi	r28, 0x3F	; 63
    29dc:	c0 0f       	add	r28, r16
    29de:	d1 2f       	mov	r29, r17
    29e0:	d1 1d       	adc	r29, r1
    29e2:	8e 8d       	ldd	r24, Y+30	; 0x1e
    29e4:	41 11       	cpse	r20, r1
    29e6:	2e c0       	rjmp	.+92     	; 0x2a44 <u8x8_gpio_and_delay_arduino+0xb4>
    29e8:	61 e0       	ldi	r22, 0x01	; 1
    29ea:	0e 94 70 32 	call	0x64e0	; 0x64e0 <pinMode>
    29ee:	60 e0       	ldi	r22, 0x00	; 0
    29f0:	8e 8d       	ldd	r24, Y+30	; 0x1e
    29f2:	0e 94 ac 32 	call	0x6558	; 0x6558 <digitalWrite>
    29f6:	11 c0       	rjmp	.+34     	; 0x2a1a <u8x8_gpio_and_delay_arduino+0x8a>
    29f8:	02 5e       	subi	r16, 0xE2	; 226
    29fa:	1f 4f       	sbci	r17, 0xFF	; 255
    29fc:	d0 e0       	ldi	r29, 0x00	; 0
    29fe:	f8 01       	movw	r30, r16
    2a00:	81 91       	ld	r24, Z+
    2a02:	8f 01       	movw	r16, r30
    2a04:	8f 3f       	cpi	r24, 0xFF	; 255
    2a06:	31 f0       	breq	.+12     	; 0x2a14 <u8x8_gpio_and_delay_arduino+0x84>
    2a08:	61 e0       	ldi	r22, 0x01	; 1
    2a0a:	d0 31       	cpi	r29, 0x10	; 16
    2a0c:	08 f0       	brcs	.+2      	; 0x2a10 <u8x8_gpio_and_delay_arduino+0x80>
    2a0e:	62 e0       	ldi	r22, 0x02	; 2
    2a10:	0e 94 70 32 	call	0x64e0	; 0x64e0 <pinMode>
    2a14:	df 5f       	subi	r29, 0xFF	; 255
    2a16:	d6 31       	cpi	r29, 0x16	; 22
    2a18:	91 f7       	brne	.-28     	; 0x29fe <u8x8_gpio_and_delay_arduino+0x6e>
    2a1a:	81 e0       	ldi	r24, 0x01	; 1
    2a1c:	df 91       	pop	r29
    2a1e:	cf 91       	pop	r28
    2a20:	1f 91       	pop	r17
    2a22:	0f 91       	pop	r16
    2a24:	08 95       	ret
    2a26:	70 e0       	ldi	r23, 0x00	; 0
    2a28:	90 e0       	ldi	r25, 0x00	; 0
    2a2a:	80 e0       	ldi	r24, 0x00	; 0
    2a2c:	0e 94 c2 31 	call	0x6384	; 0x6384 <delay>
    2a30:	f4 cf       	rjmp	.-24     	; 0x2a1a <u8x8_gpio_and_delay_arduino+0x8a>
    2a32:	85 e0       	ldi	r24, 0x05	; 5
    2a34:	90 e0       	ldi	r25, 0x00	; 0
    2a36:	43 30       	cpi	r20, 0x03	; 3
    2a38:	10 f0       	brcs	.+4      	; 0x2a3e <u8x8_gpio_and_delay_arduino+0xae>
    2a3a:	82 e0       	ldi	r24, 0x02	; 2
    2a3c:	90 e0       	ldi	r25, 0x00	; 0
    2a3e:	0e 94 fb 31 	call	0x63f6	; 0x63f6 <delayMicroseconds>
    2a42:	eb cf       	rjmp	.-42     	; 0x2a1a <u8x8_gpio_and_delay_arduino+0x8a>
    2a44:	62 e0       	ldi	r22, 0x02	; 2
    2a46:	0e 94 70 32 	call	0x64e0	; 0x64e0 <pinMode>
    2a4a:	e7 cf       	rjmp	.-50     	; 0x2a1a <u8x8_gpio_and_delay_arduino+0x8a>
    2a4c:	c0 31       	cpi	r28, 0x10	; 16
    2a4e:	11 f4       	brne	.+4      	; 0x2a54 <u8x8_gpio_and_delay_arduino+0xc4>
    2a50:	0e 94 32 31 	call	0x6264	; 0x6264 <yield>
    2a54:	8d 2f       	mov	r24, r29
    2a56:	0e 94 da 32 	call	0x65b4	; 0x65b4 <digitalRead>
    2a5a:	21 e0       	ldi	r18, 0x01	; 1
    2a5c:	89 2b       	or	r24, r25
    2a5e:	09 f4       	brne	.+2      	; 0x2a62 <u8x8_gpio_and_delay_arduino+0xd2>
    2a60:	20 e0       	ldi	r18, 0x00	; 0
    2a62:	f8 01       	movw	r30, r16
    2a64:	21 8f       	std	Z+25, r18	; 0x19
    2a66:	d9 cf       	rjmp	.-78     	; 0x2a1a <u8x8_gpio_and_delay_arduino+0x8a>

00002a68 <u8x8_byte_arduino_4wire_sw_spi>:
u8x8_byte_arduino_4wire_sw_spi():
    2a68:	1f 93       	push	r17
    2a6a:	cf 93       	push	r28
    2a6c:	df 93       	push	r29
    2a6e:	ec 01       	movw	r28, r24
    2a70:	a8 81       	ld	r26, Y
    2a72:	b9 81       	ldd	r27, Y+1	; 0x01
    2a74:	68 31       	cpi	r22, 0x18	; 24
    2a76:	09 f4       	brne	.+2      	; 0x2a7a <u8x8_byte_arduino_4wire_sw_spi+0x12>
    2a78:	9b c0       	rjmp	.+310    	; 0x2bb0 <u8x8_byte_arduino_4wire_sw_spi+0x148>
    2a7a:	38 f4       	brcc	.+14     	; 0x2a8a <u8x8_byte_arduino_4wire_sw_spi+0x22>
    2a7c:	64 31       	cpi	r22, 0x14	; 20
    2a7e:	09 f4       	brne	.+2      	; 0x2a82 <u8x8_byte_arduino_4wire_sw_spi+0x1a>
    2a80:	89 c0       	rjmp	.+274    	; 0x2b94 <u8x8_byte_arduino_4wire_sw_spi+0x12c>
    2a82:	67 31       	cpi	r22, 0x17	; 23
    2a84:	49 f0       	breq	.+18     	; 0x2a98 <u8x8_byte_arduino_4wire_sw_spi+0x30>
    2a86:	80 e0       	ldi	r24, 0x00	; 0
    2a88:	0e c0       	rjmp	.+28     	; 0x2aa6 <u8x8_byte_arduino_4wire_sw_spi+0x3e>
    2a8a:	69 31       	cpi	r22, 0x19	; 25
    2a8c:	09 f4       	brne	.+2      	; 0x2a90 <u8x8_byte_arduino_4wire_sw_spi+0x28>
    2a8e:	d4 c0       	rjmp	.+424    	; 0x2c38 <u8x8_byte_arduino_4wire_sw_spi+0x1d0>
    2a90:	60 32       	cpi	r22, 0x20	; 32
    2a92:	c9 f7       	brne	.-14     	; 0x2a86 <u8x8_byte_arduino_4wire_sw_spi+0x1e>
    2a94:	6a e4       	ldi	r22, 0x4A	; 74
    2a96:	88 c0       	rjmp	.+272    	; 0x2ba8 <u8x8_byte_arduino_4wire_sw_spi+0x140>
    2a98:	1c 96       	adiw	r26, 0x0c	; 12
    2a9a:	8c 91       	ld	r24, X
    2a9c:	80 fd       	sbrc	r24, 0
    2a9e:	3f c0       	rjmp	.+126    	; 0x2b1e <u8x8_byte_arduino_4wire_sw_spi+0xb6>
    2aa0:	41 11       	cpse	r20, r1
    2aa2:	05 c0       	rjmp	.+10     	; 0x2aae <u8x8_byte_arduino_4wire_sw_spi+0x46>
    2aa4:	81 e0       	ldi	r24, 0x01	; 1
    2aa6:	df 91       	pop	r29
    2aa8:	cf 91       	pop	r28
    2aaa:	1f 91       	pop	r17
    2aac:	08 95       	ret
    2aae:	f9 01       	movw	r30, r18
    2ab0:	81 91       	ld	r24, Z+
    2ab2:	9f 01       	movw	r18, r30
    2ab4:	41 50       	subi	r20, 0x01	; 1
    2ab6:	df b7       	in	r29, 0x3f	; 63
    2ab8:	f8 94       	cli
    2aba:	a0 91 40 05 	lds	r26, 0x0540	; 0x800540 <u8x8_byte_arduino_4wire_sw_spi::arduino_data_port>
    2abe:	b0 91 41 05 	lds	r27, 0x0541	; 0x800541 <u8x8_byte_arduino_4wire_sw_spi::arduino_data_port+0x1>
    2ac2:	c0 91 3e 05 	lds	r28, 0x053E	; 0x80053e <u8x8_byte_arduino_4wire_sw_spi::arduino_data_n_mask>
    2ac6:	e0 91 44 05 	lds	r30, 0x0544	; 0x800544 <u8x8_byte_arduino_4wire_sw_spi::arduino_clock_port>
    2aca:	f0 91 45 05 	lds	r31, 0x0545	; 0x800545 <u8x8_byte_arduino_4wire_sw_spi::arduino_clock_port+0x1>
    2ace:	70 91 43 05 	lds	r23, 0x0543	; 0x800543 <u8x8_byte_arduino_4wire_sw_spi::arduino_clock_mask>
    2ad2:	60 91 42 05 	lds	r22, 0x0542	; 0x800542 <u8x8_byte_arduino_4wire_sw_spi::arduino_clock_n_mask>
    2ad6:	81 11       	cpse	r24, r1
    2ad8:	0e c0       	rjmp	.+28     	; 0x2af6 <u8x8_byte_arduino_4wire_sw_spi+0x8e>
    2ada:	8c 91       	ld	r24, X
    2adc:	8c 23       	and	r24, r28
    2ade:	8c 93       	st	X, r24
    2ae0:	88 e0       	ldi	r24, 0x08	; 8
    2ae2:	90 81       	ld	r25, Z
    2ae4:	97 2b       	or	r25, r23
    2ae6:	90 83       	st	Z, r25
    2ae8:	90 81       	ld	r25, Z
    2aea:	96 23       	and	r25, r22
    2aec:	90 83       	st	Z, r25
    2aee:	81 50       	subi	r24, 0x01	; 1
    2af0:	c1 f7       	brne	.-16     	; 0x2ae2 <u8x8_byte_arduino_4wire_sw_spi+0x7a>
    2af2:	df bf       	out	0x3f, r29	; 63
    2af4:	d5 cf       	rjmp	.-86     	; 0x2aa0 <u8x8_byte_arduino_4wire_sw_spi+0x38>
    2af6:	10 91 3f 05 	lds	r17, 0x053F	; 0x80053f <u8x8_byte_arduino_4wire_sw_spi::arduino_data_mask>
    2afa:	98 e0       	ldi	r25, 0x08	; 8
    2afc:	5c 91       	ld	r21, X
    2afe:	87 ff       	sbrs	r24, 7
    2b00:	0c c0       	rjmp	.+24     	; 0x2b1a <u8x8_byte_arduino_4wire_sw_spi+0xb2>
    2b02:	51 2b       	or	r21, r17
    2b04:	5c 93       	st	X, r21
    2b06:	50 81       	ld	r21, Z
    2b08:	57 2b       	or	r21, r23
    2b0a:	50 83       	st	Z, r21
    2b0c:	88 0f       	add	r24, r24
    2b0e:	50 81       	ld	r21, Z
    2b10:	56 23       	and	r21, r22
    2b12:	50 83       	st	Z, r21
    2b14:	91 50       	subi	r25, 0x01	; 1
    2b16:	91 f7       	brne	.-28     	; 0x2afc <u8x8_byte_arduino_4wire_sw_spi+0x94>
    2b18:	ec cf       	rjmp	.-40     	; 0x2af2 <u8x8_byte_arduino_4wire_sw_spi+0x8a>
    2b1a:	5c 23       	and	r21, r28
    2b1c:	f3 cf       	rjmp	.-26     	; 0x2b04 <u8x8_byte_arduino_4wire_sw_spi+0x9c>
    2b1e:	44 23       	and	r20, r20
    2b20:	09 f4       	brne	.+2      	; 0x2b24 <u8x8_byte_arduino_4wire_sw_spi+0xbc>
    2b22:	c0 cf       	rjmp	.-128    	; 0x2aa4 <u8x8_byte_arduino_4wire_sw_spi+0x3c>
    2b24:	f9 01       	movw	r30, r18
    2b26:	81 91       	ld	r24, Z+
    2b28:	9f 01       	movw	r18, r30
    2b2a:	41 50       	subi	r20, 0x01	; 1
    2b2c:	df b7       	in	r29, 0x3f	; 63
    2b2e:	f8 94       	cli
    2b30:	a0 91 40 05 	lds	r26, 0x0540	; 0x800540 <u8x8_byte_arduino_4wire_sw_spi::arduino_data_port>
    2b34:	b0 91 41 05 	lds	r27, 0x0541	; 0x800541 <u8x8_byte_arduino_4wire_sw_spi::arduino_data_port+0x1>
    2b38:	c0 91 3e 05 	lds	r28, 0x053E	; 0x80053e <u8x8_byte_arduino_4wire_sw_spi::arduino_data_n_mask>
    2b3c:	e0 91 44 05 	lds	r30, 0x0544	; 0x800544 <u8x8_byte_arduino_4wire_sw_spi::arduino_clock_port>
    2b40:	f0 91 45 05 	lds	r31, 0x0545	; 0x800545 <u8x8_byte_arduino_4wire_sw_spi::arduino_clock_port+0x1>
    2b44:	60 91 43 05 	lds	r22, 0x0543	; 0x800543 <u8x8_byte_arduino_4wire_sw_spi::arduino_clock_mask>
    2b48:	70 91 42 05 	lds	r23, 0x0542	; 0x800542 <u8x8_byte_arduino_4wire_sw_spi::arduino_clock_n_mask>
    2b4c:	81 11       	cpse	r24, r1
    2b4e:	0e c0       	rjmp	.+28     	; 0x2b6c <u8x8_byte_arduino_4wire_sw_spi+0x104>
    2b50:	8c 91       	ld	r24, X
    2b52:	8c 23       	and	r24, r28
    2b54:	8c 93       	st	X, r24
    2b56:	88 e0       	ldi	r24, 0x08	; 8
    2b58:	90 81       	ld	r25, Z
    2b5a:	97 23       	and	r25, r23
    2b5c:	90 83       	st	Z, r25
    2b5e:	90 81       	ld	r25, Z
    2b60:	96 2b       	or	r25, r22
    2b62:	90 83       	st	Z, r25
    2b64:	81 50       	subi	r24, 0x01	; 1
    2b66:	c1 f7       	brne	.-16     	; 0x2b58 <u8x8_byte_arduino_4wire_sw_spi+0xf0>
    2b68:	df bf       	out	0x3f, r29	; 63
    2b6a:	d9 cf       	rjmp	.-78     	; 0x2b1e <u8x8_byte_arduino_4wire_sw_spi+0xb6>
    2b6c:	10 91 3f 05 	lds	r17, 0x053F	; 0x80053f <u8x8_byte_arduino_4wire_sw_spi::arduino_data_mask>
    2b70:	98 e0       	ldi	r25, 0x08	; 8
    2b72:	5c 91       	ld	r21, X
    2b74:	87 ff       	sbrs	r24, 7
    2b76:	0c c0       	rjmp	.+24     	; 0x2b90 <u8x8_byte_arduino_4wire_sw_spi+0x128>
    2b78:	51 2b       	or	r21, r17
    2b7a:	5c 93       	st	X, r21
    2b7c:	50 81       	ld	r21, Z
    2b7e:	57 23       	and	r21, r23
    2b80:	50 83       	st	Z, r21
    2b82:	88 0f       	add	r24, r24
    2b84:	50 81       	ld	r21, Z
    2b86:	56 2b       	or	r21, r22
    2b88:	50 83       	st	Z, r21
    2b8a:	91 50       	subi	r25, 0x01	; 1
    2b8c:	91 f7       	brne	.-28     	; 0x2b72 <u8x8_byte_arduino_4wire_sw_spi+0x10a>
    2b8e:	ec cf       	rjmp	.-40     	; 0x2b68 <u8x8_byte_arduino_4wire_sw_spi+0x100>
    2b90:	5c 23       	and	r21, r28
    2b92:	f3 cf       	rjmp	.-26     	; 0x2b7a <u8x8_byte_arduino_4wire_sw_spi+0x112>
    2b94:	11 96       	adiw	r26, 0x01	; 1
    2b96:	4c 91       	ld	r20, X
    2b98:	69 e4       	ldi	r22, 0x49	; 73
    2b9a:	0e 94 e0 20 	call	0x41c0	; 0x41c0 <u8x8_gpio_call>
    2b9e:	e8 81       	ld	r30, Y
    2ba0:	f9 81       	ldd	r31, Y+1	; 0x01
    2ba2:	44 85       	ldd	r20, Z+12	; 0x0c
    2ba4:	41 70       	andi	r20, 0x01	; 1
    2ba6:	60 e4       	ldi	r22, 0x40	; 64
    2ba8:	ce 01       	movw	r24, r28
    2baa:	0e 94 e0 20 	call	0x41c0	; 0x41c0 <u8x8_gpio_call>
    2bae:	7a cf       	rjmp	.-268    	; 0x2aa4 <u8x8_byte_arduino_4wire_sw_spi+0x3c>
    2bb0:	4c 91       	ld	r20, X
    2bb2:	69 e4       	ldi	r22, 0x49	; 73
    2bb4:	0e 94 e0 20 	call	0x41c0	; 0x41c0 <u8x8_gpio_call>
    2bb8:	a8 81       	ld	r26, Y
    2bba:	b9 81       	ldd	r27, Y+1	; 0x01
    2bbc:	ea 85       	ldd	r30, Y+10	; 0x0a
    2bbe:	fb 85       	ldd	r31, Y+11	; 0x0b
    2bc0:	30 e0       	ldi	r19, 0x00	; 0
    2bc2:	20 e0       	ldi	r18, 0x00	; 0
    2bc4:	12 96       	adiw	r26, 0x02	; 2
    2bc6:	4c 91       	ld	r20, X
    2bc8:	6c e2       	ldi	r22, 0x2C	; 44
    2bca:	ce 01       	movw	r24, r28
    2bcc:	09 95       	icall
    2bce:	8e 8d       	ldd	r24, Y+30	; 0x1e
    2bd0:	90 e0       	ldi	r25, 0x00	; 0
    2bd2:	fc 01       	movw	r30, r24
    2bd4:	e5 51       	subi	r30, 0x15	; 21
    2bd6:	f2 4f       	sbci	r31, 0xF2	; 242
    2bd8:	e4 91       	lpm	r30, Z
    2bda:	f0 e0       	ldi	r31, 0x00	; 0
    2bdc:	ee 0f       	add	r30, r30
    2bde:	ff 1f       	adc	r31, r31
    2be0:	eb 5e       	subi	r30, 0xEB	; 235
    2be2:	f1 4f       	sbci	r31, 0xF1	; 241
    2be4:	25 91       	lpm	r18, Z+
    2be6:	34 91       	lpm	r19, Z
    2be8:	30 93 45 05 	sts	0x0545, r19	; 0x800545 <u8x8_byte_arduino_4wire_sw_spi::arduino_clock_port+0x1>
    2bec:	20 93 44 05 	sts	0x0544, r18	; 0x800544 <u8x8_byte_arduino_4wire_sw_spi::arduino_clock_port>
    2bf0:	fc 01       	movw	r30, r24
    2bf2:	e5 53       	subi	r30, 0x35	; 53
    2bf4:	f2 4f       	sbci	r31, 0xF2	; 242
    2bf6:	e4 91       	lpm	r30, Z
    2bf8:	e0 93 43 05 	sts	0x0543, r30	; 0x800543 <u8x8_byte_arduino_4wire_sw_spi::arduino_clock_mask>
    2bfc:	e0 95       	com	r30
    2bfe:	e0 93 42 05 	sts	0x0542, r30	; 0x800542 <u8x8_byte_arduino_4wire_sw_spi::arduino_clock_n_mask>
    2c02:	8f 8d       	ldd	r24, Y+31	; 0x1f
    2c04:	90 e0       	ldi	r25, 0x00	; 0
    2c06:	fc 01       	movw	r30, r24
    2c08:	e5 51       	subi	r30, 0x15	; 21
    2c0a:	f2 4f       	sbci	r31, 0xF2	; 242
    2c0c:	e4 91       	lpm	r30, Z
    2c0e:	f0 e0       	ldi	r31, 0x00	; 0
    2c10:	ee 0f       	add	r30, r30
    2c12:	ff 1f       	adc	r31, r31
    2c14:	eb 5e       	subi	r30, 0xEB	; 235
    2c16:	f1 4f       	sbci	r31, 0xF1	; 241
    2c18:	25 91       	lpm	r18, Z+
    2c1a:	34 91       	lpm	r19, Z
    2c1c:	30 93 41 05 	sts	0x0541, r19	; 0x800541 <u8x8_byte_arduino_4wire_sw_spi::arduino_data_port+0x1>
    2c20:	20 93 40 05 	sts	0x0540, r18	; 0x800540 <u8x8_byte_arduino_4wire_sw_spi::arduino_data_port>
    2c24:	fc 01       	movw	r30, r24
    2c26:	e5 53       	subi	r30, 0x35	; 53
    2c28:	f2 4f       	sbci	r31, 0xF2	; 242
    2c2a:	e4 91       	lpm	r30, Z
    2c2c:	e0 93 3f 05 	sts	0x053F, r30	; 0x80053f <u8x8_byte_arduino_4wire_sw_spi::arduino_data_mask>
    2c30:	e0 95       	com	r30
    2c32:	e0 93 3e 05 	sts	0x053E, r30	; 0x80053e <u8x8_byte_arduino_4wire_sw_spi::arduino_data_n_mask>
    2c36:	36 cf       	rjmp	.-404    	; 0x2aa4 <u8x8_byte_arduino_4wire_sw_spi+0x3c>
    2c38:	ea 85       	ldd	r30, Y+10	; 0x0a
    2c3a:	fb 85       	ldd	r31, Y+11	; 0x0b
    2c3c:	30 e0       	ldi	r19, 0x00	; 0
    2c3e:	20 e0       	ldi	r18, 0x00	; 0
    2c40:	13 96       	adiw	r26, 0x03	; 3
    2c42:	4c 91       	ld	r20, X
    2c44:	6c e2       	ldi	r22, 0x2C	; 44
    2c46:	09 95       	icall
    2c48:	e8 81       	ld	r30, Y
    2c4a:	f9 81       	ldd	r31, Y+1	; 0x01
    2c4c:	41 81       	ldd	r20, Z+1	; 0x01
    2c4e:	69 e4       	ldi	r22, 0x49	; 73
    2c50:	ab cf       	rjmp	.-170    	; 0x2ba8 <u8x8_byte_arduino_4wire_sw_spi+0x140>

00002c52 <u8x8_SetPin_3Wire_SW_SPI(u8x8_struct*, unsigned char, unsigned char, unsigned char, unsigned char)>:
_Z24u8x8_SetPin_3Wire_SW_SPIP11u8x8_structhhhh():
/Users/jacobmajors/Documents/Arduino/libraries/U8g2/src/U8x8lib.cpp:1716
  u8x8_SetPin(u8x8, U8X8_PIN_RESET, reset);
}
#endif /* obsolete com specific setup */

void u8x8_SetPin_3Wire_SW_SPI(u8x8_t *u8x8, uint8_t clock, uint8_t data, uint8_t cs, uint8_t reset)
{
    2c52:	0f 93       	push	r16
    2c54:	fc 01       	movw	r30, r24
/Users/jacobmajors/Documents/Arduino/libraries/U8g2/src/U8x8lib.cpp:1717
  u8x8_SetPin(u8x8, U8X8_PIN_SPI_CLOCK, clock);
    2c56:	66 8f       	std	Z+30, r22	; 0x1e
/Users/jacobmajors/Documents/Arduino/libraries/U8g2/src/U8x8lib.cpp:1718
  u8x8_SetPin(u8x8, U8X8_PIN_SPI_DATA, data);
    2c58:	47 8f       	std	Z+31, r20	; 0x1f
/Users/jacobmajors/Documents/Arduino/libraries/U8g2/src/U8x8lib.cpp:1719
  u8x8_SetPin(u8x8, U8X8_PIN_CS, cs);
    2c5a:	27 a3       	std	Z+39, r18	; 0x27
/Users/jacobmajors/Documents/Arduino/libraries/U8g2/src/U8x8lib.cpp:1720
  u8x8_SetPin(u8x8, U8X8_PIN_RESET, reset);
    2c5c:	01 a7       	std	Z+41, r16	; 0x29
/Users/jacobmajors/Documents/Arduino/libraries/U8g2/src/U8x8lib.cpp:1721
}
    2c5e:	0f 91       	pop	r16
    2c60:	08 95       	ret

00002c62 <u8g2_DrawBox>:
u8g2_DrawBox():
/Users/jacobmajors/Documents/Arduino/libraries/U8g2/src/clib/u8g2_box.c:43
/*
  draw a filled box
  restriction: does not work for w = 0 or h = 0
*/
void u8g2_DrawBox(u8g2_t *u8g2, u8g2_uint_t x, u8g2_uint_t y, u8g2_uint_t w, u8g2_uint_t h)
{
    2c62:	8f 92       	push	r8
    2c64:	9f 92       	push	r9
    2c66:	af 92       	push	r10
    2c68:	bf 92       	push	r11
    2c6a:	cf 92       	push	r12
    2c6c:	df 92       	push	r13
    2c6e:	ef 92       	push	r14
    2c70:	ff 92       	push	r15
    2c72:	0f 93       	push	r16
    2c74:	1f 93       	push	r17
    2c76:	cf 93       	push	r28
    2c78:	df 93       	push	r29
    2c7a:	5c 01       	movw	r10, r24
    2c7c:	6b 01       	movw	r12, r22
    2c7e:	ea 01       	movw	r28, r20
    2c80:	49 01       	movw	r8, r18
/Users/jacobmajors/Documents/Arduino/libraries/U8g2/src/clib/u8g2_box.c:45
#ifdef U8G2_WITH_INTERSECTION
  if ( u8g2_IsIntersection(u8g2, x, y, x+w, y+h) == 0 ) 
    2c82:	7a 01       	movw	r14, r20
    2c84:	e0 0e       	add	r14, r16
    2c86:	f1 1e       	adc	r15, r17
    2c88:	9b 01       	movw	r18, r22
    2c8a:	28 0d       	add	r18, r8
    2c8c:	39 1d       	adc	r19, r9
    2c8e:	87 01       	movw	r16, r14
    2c90:	0e 94 ec 1c 	call	0x39d8	; 0x39d8 <u8g2_IsIntersection>
    2c94:	81 11       	cpse	r24, r1
    2c96:	15 c0       	rjmp	.+42     	; 0x2cc2 <u8g2_DrawBox+0x60>
/Users/jacobmajors/Documents/Arduino/libraries/U8g2/src/clib/u8g2_box.c:54
  { 
    u8g2_DrawHVLine(u8g2, x, y, w, 0);
    y++;    
    h--;
  }
}
    2c98:	df 91       	pop	r29
    2c9a:	cf 91       	pop	r28
    2c9c:	1f 91       	pop	r17
    2c9e:	0f 91       	pop	r16
    2ca0:	ff 90       	pop	r15
    2ca2:	ef 90       	pop	r14
    2ca4:	df 90       	pop	r13
    2ca6:	cf 90       	pop	r12
    2ca8:	bf 90       	pop	r11
    2caa:	af 90       	pop	r10
    2cac:	9f 90       	pop	r9
    2cae:	8f 90       	pop	r8
    2cb0:	08 95       	ret
/Users/jacobmajors/Documents/Arduino/libraries/U8g2/src/clib/u8g2_box.c:50
  if ( u8g2_IsIntersection(u8g2, x, y, x+w, y+h) == 0 ) 
    return;
#endif /* U8G2_WITH_INTERSECTION */
  while( h != 0 )
  { 
    u8g2_DrawHVLine(u8g2, x, y, w, 0);
    2cb2:	00 e0       	ldi	r16, 0x00	; 0
    2cb4:	94 01       	movw	r18, r8
    2cb6:	ae 01       	movw	r20, r28
    2cb8:	b6 01       	movw	r22, r12
    2cba:	c5 01       	movw	r24, r10
    2cbc:	0e 94 1f 1c 	call	0x383e	; 0x383e <u8g2_DrawHVLine>
/Users/jacobmajors/Documents/Arduino/libraries/U8g2/src/clib/u8g2_box.c:51
    y++;    
    2cc0:	21 96       	adiw	r28, 0x01	; 1
/Users/jacobmajors/Documents/Arduino/libraries/U8g2/src/clib/u8g2_box.c:48
{
#ifdef U8G2_WITH_INTERSECTION
  if ( u8g2_IsIntersection(u8g2, x, y, x+w, y+h) == 0 ) 
    return;
#endif /* U8G2_WITH_INTERSECTION */
  while( h != 0 )
    2cc2:	ec 16       	cp	r14, r28
    2cc4:	fd 06       	cpc	r15, r29
    2cc6:	a9 f7       	brne	.-22     	; 0x2cb2 <u8g2_DrawBox+0x50>
    2cc8:	e7 cf       	rjmp	.-50     	; 0x2c98 <u8g2_DrawBox+0x36>

00002cca <u8g2_DrawFrame>:
u8g2_DrawFrame():
/Users/jacobmajors/Documents/Arduino/libraries/U8g2/src/clib/u8g2_box.c:62
/*
  draw a frame (empty box)
  restriction: does not work for w = 0 or h = 0
*/
void u8g2_DrawFrame(u8g2_t *u8g2, u8g2_uint_t x, u8g2_uint_t y, u8g2_uint_t w, u8g2_uint_t h)
{
    2cca:	6f 92       	push	r6
    2ccc:	7f 92       	push	r7
    2cce:	8f 92       	push	r8
    2cd0:	9f 92       	push	r9
    2cd2:	af 92       	push	r10
    2cd4:	bf 92       	push	r11
    2cd6:	cf 92       	push	r12
    2cd8:	df 92       	push	r13
    2cda:	ef 92       	push	r14
    2cdc:	ff 92       	push	r15
    2cde:	0f 93       	push	r16
    2ce0:	1f 93       	push	r17
    2ce2:	cf 93       	push	r28
    2ce4:	df 93       	push	r29
    2ce6:	6c 01       	movw	r12, r24
    2ce8:	5b 01       	movw	r10, r22
    2cea:	ea 01       	movw	r28, r20
    2cec:	49 01       	movw	r8, r18
    2cee:	78 01       	movw	r14, r16
/Users/jacobmajors/Documents/Arduino/libraries/U8g2/src/clib/u8g2_box.c:66
  u8g2_uint_t xtmp = x;
  
#ifdef U8G2_WITH_INTERSECTION
  if ( u8g2_IsIntersection(u8g2, x, y, x+w, y+h) == 0 ) 
    2cf0:	3b 01       	movw	r6, r22
    2cf2:	62 0e       	add	r6, r18
    2cf4:	73 1e       	adc	r7, r19
    2cf6:	8a 01       	movw	r16, r20
    2cf8:	0e 0d       	add	r16, r14
    2cfa:	1f 1d       	adc	r17, r15
    2cfc:	93 01       	movw	r18, r6
    2cfe:	0e 94 ec 1c 	call	0x39d8	; 0x39d8 <u8g2_IsIntersection>
    2d02:	88 23       	and	r24, r24
    2d04:	51 f1       	breq	.+84     	; 0x2d5a <u8g2_DrawFrame+0x90>
/Users/jacobmajors/Documents/Arduino/libraries/U8g2/src/clib/u8g2_box.c:70
    return;
#endif /* U8G2_WITH_INTERSECTION */
  
  u8g2_DrawHVLine(u8g2, x, y, w, 0);
    2d06:	00 e0       	ldi	r16, 0x00	; 0
    2d08:	94 01       	movw	r18, r8
    2d0a:	ae 01       	movw	r20, r28
    2d0c:	b5 01       	movw	r22, r10
    2d0e:	c6 01       	movw	r24, r12
    2d10:	0e 94 1f 1c 	call	0x383e	; 0x383e <u8g2_DrawHVLine>
/Users/jacobmajors/Documents/Arduino/libraries/U8g2/src/clib/u8g2_box.c:71
  if (h >= 2) {
    2d14:	82 e0       	ldi	r24, 0x02	; 2
    2d16:	e8 16       	cp	r14, r24
    2d18:	f1 04       	cpc	r15, r1
    2d1a:	f8 f0       	brcs	.+62     	; 0x2d5a <u8g2_DrawFrame+0x90>
/Users/jacobmajors/Documents/Arduino/libraries/U8g2/src/clib/u8g2_box.c:72
    h-=2;
    2d1c:	82 e0       	ldi	r24, 0x02	; 2
    2d1e:	e8 1a       	sub	r14, r24
    2d20:	f1 08       	sbc	r15, r1
/Users/jacobmajors/Documents/Arduino/libraries/U8g2/src/clib/u8g2_box.c:73
    y++;
    2d22:	21 96       	adiw	r28, 0x01	; 1
/Users/jacobmajors/Documents/Arduino/libraries/U8g2/src/clib/u8g2_box.c:74
    if (h > 0) {
    2d24:	e1 14       	cp	r14, r1
    2d26:	f1 04       	cpc	r15, r1
    2d28:	89 f0       	breq	.+34     	; 0x2d4c <u8g2_DrawFrame+0x82>
/Users/jacobmajors/Documents/Arduino/libraries/U8g2/src/clib/u8g2_box.c:75
      u8g2_DrawHVLine(u8g2, x, y, h, 1);
    2d2a:	01 e0       	ldi	r16, 0x01	; 1
    2d2c:	97 01       	movw	r18, r14
    2d2e:	ae 01       	movw	r20, r28
    2d30:	b5 01       	movw	r22, r10
    2d32:	c6 01       	movw	r24, r12
    2d34:	0e 94 1f 1c 	call	0x383e	; 0x383e <u8g2_DrawHVLine>
/Users/jacobmajors/Documents/Arduino/libraries/U8g2/src/clib/u8g2_box.c:77
      x+=w;
      x--;
    2d38:	b3 01       	movw	r22, r6
    2d3a:	61 50       	subi	r22, 0x01	; 1
    2d3c:	71 09       	sbc	r23, r1
/Users/jacobmajors/Documents/Arduino/libraries/U8g2/src/clib/u8g2_box.c:78
      u8g2_DrawHVLine(u8g2, x, y, h, 1);
    2d3e:	97 01       	movw	r18, r14
    2d40:	ae 01       	movw	r20, r28
    2d42:	c6 01       	movw	r24, r12
    2d44:	0e 94 1f 1c 	call	0x383e	; 0x383e <u8g2_DrawHVLine>
/Users/jacobmajors/Documents/Arduino/libraries/U8g2/src/clib/u8g2_box.c:79
      y+=h;
    2d48:	ce 0d       	add	r28, r14
    2d4a:	df 1d       	adc	r29, r15
/Users/jacobmajors/Documents/Arduino/libraries/U8g2/src/clib/u8g2_box.c:81
    }
    u8g2_DrawHVLine(u8g2, xtmp, y, w, 0);
    2d4c:	00 e0       	ldi	r16, 0x00	; 0
    2d4e:	94 01       	movw	r18, r8
    2d50:	ae 01       	movw	r20, r28
    2d52:	b5 01       	movw	r22, r10
    2d54:	c6 01       	movw	r24, r12
    2d56:	0e 94 1f 1c 	call	0x383e	; 0x383e <u8g2_DrawHVLine>
/Users/jacobmajors/Documents/Arduino/libraries/U8g2/src/clib/u8g2_box.c:83
  }
}
    2d5a:	df 91       	pop	r29
    2d5c:	cf 91       	pop	r28
    2d5e:	1f 91       	pop	r17
    2d60:	0f 91       	pop	r16
    2d62:	ff 90       	pop	r15
    2d64:	ef 90       	pop	r14
    2d66:	df 90       	pop	r13
    2d68:	cf 90       	pop	r12
    2d6a:	bf 90       	pop	r11
    2d6c:	af 90       	pop	r10
    2d6e:	9f 90       	pop	r9
    2d70:	8f 90       	pop	r8
    2d72:	7f 90       	pop	r7
    2d74:	6f 90       	pop	r6
    2d76:	08 95       	ret

00002d78 <u8g2_send_buffer>:
u8g2_send_buffer():
/Users/jacobmajors/Documents/Arduino/libraries/U8g2/src/clib/u8g2_buffer.c:73
  For most displays, this will make the content visible to the user.
  Some displays (like the SSD1606) require a u8x8_RefreshDisplay()
*/
static void u8g2_send_buffer(u8g2_t *u8g2) U8X8_NOINLINE;
static void u8g2_send_buffer(u8g2_t *u8g2)
{
    2d78:	af 92       	push	r10
    2d7a:	bf 92       	push	r11
    2d7c:	cf 92       	push	r12
    2d7e:	df 92       	push	r13
    2d80:	ef 92       	push	r14
    2d82:	ff 92       	push	r15
    2d84:	0f 93       	push	r16
    2d86:	1f 93       	push	r17
    2d88:	cf 93       	push	r28
    2d8a:	df 93       	push	r29
    2d8c:	ec 01       	movw	r28, r24
/Users/jacobmajors/Documents/Arduino/libraries/U8g2/src/clib/u8g2_buffer.c:80
  uint8_t src_max;
  uint8_t dest_row;
  uint8_t dest_max;

  src_row = 0;
  src_max = u8g2->tile_buf_height;
    2d8e:	aa ac       	ldd	r10, Y+58	; 0x3a
/Users/jacobmajors/Documents/Arduino/libraries/U8g2/src/clib/u8g2_buffer.c:81
  dest_row = u8g2->tile_curr_row;
    2d90:	eb ac       	ldd	r14, Y+59	; 0x3b
/Users/jacobmajors/Documents/Arduino/libraries/U8g2/src/clib/u8g2_buffer.c:82
  dest_max = u8g2_GetU8x8(u8g2)->display_info->tile_height;
    2d92:	e8 81       	ld	r30, Y
    2d94:	f9 81       	ldd	r31, Y+1	; 0x01
    2d96:	b1 88       	ldd	r11, Z+17	; 0x11
/Users/jacobmajors/Documents/Arduino/libraries/U8g2/src/clib/u8g2_buffer.c:81
  uint8_t dest_row;
  uint8_t dest_max;

  src_row = 0;
  src_max = u8g2->tile_buf_height;
  dest_row = u8g2->tile_curr_row;
    2d98:	fe 2c       	mov	r15, r14
/Users/jacobmajors/Documents/Arduino/libraries/U8g2/src/clib/u8g2_buffer.c:82
  dest_max = u8g2_GetU8x8(u8g2)->display_info->tile_height;
    2d9a:	d1 2c       	mov	r13, r1
    2d9c:	c1 2c       	mov	r12, r1
u8g2_send_tile_row():
/Users/jacobmajors/Documents/Arduino/libraries/U8g2/src/clib/u8g2_buffer.c:57 (discriminator 2)
{
  uint8_t *ptr;
  uint16_t offset;
  uint8_t w;
  
  w = u8g2_GetU8x8(u8g2)->display_info->tile_width;
    2d9e:	e8 81       	ld	r30, Y
    2da0:	f9 81       	ldd	r31, Y+1	; 0x01
    2da2:	20 89       	ldd	r18, Z+16	; 0x10
/Users/jacobmajors/Documents/Arduino/libraries/U8g2/src/clib/u8g2_buffer.c:59 (discriminator 2)
  offset = src_tile_row;
  ptr = u8g2->tile_buf_ptr;
    2da4:	08 ad       	ldd	r16, Y+56	; 0x38
    2da6:	19 ad       	ldd	r17, Y+57	; 0x39
/Users/jacobmajors/Documents/Arduino/libraries/U8g2/src/clib/u8g2_buffer.c:61 (discriminator 2)
  offset *= w;
  offset *= 8;
    2da8:	88 e0       	ldi	r24, 0x08	; 8
    2daa:	28 9f       	mul	r18, r24
    2dac:	a0 01       	movw	r20, r0
    2dae:	11 24       	eor	r1, r1
    2db0:	4c 9d       	mul	r20, r12
    2db2:	c0 01       	movw	r24, r0
    2db4:	4d 9d       	mul	r20, r13
    2db6:	90 0d       	add	r25, r0
    2db8:	5c 9d       	mul	r21, r12
    2dba:	90 0d       	add	r25, r0
    2dbc:	11 24       	eor	r1, r1
/Users/jacobmajors/Documents/Arduino/libraries/U8g2/src/clib/u8g2_buffer.c:62 (discriminator 2)
  ptr += offset;
    2dbe:	08 0f       	add	r16, r24
    2dc0:	19 1f       	adc	r17, r25
/Users/jacobmajors/Documents/Arduino/libraries/U8g2/src/clib/u8g2_buffer.c:63 (discriminator 2)
  u8x8_DrawTile(u8g2_GetU8x8(u8g2), 0, dest_tile_row, w, ptr);
    2dc2:	4f 2d       	mov	r20, r15
    2dc4:	60 e0       	ldi	r22, 0x00	; 0
    2dc6:	ce 01       	movw	r24, r28
    2dc8:	0e 94 9a 20 	call	0x4134	; 0x4134 <u8x8_DrawTile>
u8g2_send_buffer():
/Users/jacobmajors/Documents/Arduino/libraries/U8g2/src/clib/u8g2_buffer.c:88 (discriminator 2)
  
  do
  {
    u8g2_send_tile_row(u8g2, src_row, dest_row);
    src_row++;
    dest_row++;
    2dcc:	f3 94       	inc	r15
/Users/jacobmajors/Documents/Arduino/libraries/U8g2/src/clib/u8g2_buffer.c:89 (discriminator 2)
  } while( src_row < src_max && dest_row < dest_max );
    2dce:	8f 2d       	mov	r24, r15
    2dd0:	8e 19       	sub	r24, r14
    2dd2:	8a 15       	cp	r24, r10
    2dd4:	28 f4       	brcc	.+10     	; 0x2de0 <u8g2_send_buffer+0x68>
    2dd6:	8f ef       	ldi	r24, 0xFF	; 255
    2dd8:	c8 1a       	sub	r12, r24
    2dda:	d8 0a       	sbc	r13, r24
/Users/jacobmajors/Documents/Arduino/libraries/U8g2/src/clib/u8g2_buffer.c:89 (discriminator 1)
    2ddc:	fb 14       	cp	r15, r11
    2dde:	f8 f2       	brcs	.-66     	; 0x2d9e <u8g2_send_buffer+0x26>
/Users/jacobmajors/Documents/Arduino/libraries/U8g2/src/clib/u8g2_buffer.c:90
}
    2de0:	df 91       	pop	r29
    2de2:	cf 91       	pop	r28
    2de4:	1f 91       	pop	r17
    2de6:	0f 91       	pop	r16
    2de8:	ff 90       	pop	r15
    2dea:	ef 90       	pop	r14
    2dec:	df 90       	pop	r13
    2dee:	cf 90       	pop	r12
    2df0:	bf 90       	pop	r11
    2df2:	af 90       	pop	r10
    2df4:	08 95       	ret

00002df6 <u8g2_ClearBuffer>:
u8g2_ClearBuffer():
/Users/jacobmajors/Documents/Arduino/libraries/U8g2/src/clib/u8g2_buffer.c:41
#include "u8g2.h"
#include <string.h>

/*============================================*/
void u8g2_ClearBuffer(u8g2_t *u8g2)
{
    2df6:	fc 01       	movw	r30, r24
/Users/jacobmajors/Documents/Arduino/libraries/U8g2/src/clib/u8g2_buffer.c:43
  size_t cnt;
  cnt = u8g2_GetU8x8(u8g2)->display_info->tile_width;
    2df8:	a0 81       	ld	r26, Z
    2dfa:	b1 81       	ldd	r27, Z+1	; 0x01
    2dfc:	50 96       	adiw	r26, 0x10	; 16
    2dfe:	2c 91       	ld	r18, X
/Users/jacobmajors/Documents/Arduino/libraries/U8g2/src/clib/u8g2_buffer.c:45
  cnt *= u8g2->tile_buf_height;
  cnt *= 8;
    2e00:	82 ad       	ldd	r24, Z+58	; 0x3a
    2e02:	38 e0       	ldi	r19, 0x08	; 8
    2e04:	83 9f       	mul	r24, r19
    2e06:	c0 01       	movw	r24, r0
    2e08:	11 24       	eor	r1, r1
    2e0a:	28 9f       	mul	r18, r24
    2e0c:	a0 01       	movw	r20, r0
    2e0e:	29 9f       	mul	r18, r25
    2e10:	50 0d       	add	r21, r0
    2e12:	11 24       	eor	r1, r1
/Users/jacobmajors/Documents/Arduino/libraries/U8g2/src/clib/u8g2_buffer.c:46
  memset(u8g2->tile_buf_ptr, 0, cnt);
    2e14:	70 e0       	ldi	r23, 0x00	; 0
    2e16:	60 e0       	ldi	r22, 0x00	; 0
    2e18:	80 ad       	ldd	r24, Z+56	; 0x38
    2e1a:	91 ad       	ldd	r25, Z+57	; 0x39
    2e1c:	0c 94 90 37 	jmp	0x6f20	; 0x6f20 <memset>

00002e20 <u8g2_SendBuffer>:
u8g2_SendBuffer():
/Users/jacobmajors/Documents/Arduino/libraries/U8g2/src/clib/u8g2_buffer.c:94
  } while( src_row < src_max && dest_row < dest_max );
}

/* same as u8g2_send_buffer but also send the DISPLAY_REFRESH message (used by SSD1606) */
void u8g2_SendBuffer(u8g2_t *u8g2)
{
    2e20:	cf 93       	push	r28
    2e22:	df 93       	push	r29
    2e24:	ec 01       	movw	r28, r24
/Users/jacobmajors/Documents/Arduino/libraries/U8g2/src/clib/u8g2_buffer.c:95
  u8g2_send_buffer(u8g2);
    2e26:	0e 94 bc 16 	call	0x2d78	; 0x2d78 <u8g2_send_buffer>
/Users/jacobmajors/Documents/Arduino/libraries/U8g2/src/clib/u8g2_buffer.c:96
  u8x8_RefreshDisplay( u8g2_GetU8x8(u8g2) );  
    2e2a:	ce 01       	movw	r24, r28
/Users/jacobmajors/Documents/Arduino/libraries/U8g2/src/clib/u8g2_buffer.c:97
}
    2e2c:	df 91       	pop	r29
    2e2e:	cf 91       	pop	r28
/Users/jacobmajors/Documents/Arduino/libraries/U8g2/src/clib/u8g2_buffer.c:96

/* same as u8g2_send_buffer but also send the DISPLAY_REFRESH message (used by SSD1606) */
void u8g2_SendBuffer(u8g2_t *u8g2)
{
  u8g2_send_buffer(u8g2);
  u8x8_RefreshDisplay( u8g2_GetU8x8(u8g2) );  
    2e30:	0c 94 d7 20 	jmp	0x41ae	; 0x41ae <u8x8_RefreshDisplay>

00002e34 <u8g2_SetBufferCurrTileRow>:
u8g2_SetBufferCurrTileRow():
/Users/jacobmajors/Documents/Arduino/libraries/U8g2/src/clib/u8g2_buffer.c:101
}

/*============================================*/
void u8g2_SetBufferCurrTileRow(u8g2_t *u8g2, uint8_t row)
{
    2e34:	cf 93       	push	r28
    2e36:	df 93       	push	r29
    2e38:	ec 01       	movw	r28, r24
/Users/jacobmajors/Documents/Arduino/libraries/U8g2/src/clib/u8g2_buffer.c:102
  u8g2->tile_curr_row = row;
    2e3a:	6b af       	std	Y+59, r22	; 0x3b
/Users/jacobmajors/Documents/Arduino/libraries/U8g2/src/clib/u8g2_buffer.c:103
  u8g2->cb->update_dimension(u8g2);
    2e3c:	ee a9       	ldd	r30, Y+54	; 0x36
    2e3e:	ff a9       	ldd	r31, Y+55	; 0x37
    2e40:	01 90       	ld	r0, Z+
    2e42:	f0 81       	ld	r31, Z
    2e44:	e0 2d       	mov	r30, r0
    2e46:	09 95       	icall
/Users/jacobmajors/Documents/Arduino/libraries/U8g2/src/clib/u8g2_buffer.c:104
  u8g2->cb->update_page_win(u8g2);
    2e48:	ee a9       	ldd	r30, Y+54	; 0x36
    2e4a:	ff a9       	ldd	r31, Y+55	; 0x37
    2e4c:	02 80       	ldd	r0, Z+2	; 0x02
    2e4e:	f3 81       	ldd	r31, Z+3	; 0x03
    2e50:	e0 2d       	mov	r30, r0
    2e52:	ce 01       	movw	r24, r28
/Users/jacobmajors/Documents/Arduino/libraries/U8g2/src/clib/u8g2_buffer.c:105
}
    2e54:	df 91       	pop	r29
    2e56:	cf 91       	pop	r28
/Users/jacobmajors/Documents/Arduino/libraries/U8g2/src/clib/u8g2_buffer.c:104
/*============================================*/
void u8g2_SetBufferCurrTileRow(u8g2_t *u8g2, uint8_t row)
{
  u8g2->tile_curr_row = row;
  u8g2->cb->update_dimension(u8g2);
  u8g2->cb->update_page_win(u8g2);
    2e58:	09 94       	ijmp

00002e5a <u8g2_FirstPage>:
u8g2_FirstPage():
/Users/jacobmajors/Documents/Arduino/libraries/U8g2/src/clib/u8g2_buffer.c:108
}

void u8g2_FirstPage(u8g2_t *u8g2)
{
    2e5a:	cf 93       	push	r28
    2e5c:	df 93       	push	r29
    2e5e:	ec 01       	movw	r28, r24
/Users/jacobmajors/Documents/Arduino/libraries/U8g2/src/clib/u8g2_buffer.c:109
  if ( u8g2->is_auto_page_clear )
    2e60:	fc 01       	movw	r30, r24
    2e62:	e5 57       	subi	r30, 0x75	; 117
    2e64:	ff 4f       	sbci	r31, 0xFF	; 255
    2e66:	80 81       	ld	r24, Z
    2e68:	88 23       	and	r24, r24
    2e6a:	19 f0       	breq	.+6      	; 0x2e72 <u8g2_FirstPage+0x18>
/Users/jacobmajors/Documents/Arduino/libraries/U8g2/src/clib/u8g2_buffer.c:111
  {
    u8g2_ClearBuffer(u8g2);
    2e6c:	ce 01       	movw	r24, r28
    2e6e:	0e 94 fb 16 	call	0x2df6	; 0x2df6 <u8g2_ClearBuffer>
/Users/jacobmajors/Documents/Arduino/libraries/U8g2/src/clib/u8g2_buffer.c:113
  }
  u8g2_SetBufferCurrTileRow(u8g2, 0);
    2e72:	60 e0       	ldi	r22, 0x00	; 0
    2e74:	ce 01       	movw	r24, r28
/Users/jacobmajors/Documents/Arduino/libraries/U8g2/src/clib/u8g2_buffer.c:114
}
    2e76:	df 91       	pop	r29
    2e78:	cf 91       	pop	r28
/Users/jacobmajors/Documents/Arduino/libraries/U8g2/src/clib/u8g2_buffer.c:113
{
  if ( u8g2->is_auto_page_clear )
  {
    u8g2_ClearBuffer(u8g2);
  }
  u8g2_SetBufferCurrTileRow(u8g2, 0);
    2e7a:	0c 94 1a 17 	jmp	0x2e34	; 0x2e34 <u8g2_SetBufferCurrTileRow>

00002e7e <u8g2_NextPage>:
u8g2_NextPage():
/Users/jacobmajors/Documents/Arduino/libraries/U8g2/src/clib/u8g2_buffer.c:117
}

uint8_t u8g2_NextPage(u8g2_t *u8g2)
{
    2e7e:	1f 93       	push	r17
    2e80:	cf 93       	push	r28
    2e82:	df 93       	push	r29
    2e84:	ec 01       	movw	r28, r24
/Users/jacobmajors/Documents/Arduino/libraries/U8g2/src/clib/u8g2_buffer.c:119
  uint8_t row;
  u8g2_send_buffer(u8g2);
    2e86:	0e 94 bc 16 	call	0x2d78	; 0x2d78 <u8g2_send_buffer>
/Users/jacobmajors/Documents/Arduino/libraries/U8g2/src/clib/u8g2_buffer.c:120
  row = u8g2->tile_curr_row;
    2e8a:	1b ad       	ldd	r17, Y+59	; 0x3b
/Users/jacobmajors/Documents/Arduino/libraries/U8g2/src/clib/u8g2_buffer.c:121
  row += u8g2->tile_buf_height;
    2e8c:	8a ad       	ldd	r24, Y+58	; 0x3a
    2e8e:	18 0f       	add	r17, r24
/Users/jacobmajors/Documents/Arduino/libraries/U8g2/src/clib/u8g2_buffer.c:122
  if ( row >= u8g2_GetU8x8(u8g2)->display_info->tile_height )
    2e90:	e8 81       	ld	r30, Y
    2e92:	f9 81       	ldd	r31, Y+1	; 0x01
    2e94:	81 89       	ldd	r24, Z+17	; 0x11
    2e96:	18 17       	cp	r17, r24
    2e98:	40 f0       	brcs	.+16     	; 0x2eaa <u8g2_NextPage+0x2c>
/Users/jacobmajors/Documents/Arduino/libraries/U8g2/src/clib/u8g2_buffer.c:124
  {
    u8x8_RefreshDisplay( u8g2_GetU8x8(u8g2) );
    2e9a:	ce 01       	movw	r24, r28
    2e9c:	0e 94 d7 20 	call	0x41ae	; 0x41ae <u8x8_RefreshDisplay>
/Users/jacobmajors/Documents/Arduino/libraries/U8g2/src/clib/u8g2_buffer.c:125
    return 0;
    2ea0:	80 e0       	ldi	r24, 0x00	; 0
/Users/jacobmajors/Documents/Arduino/libraries/U8g2/src/clib/u8g2_buffer.c:133
  {
    u8g2_ClearBuffer(u8g2);
  }
  u8g2_SetBufferCurrTileRow(u8g2, row);
  return 1;
}
    2ea2:	df 91       	pop	r29
    2ea4:	cf 91       	pop	r28
    2ea6:	1f 91       	pop	r17
    2ea8:	08 95       	ret
/Users/jacobmajors/Documents/Arduino/libraries/U8g2/src/clib/u8g2_buffer.c:127
  if ( row >= u8g2_GetU8x8(u8g2)->display_info->tile_height )
  {
    u8x8_RefreshDisplay( u8g2_GetU8x8(u8g2) );
    return 0;
  }
  if ( u8g2->is_auto_page_clear )
    2eaa:	fe 01       	movw	r30, r28
    2eac:	e5 57       	subi	r30, 0x75	; 117
    2eae:	ff 4f       	sbci	r31, 0xFF	; 255
    2eb0:	80 81       	ld	r24, Z
    2eb2:	88 23       	and	r24, r24
    2eb4:	19 f0       	breq	.+6      	; 0x2ebc <u8g2_NextPage+0x3e>
/Users/jacobmajors/Documents/Arduino/libraries/U8g2/src/clib/u8g2_buffer.c:129
  {
    u8g2_ClearBuffer(u8g2);
    2eb6:	ce 01       	movw	r24, r28
    2eb8:	0e 94 fb 16 	call	0x2df6	; 0x2df6 <u8g2_ClearBuffer>
/Users/jacobmajors/Documents/Arduino/libraries/U8g2/src/clib/u8g2_buffer.c:131
  }
  u8g2_SetBufferCurrTileRow(u8g2, row);
    2ebc:	61 2f       	mov	r22, r17
    2ebe:	ce 01       	movw	r24, r28
    2ec0:	0e 94 1a 17 	call	0x2e34	; 0x2e34 <u8g2_SetBufferCurrTileRow>
/Users/jacobmajors/Documents/Arduino/libraries/U8g2/src/clib/u8g2_buffer.c:132
  return 1;
    2ec4:	81 e0       	ldi	r24, 0x01	; 1
    2ec6:	ed cf       	rjmp	.-38     	; 0x2ea2 <u8g2_NextPage+0x24>

00002ec8 <u8g2_ClearDisplay>:
u8g2_ClearDisplay():
/Users/jacobmajors/Documents/Arduino/libraries/U8g2/src/clib/u8g2_cleardisplay.c:40
#include "u8g2.h"

/* Clear screen buffer & display reliable for all u8g2 displays. */
/* This is done with u8g2 picture loop, because we can not use the u8x8 function in all cases */
void u8g2_ClearDisplay(u8g2_t *u8g2)
{
    2ec8:	cf 93       	push	r28
    2eca:	df 93       	push	r29
    2ecc:	ec 01       	movw	r28, r24
/Users/jacobmajors/Documents/Arduino/libraries/U8g2/src/clib/u8g2_cleardisplay.c:41
  u8g2_FirstPage(u8g2);
    2ece:	0e 94 2d 17 	call	0x2e5a	; 0x2e5a <u8g2_FirstPage>
/Users/jacobmajors/Documents/Arduino/libraries/U8g2/src/clib/u8g2_cleardisplay.c:43 (discriminator 1)
  do {
  } while ( u8g2_NextPage(u8g2) );
    2ed2:	ce 01       	movw	r24, r28
    2ed4:	0e 94 3f 17 	call	0x2e7e	; 0x2e7e <u8g2_NextPage>
    2ed8:	81 11       	cpse	r24, r1
    2eda:	fb cf       	rjmp	.-10     	; 0x2ed2 <u8g2_ClearDisplay+0xa>
/Users/jacobmajors/Documents/Arduino/libraries/U8g2/src/clib/u8g2_cleardisplay.c:52
    send commands.
    This will not work because the current tile row is modified by the picture 
    loop above. To fix this, reset the tile row to 0, issue #370
    A workaround would be, that the user sets the current tile row to 0 manually.
  */
  u8g2_SetBufferCurrTileRow(u8g2, 0);  
    2edc:	60 e0       	ldi	r22, 0x00	; 0
    2ede:	ce 01       	movw	r24, r28
/Users/jacobmajors/Documents/Arduino/libraries/U8g2/src/clib/u8g2_cleardisplay.c:53
}
    2ee0:	df 91       	pop	r29
    2ee2:	cf 91       	pop	r28
/Users/jacobmajors/Documents/Arduino/libraries/U8g2/src/clib/u8g2_cleardisplay.c:52
    send commands.
    This will not work because the current tile row is modified by the picture 
    loop above. To fix this, reset the tile row to 0, issue #370
    A workaround would be, that the user sets the current tile row to 0 manually.
  */
  u8g2_SetBufferCurrTileRow(u8g2, 0);  
    2ee4:	0c 94 1a 17 	jmp	0x2e34	; 0x2e34 <u8g2_SetBufferCurrTileRow>

00002ee8 <u8g2_m_16_8_f>:
u8g2_m_16_8_f():
/Users/jacobmajors/Documents/Arduino/libraries/U8g2/src/clib/u8g2_d_memory.c:68
  #ifdef U8G2_USE_DYNAMIC_ALLOC
  *page_cnt = 8;
  return 0;
  #else
  static uint8_t buf[1024];
  *page_cnt = 8;
    2ee8:	28 e0       	ldi	r18, 0x08	; 8
    2eea:	fc 01       	movw	r30, r24
    2eec:	20 83       	st	Z, r18
/Users/jacobmajors/Documents/Arduino/libraries/U8g2/src/clib/u8g2_d_memory.c:71
  return buf;
  #endif
}
    2eee:	86 e4       	ldi	r24, 0x46	; 70
    2ef0:	95 e0       	ldi	r25, 0x05	; 5
    2ef2:	08 95       	ret

00002ef4 <u8g2_Setup_st7920_s_128x64_f>:
u8g2_Setup_st7920_s_128x64_f():
/Users/jacobmajors/Documents/Arduino/libraries/U8g2/src/clib/u8g2_d_setup.c:3795
  buf = u8g2_m_16_8_2(&tile_buf_height);
  u8g2_SetupBuffer(u8g2, buf, tile_buf_height, u8g2_ll_hvline_horizontal_right_lsb, rotation);
}
/* st7920 f */
void u8g2_Setup_st7920_s_128x64_f(u8g2_t *u8g2, const u8g2_cb_t *rotation, u8x8_msg_cb byte_cb, u8x8_msg_cb gpio_and_delay_cb)
{
    2ef4:	cf 92       	push	r12
    2ef6:	df 92       	push	r13
    2ef8:	ef 92       	push	r14
    2efa:	ff 92       	push	r15
    2efc:	0f 93       	push	r16
    2efe:	1f 93       	push	r17
    2f00:	cf 93       	push	r28
    2f02:	df 93       	push	r29
    2f04:	1f 92       	push	r1
    2f06:	cd b7       	in	r28, 0x3d	; 61
    2f08:	de b7       	in	r29, 0x3e	; 62
    2f0a:	7c 01       	movw	r14, r24
    2f0c:	6b 01       	movw	r12, r22
/Users/jacobmajors/Documents/Arduino/libraries/U8g2/src/clib/u8g2_d_setup.c:3798
  uint8_t tile_buf_height;
  uint8_t *buf;
  u8g2_SetupDisplay(u8g2, u8x8_d_st7920_128x64, u8x8_cad_st7920_spi, byte_cb, gpio_and_delay_cb);
    2f0e:	89 01       	movw	r16, r18
    2f10:	9a 01       	movw	r18, r20
    2f12:	43 e4       	ldi	r20, 0x43	; 67
    2f14:	5f e1       	ldi	r21, 0x1F	; 31
    2f16:	60 e5       	ldi	r22, 0x50	; 80
    2f18:	70 e2       	ldi	r23, 0x20	; 32
    2f1a:	0e 94 07 21 	call	0x420e	; 0x420e <u8x8_Setup>
/Users/jacobmajors/Documents/Arduino/libraries/U8g2/src/clib/u8g2_d_setup.c:3799
  buf = u8g2_m_16_8_f(&tile_buf_height);
    2f1e:	ce 01       	movw	r24, r28
    2f20:	01 96       	adiw	r24, 0x01	; 1
    2f22:	0e 94 74 17 	call	0x2ee8	; 0x2ee8 <u8g2_m_16_8_f>
/Users/jacobmajors/Documents/Arduino/libraries/U8g2/src/clib/u8g2_d_setup.c:3800
  u8g2_SetupBuffer(u8g2, buf, tile_buf_height, u8g2_ll_hvline_horizontal_right_lsb, rotation);
    2f26:	86 01       	movw	r16, r12
    2f28:	23 e2       	ldi	r18, 0x23	; 35
    2f2a:	3d e1       	ldi	r19, 0x1D	; 29
    2f2c:	49 81       	ldd	r20, Y+1	; 0x01
    2f2e:	bc 01       	movw	r22, r24
    2f30:	c7 01       	movw	r24, r14
    2f32:	0e 94 80 1e 	call	0x3d00	; 0x3d00 <u8g2_SetupBuffer>
/Users/jacobmajors/Documents/Arduino/libraries/U8g2/src/clib/u8g2_d_setup.c:3801
}
    2f36:	0f 90       	pop	r0
    2f38:	df 91       	pop	r29
    2f3a:	cf 91       	pop	r28
    2f3c:	1f 91       	pop	r17
    2f3e:	0f 91       	pop	r16
    2f40:	ff 90       	pop	r15
    2f42:	ef 90       	pop	r14
    2f44:	df 90       	pop	r13
    2f46:	cf 90       	pop	r12
    2f48:	08 95       	ret

00002f4a <u8g2_font_get_word>:
u8g2_font_get_word():
/Users/jacobmajors/Documents/Arduino/libraries/U8g2/src/clib/u8g2_font.c:1423
  uint8_t w;
  int8_t dx;
  int8_t ox = 0;
  u8g2_GetGlyphHorizontalProperties(u8g2, *s, &w, &ox, &dx);
  return ox;
}
    2f4a:	fc 01       	movw	r30, r24
    2f4c:	e6 0f       	add	r30, r22
    2f4e:	f1 1d       	adc	r31, r1
    2f50:	84 91       	lpm	r24, Z
    2f52:	90 e0       	ldi	r25, 0x00	; 0
    2f54:	98 2f       	mov	r25, r24
    2f56:	88 27       	eor	r24, r24
    2f58:	31 96       	adiw	r30, 0x01	; 1
    2f5a:	e4 91       	lpm	r30, Z
    2f5c:	8e 0f       	add	r24, r30
    2f5e:	91 1d       	adc	r25, r1
    2f60:	08 95       	ret

00002f62 <u8g2_font_calc_vref_font>:
u8g2_font_calc_vref_font():
    2f62:	90 e0       	ldi	r25, 0x00	; 0
    2f64:	80 e0       	ldi	r24, 0x00	; 0
    2f66:	08 95       	ret

00002f68 <u8g2_read_font_info>:
u8g2_read_font_info():
    2f68:	0f 93       	push	r16
    2f6a:	1f 93       	push	r17
    2f6c:	cf 93       	push	r28
    2f6e:	df 93       	push	r29
    2f70:	ec 01       	movw	r28, r24
    2f72:	8b 01       	movw	r16, r22
u8g2_font_get_byte():
    2f74:	fb 01       	movw	r30, r22
    2f76:	84 91       	lpm	r24, Z
u8g2_read_font_info():
    2f78:	88 83       	st	Y, r24
u8g2_font_get_byte():
    2f7a:	31 96       	adiw	r30, 0x01	; 1
    2f7c:	e4 91       	lpm	r30, Z
u8g2_read_font_info():
    2f7e:	e9 83       	std	Y+1, r30	; 0x01
u8g2_font_get_byte():
    2f80:	fb 01       	movw	r30, r22
    2f82:	32 96       	adiw	r30, 0x02	; 2
    2f84:	e4 91       	lpm	r30, Z
u8g2_read_font_info():
    2f86:	ea 83       	std	Y+2, r30	; 0x02
u8g2_font_get_byte():
    2f88:	fb 01       	movw	r30, r22
    2f8a:	33 96       	adiw	r30, 0x03	; 3
    2f8c:	e4 91       	lpm	r30, Z
u8g2_read_font_info():
    2f8e:	eb 83       	std	Y+3, r30	; 0x03
u8g2_font_get_byte():
    2f90:	fb 01       	movw	r30, r22
    2f92:	34 96       	adiw	r30, 0x04	; 4
    2f94:	e4 91       	lpm	r30, Z
u8g2_read_font_info():
    2f96:	ec 83       	std	Y+4, r30	; 0x04
u8g2_font_get_byte():
    2f98:	fb 01       	movw	r30, r22
    2f9a:	35 96       	adiw	r30, 0x05	; 5
    2f9c:	e4 91       	lpm	r30, Z
u8g2_read_font_info():
    2f9e:	ed 83       	std	Y+5, r30	; 0x05
u8g2_font_get_byte():
    2fa0:	fb 01       	movw	r30, r22
    2fa2:	36 96       	adiw	r30, 0x06	; 6
    2fa4:	e4 91       	lpm	r30, Z
u8g2_read_font_info():
    2fa6:	ee 83       	std	Y+6, r30	; 0x06
u8g2_font_get_byte():
    2fa8:	fb 01       	movw	r30, r22
    2faa:	37 96       	adiw	r30, 0x07	; 7
    2fac:	e4 91       	lpm	r30, Z
u8g2_read_font_info():
    2fae:	ef 83       	std	Y+7, r30	; 0x07
u8g2_font_get_byte():
    2fb0:	fb 01       	movw	r30, r22
    2fb2:	38 96       	adiw	r30, 0x08	; 8
    2fb4:	e4 91       	lpm	r30, Z
u8g2_read_font_info():
    2fb6:	e8 87       	std	Y+8, r30	; 0x08
u8g2_font_get_byte():
    2fb8:	fb 01       	movw	r30, r22
    2fba:	39 96       	adiw	r30, 0x09	; 9
    2fbc:	e4 91       	lpm	r30, Z
u8g2_read_font_info():
    2fbe:	e9 87       	std	Y+9, r30	; 0x09
u8g2_font_get_byte():
    2fc0:	fb 01       	movw	r30, r22
    2fc2:	3a 96       	adiw	r30, 0x0a	; 10
    2fc4:	e4 91       	lpm	r30, Z
u8g2_read_font_info():
    2fc6:	ea 87       	std	Y+10, r30	; 0x0a
u8g2_font_get_byte():
    2fc8:	fb 01       	movw	r30, r22
    2fca:	3b 96       	adiw	r30, 0x0b	; 11
    2fcc:	e4 91       	lpm	r30, Z
u8g2_read_font_info():
    2fce:	eb 87       	std	Y+11, r30	; 0x0b
u8g2_font_get_byte():
    2fd0:	fb 01       	movw	r30, r22
    2fd2:	3c 96       	adiw	r30, 0x0c	; 12
    2fd4:	e4 91       	lpm	r30, Z
u8g2_read_font_info():
    2fd6:	ec 87       	std	Y+12, r30	; 0x0c
u8g2_font_get_byte():
    2fd8:	fb 01       	movw	r30, r22
    2fda:	3d 96       	adiw	r30, 0x0d	; 13
    2fdc:	e4 91       	lpm	r30, Z
u8g2_read_font_info():
    2fde:	ed 87       	std	Y+13, r30	; 0x0d
u8g2_font_get_byte():
    2fe0:	fb 01       	movw	r30, r22
    2fe2:	3e 96       	adiw	r30, 0x0e	; 14
    2fe4:	e4 91       	lpm	r30, Z
u8g2_read_font_info():
    2fe6:	ee 87       	std	Y+14, r30	; 0x0e
u8g2_font_get_byte():
    2fe8:	fb 01       	movw	r30, r22
    2fea:	3f 96       	adiw	r30, 0x0f	; 15
    2fec:	e4 91       	lpm	r30, Z
u8g2_read_font_info():
    2fee:	ef 87       	std	Y+15, r30	; 0x0f
u8g2_font_get_byte():
    2ff0:	fb 01       	movw	r30, r22
    2ff2:	70 96       	adiw	r30, 0x10	; 16
    2ff4:	e4 91       	lpm	r30, Z
u8g2_read_font_info():
    2ff6:	e8 8b       	std	Y+16, r30	; 0x10
    2ff8:	61 e1       	ldi	r22, 0x11	; 17
    2ffa:	c8 01       	movw	r24, r16
    2ffc:	0e 94 a5 17 	call	0x2f4a	; 0x2f4a <u8g2_font_get_word>
    3000:	9a 8b       	std	Y+18, r25	; 0x12
    3002:	89 8b       	std	Y+17, r24	; 0x11
    3004:	63 e1       	ldi	r22, 0x13	; 19
    3006:	c8 01       	movw	r24, r16
    3008:	0e 94 a5 17 	call	0x2f4a	; 0x2f4a <u8g2_font_get_word>
    300c:	9c 8b       	std	Y+20, r25	; 0x14
    300e:	8b 8b       	std	Y+19, r24	; 0x13
    3010:	65 e1       	ldi	r22, 0x15	; 21
    3012:	c8 01       	movw	r24, r16
    3014:	0e 94 a5 17 	call	0x2f4a	; 0x2f4a <u8g2_font_get_word>
    3018:	9e 8b       	std	Y+22, r25	; 0x16
    301a:	8d 8b       	std	Y+21, r24	; 0x15
    301c:	df 91       	pop	r29
    301e:	cf 91       	pop	r28
    3020:	1f 91       	pop	r17
    3022:	0f 91       	pop	r16
    3024:	08 95       	ret

00003026 <u8g2_font_decode_get_unsigned_bits>:
u8g2_font_decode_get_unsigned_bits():
    3026:	dc 01       	movw	r26, r24
    3028:	1a 96       	adiw	r26, 0x0a	; 10
    302a:	4c 91       	ld	r20, X
    302c:	1a 97       	sbiw	r26, 0x0a	; 10
    302e:	ed 91       	ld	r30, X+
    3030:	fc 91       	ld	r31, X
    3032:	11 97       	sbiw	r26, 0x01	; 1
    3034:	24 91       	lpm	r18, Z
    3036:	30 e0       	ldi	r19, 0x00	; 0
    3038:	04 2e       	mov	r0, r20
    303a:	02 c0       	rjmp	.+4      	; 0x3040 <u8g2_font_decode_get_unsigned_bits+0x1a>
    303c:	35 95       	asr	r19
    303e:	27 95       	ror	r18
    3040:	0a 94       	dec	r0
    3042:	e2 f7       	brpl	.-8      	; 0x303c <u8g2_font_decode_get_unsigned_bits+0x16>
    3044:	84 2f       	mov	r24, r20
    3046:	86 0f       	add	r24, r22
    3048:	88 30       	cpi	r24, 0x08	; 8
    304a:	68 f0       	brcs	.+26     	; 0x3066 <u8g2_font_decode_get_unsigned_bits+0x40>
    304c:	31 96       	adiw	r30, 0x01	; 1
    304e:	11 96       	adiw	r26, 0x01	; 1
    3050:	fc 93       	st	X, r31
    3052:	ee 93       	st	-X, r30
    3054:	e4 91       	lpm	r30, Z
    3056:	98 e0       	ldi	r25, 0x08	; 8
    3058:	94 1b       	sub	r25, r20
    305a:	01 c0       	rjmp	.+2      	; 0x305e <u8g2_font_decode_get_unsigned_bits+0x38>
    305c:	ee 0f       	add	r30, r30
    305e:	9a 95       	dec	r25
    3060:	ea f7       	brpl	.-6      	; 0x305c <u8g2_font_decode_get_unsigned_bits+0x36>
    3062:	2e 2b       	or	r18, r30
    3064:	88 50       	subi	r24, 0x08	; 8
    3066:	1a 96       	adiw	r26, 0x0a	; 10
    3068:	8c 93       	st	X, r24
    306a:	8f ef       	ldi	r24, 0xFF	; 255
    306c:	9f ef       	ldi	r25, 0xFF	; 255
    306e:	01 c0       	rjmp	.+2      	; 0x3072 <u8g2_font_decode_get_unsigned_bits+0x4c>
    3070:	88 0f       	add	r24, r24
    3072:	6a 95       	dec	r22
    3074:	ea f7       	brpl	.-6      	; 0x3070 <u8g2_font_decode_get_unsigned_bits+0x4a>
    3076:	80 95       	com	r24
    3078:	82 23       	and	r24, r18
    307a:	08 95       	ret

0000307c <u8g2_font_setup_decode>:
u8g2_font_setup_decode():
    307c:	0f 93       	push	r16
    307e:	1f 93       	push	r17
    3080:	cf 93       	push	r28
    3082:	df 93       	push	r29
    3084:	8c 01       	movw	r16, r24
    3086:	ec 01       	movw	r28, r24
    3088:	c2 5a       	subi	r28, 0xA2	; 162
    308a:	df 4f       	sbci	r29, 0xFF	; 255
    308c:	79 83       	std	Y+1, r23	; 0x01
    308e:	68 83       	st	Y, r22
    3090:	1a 86       	std	Y+10, r1	; 0x0a
    3092:	fc 01       	movw	r30, r24
    3094:	ef 58       	subi	r30, 0x8F	; 143
    3096:	ff 4f       	sbci	r31, 0xFF	; 255
    3098:	60 81       	ld	r22, Z
    309a:	ce 01       	movw	r24, r28
    309c:	0e 94 13 18 	call	0x3026	; 0x3026 <u8g2_font_decode_get_unsigned_bits>
    30a0:	88 87       	std	Y+8, r24	; 0x08
    30a2:	f8 01       	movw	r30, r16
    30a4:	ee 58       	subi	r30, 0x8E	; 142
    30a6:	ff 4f       	sbci	r31, 0xFF	; 255
    30a8:	60 81       	ld	r22, Z
    30aa:	ce 01       	movw	r24, r28
    30ac:	0e 94 13 18 	call	0x3026	; 0x3026 <u8g2_font_decode_get_unsigned_bits>
    30b0:	89 87       	std	Y+9, r24	; 0x09
    30b2:	f8 01       	movw	r30, r16
    30b4:	e6 57       	subi	r30, 0x76	; 118
    30b6:	ff 4f       	sbci	r31, 0xFF	; 255
    30b8:	90 81       	ld	r25, Z
    30ba:	9c 87       	std	Y+12, r25	; 0x0c
    30bc:	81 e0       	ldi	r24, 0x01	; 1
    30be:	91 11       	cpse	r25, r1
    30c0:	80 e0       	ldi	r24, 0x00	; 0
    30c2:	8d 87       	std	Y+13, r24	; 0x0d
    30c4:	df 91       	pop	r29
    30c6:	cf 91       	pop	r28
    30c8:	1f 91       	pop	r17
    30ca:	0f 91       	pop	r16
    30cc:	08 95       	ret

000030ce <u8g2_font_decode_get_signed_bits>:
u8g2_font_decode_get_signed_bits():
    30ce:	cf 93       	push	r28
    30d0:	c6 2f       	mov	r28, r22
    30d2:	0e 94 13 18 	call	0x3026	; 0x3026 <u8g2_font_decode_get_unsigned_bits>
    30d6:	c1 50       	subi	r28, 0x01	; 1
    30d8:	21 e0       	ldi	r18, 0x01	; 1
    30da:	30 e0       	ldi	r19, 0x00	; 0
    30dc:	01 c0       	rjmp	.+2      	; 0x30e0 <u8g2_font_decode_get_signed_bits+0x12>
    30de:	22 0f       	add	r18, r18
    30e0:	ca 95       	dec	r28
    30e2:	ea f7       	brpl	.-6      	; 0x30de <u8g2_font_decode_get_signed_bits+0x10>
    30e4:	82 1b       	sub	r24, r18
    30e6:	cf 91       	pop	r28
    30e8:	08 95       	ret

000030ea <u8g2_add_vector_y>:
u8g2_add_vector_y():
    30ea:	21 30       	cpi	r18, 0x01	; 1
    30ec:	69 f0       	breq	.+26     	; 0x3108 <u8g2_add_vector_y+0x1e>
    30ee:	38 f0       	brcs	.+14     	; 0x30fe <u8g2_add_vector_y+0x14>
    30f0:	22 30       	cpi	r18, 0x02	; 2
    30f2:	79 f0       	breq	.+30     	; 0x3112 <u8g2_add_vector_y+0x28>
    30f4:	86 1b       	sub	r24, r22
    30f6:	91 09       	sbc	r25, r1
    30f8:	67 fd       	sbrc	r22, 7
    30fa:	93 95       	inc	r25
    30fc:	08 95       	ret
    30fe:	84 0f       	add	r24, r20
    3100:	91 1d       	adc	r25, r1
    3102:	47 fd       	sbrc	r20, 7
    3104:	9a 95       	dec	r25
    3106:	08 95       	ret
    3108:	86 0f       	add	r24, r22
    310a:	91 1d       	adc	r25, r1
    310c:	67 fd       	sbrc	r22, 7
    310e:	9a 95       	dec	r25
    3110:	08 95       	ret
    3112:	84 1b       	sub	r24, r20
    3114:	91 09       	sbc	r25, r1
    3116:	47 fd       	sbrc	r20, 7
    3118:	93 95       	inc	r25
    311a:	08 95       	ret

0000311c <u8g2_add_vector_x>:
u8g2_add_vector_x():
    311c:	21 30       	cpi	r18, 0x01	; 1
    311e:	69 f0       	breq	.+26     	; 0x313a <u8g2_add_vector_x+0x1e>
    3120:	38 f0       	brcs	.+14     	; 0x3130 <u8g2_add_vector_x+0x14>
    3122:	22 30       	cpi	r18, 0x02	; 2
    3124:	79 f0       	breq	.+30     	; 0x3144 <u8g2_add_vector_x+0x28>
    3126:	84 0f       	add	r24, r20
    3128:	91 1d       	adc	r25, r1
    312a:	47 fd       	sbrc	r20, 7
    312c:	9a 95       	dec	r25
    312e:	08 95       	ret
    3130:	86 0f       	add	r24, r22
    3132:	91 1d       	adc	r25, r1
    3134:	67 fd       	sbrc	r22, 7
    3136:	9a 95       	dec	r25
    3138:	08 95       	ret
    313a:	84 1b       	sub	r24, r20
    313c:	91 09       	sbc	r25, r1
    313e:	47 fd       	sbrc	r20, 7
    3140:	93 95       	inc	r25
    3142:	08 95       	ret
    3144:	86 1b       	sub	r24, r22
    3146:	91 09       	sbc	r25, r1
    3148:	67 fd       	sbrc	r22, 7
    314a:	93 95       	inc	r25
    314c:	08 95       	ret

0000314e <u8g2_font_decode_len>:
u8g2_font_decode_len():
    314e:	3f 92       	push	r3
    3150:	4f 92       	push	r4
    3152:	5f 92       	push	r5
    3154:	6f 92       	push	r6
    3156:	7f 92       	push	r7
    3158:	8f 92       	push	r8
    315a:	9f 92       	push	r9
    315c:	af 92       	push	r10
    315e:	bf 92       	push	r11
    3160:	cf 92       	push	r12
    3162:	df 92       	push	r13
    3164:	ef 92       	push	r14
    3166:	ff 92       	push	r15
    3168:	0f 93       	push	r16
    316a:	1f 93       	push	r17
    316c:	cf 93       	push	r28
    316e:	df 93       	push	r29
    3170:	7c 01       	movw	r14, r24
    3172:	16 2f       	mov	r17, r22
    3174:	44 2e       	mov	r4, r20
    3176:	ec 01       	movw	r28, r24
    3178:	c2 5a       	subi	r28, 0xA2	; 162
    317a:	df 4f       	sbci	r29, 0xFF	; 255
    317c:	5e 80       	ldd	r5, Y+6	; 0x06
    317e:	6f 80       	ldd	r6, Y+7	; 0x07
    3180:	6c 01       	movw	r12, r24
    3182:	8a e8       	ldi	r24, 0x8A	; 138
    3184:	c8 0e       	add	r12, r24
    3186:	d1 1c       	adc	r13, r1
    3188:	78 84       	ldd	r7, Y+8	; 0x08
    318a:	75 18       	sub	r7, r5
    318c:	31 2e       	mov	r3, r17
    318e:	71 16       	cp	r7, r17
    3190:	08 f4       	brcc	.+2      	; 0x3194 <u8g2_font_decode_len+0x46>
    3192:	37 2c       	mov	r3, r7
    3194:	8c 80       	ldd	r8, Y+4	; 0x04
    3196:	9d 80       	ldd	r9, Y+5	; 0x05
    3198:	0e 85       	ldd	r16, Y+14	; 0x0e
    319a:	20 2f       	mov	r18, r16
    319c:	46 2d       	mov	r20, r6
    319e:	65 2d       	mov	r22, r5
    31a0:	8a 81       	ldd	r24, Y+2	; 0x02
    31a2:	9b 81       	ldd	r25, Y+3	; 0x03
    31a4:	0e 94 8e 18 	call	0x311c	; 0x311c <u8g2_add_vector_x>
    31a8:	5c 01       	movw	r10, r24
    31aa:	20 2f       	mov	r18, r16
    31ac:	46 2d       	mov	r20, r6
    31ae:	65 2d       	mov	r22, r5
    31b0:	c4 01       	movw	r24, r8
    31b2:	0e 94 75 18 	call	0x30ea	; 0x30ea <u8g2_add_vector_y>
    31b6:	ac 01       	movw	r20, r24
    31b8:	44 20       	and	r4, r4
    31ba:	79 f0       	breq	.+30     	; 0x31da <u8g2_font_decode_len+0x8c>
    31bc:	8c 85       	ldd	r24, Y+12	; 0x0c
    31be:	f6 01       	movw	r30, r12
    31c0:	80 83       	st	Z, r24
    31c2:	23 2d       	mov	r18, r3
    31c4:	30 e0       	ldi	r19, 0x00	; 0
    31c6:	b5 01       	movw	r22, r10
    31c8:	c7 01       	movw	r24, r14
    31ca:	0e 94 1f 1c 	call	0x383e	; 0x383e <u8g2_DrawHVLine>
    31ce:	17 15       	cp	r17, r7
    31d0:	48 f0       	brcs	.+18     	; 0x31e4 <u8g2_font_decode_len+0x96>
    31d2:	17 19       	sub	r17, r7
    31d4:	63 94       	inc	r6
    31d6:	51 2c       	mov	r5, r1
    31d8:	d7 cf       	rjmp	.-82     	; 0x3188 <u8g2_font_decode_len+0x3a>
    31da:	8b 85       	ldd	r24, Y+11	; 0x0b
    31dc:	81 11       	cpse	r24, r1
    31de:	f7 cf       	rjmp	.-18     	; 0x31ce <u8g2_font_decode_len+0x80>
    31e0:	8d 85       	ldd	r24, Y+13	; 0x0d
    31e2:	ed cf       	rjmp	.-38     	; 0x31be <u8g2_font_decode_len+0x70>
    31e4:	15 0d       	add	r17, r5
    31e6:	1e 83       	std	Y+6, r17	; 0x06
    31e8:	6f 82       	std	Y+7, r6	; 0x07
    31ea:	df 91       	pop	r29
    31ec:	cf 91       	pop	r28
    31ee:	1f 91       	pop	r17
    31f0:	0f 91       	pop	r16
    31f2:	ff 90       	pop	r15
    31f4:	ef 90       	pop	r14
    31f6:	df 90       	pop	r13
    31f8:	cf 90       	pop	r12
    31fa:	bf 90       	pop	r11
    31fc:	af 90       	pop	r10
    31fe:	9f 90       	pop	r9
    3200:	8f 90       	pop	r8
    3202:	7f 90       	pop	r7
    3204:	6f 90       	pop	r6
    3206:	5f 90       	pop	r5
    3208:	4f 90       	pop	r4
    320a:	3f 90       	pop	r3
    320c:	08 95       	ret

0000320e <u8g2_font_decode_glyph>:
u8g2_font_decode_glyph():
    320e:	8f 92       	push	r8
    3210:	9f 92       	push	r9
    3212:	af 92       	push	r10
    3214:	bf 92       	push	r11
    3216:	cf 92       	push	r12
    3218:	df 92       	push	r13
    321a:	ef 92       	push	r14
    321c:	ff 92       	push	r15
    321e:	0f 93       	push	r16
    3220:	1f 93       	push	r17
    3222:	cf 93       	push	r28
    3224:	df 93       	push	r29
    3226:	7c 01       	movw	r14, r24
    3228:	ec 01       	movw	r28, r24
    322a:	c2 5a       	subi	r28, 0xA2	; 162
    322c:	df 4f       	sbci	r29, 0xFF	; 255
    322e:	0e 94 3e 18 	call	0x307c	; 0x307c <u8g2_font_setup_decode>
    3232:	f7 01       	movw	r30, r14
    3234:	e9 59       	subi	r30, 0x99	; 153
    3236:	ff 4f       	sbci	r31, 0xFF	; 255
    3238:	b0 80       	ld	r11, Z
    323a:	3c 96       	adiw	r30, 0x0c	; 12
    323c:	60 81       	ld	r22, Z
    323e:	ce 01       	movw	r24, r28
    3240:	0e 94 67 18 	call	0x30ce	; 0x30ce <u8g2_font_decode_get_signed_bits>
    3244:	88 2e       	mov	r8, r24
    3246:	f7 01       	movw	r30, r14
    3248:	ec 58       	subi	r30, 0x8C	; 140
    324a:	ff 4f       	sbci	r31, 0xFF	; 255
    324c:	60 81       	ld	r22, Z
    324e:	ce 01       	movw	r24, r28
    3250:	0e 94 67 18 	call	0x30ce	; 0x30ce <u8g2_font_decode_get_signed_bits>
    3254:	08 2f       	mov	r16, r24
    3256:	f7 01       	movw	r30, r14
    3258:	eb 58       	subi	r30, 0x8B	; 139
    325a:	ff 4f       	sbci	r31, 0xFF	; 255
    325c:	60 81       	ld	r22, Z
    325e:	ce 01       	movw	r24, r28
    3260:	0e 94 67 18 	call	0x30ce	; 0x30ce <u8g2_font_decode_get_signed_bits>
    3264:	a8 2e       	mov	r10, r24
    3266:	98 84       	ldd	r9, Y+8	; 0x08
    3268:	19 14       	cp	r1, r9
    326a:	0c f0       	brlt	.+2      	; 0x326e <u8g2_font_decode_glyph+0x60>
    326c:	61 c0       	rjmp	.+194    	; 0x3330 <u8g2_font_decode_glyph+0x122>
    326e:	1e 85       	ldd	r17, Y+14	; 0x0e
    3270:	0b 0d       	add	r16, r11
    3272:	01 95       	neg	r16
    3274:	21 2f       	mov	r18, r17
    3276:	40 2f       	mov	r20, r16
    3278:	68 2d       	mov	r22, r8
    327a:	8a 81       	ldd	r24, Y+2	; 0x02
    327c:	9b 81       	ldd	r25, Y+3	; 0x03
    327e:	0e 94 8e 18 	call	0x311c	; 0x311c <u8g2_add_vector_x>
    3282:	6c 01       	movw	r12, r24
    3284:	9b 83       	std	Y+3, r25	; 0x03
    3286:	8a 83       	std	Y+2, r24	; 0x02
    3288:	21 2f       	mov	r18, r17
    328a:	40 2f       	mov	r20, r16
    328c:	68 2d       	mov	r22, r8
    328e:	8c 81       	ldd	r24, Y+4	; 0x04
    3290:	9d 81       	ldd	r25, Y+5	; 0x05
    3292:	0e 94 75 18 	call	0x30ea	; 0x30ea <u8g2_add_vector_y>
    3296:	9d 83       	std	Y+5, r25	; 0x05
    3298:	8c 83       	std	Y+4, r24	; 0x04
    329a:	11 30       	cpi	r17, 0x01	; 1
    329c:	09 f4       	brne	.+2      	; 0x32a0 <u8g2_font_decode_glyph+0x92>
    329e:	56 c0       	rjmp	.+172    	; 0x334c <u8g2_font_decode_glyph+0x13e>
    32a0:	48 f0       	brcs	.+18     	; 0x32b4 <u8g2_font_decode_glyph+0xa6>
    32a2:	12 30       	cpi	r17, 0x02	; 2
    32a4:	09 f4       	brne	.+2      	; 0x32a8 <u8g2_font_decode_glyph+0x9a>
    32a6:	63 c0       	rjmp	.+198    	; 0x336e <u8g2_font_decode_glyph+0x160>
    32a8:	13 30       	cpi	r17, 0x03	; 3
    32aa:	09 f4       	brne	.+2      	; 0x32ae <u8g2_font_decode_glyph+0xa0>
    32ac:	76 c0       	rjmp	.+236    	; 0x339a <u8g2_font_decode_glyph+0x18c>
    32ae:	8c 01       	movw	r16, r24
    32b0:	96 01       	movw	r18, r12
    32b2:	0a c0       	rjmp	.+20     	; 0x32c8 <u8g2_font_decode_glyph+0xba>
    32b4:	96 01       	movw	r18, r12
    32b6:	29 0d       	add	r18, r9
    32b8:	31 1d       	adc	r19, r1
    32ba:	97 fc       	sbrc	r9, 7
    32bc:	3a 95       	dec	r19
    32be:	8c 01       	movw	r16, r24
    32c0:	0b 0d       	add	r16, r11
    32c2:	11 1d       	adc	r17, r1
    32c4:	b7 fc       	sbrc	r11, 7
    32c6:	1a 95       	dec	r17
    32c8:	ac 01       	movw	r20, r24
    32ca:	b6 01       	movw	r22, r12
    32cc:	c7 01       	movw	r24, r14
    32ce:	0e 94 ec 1c 	call	0x39d8	; 0x39d8 <u8g2_IsIntersection>
    32d2:	88 23       	and	r24, r24
    32d4:	69 f1       	breq	.+90     	; 0x3330 <u8g2_font_decode_glyph+0x122>
    32d6:	1e 82       	std	Y+6, r1	; 0x06
    32d8:	1f 82       	std	Y+7, r1	; 0x07
    32da:	87 01       	movw	r16, r14
    32dc:	01 59       	subi	r16, 0x91	; 145
    32de:	1f 4f       	sbci	r17, 0xFF	; 255
    32e0:	67 01       	movw	r12, r14
    32e2:	80 e7       	ldi	r24, 0x70	; 112
    32e4:	c8 0e       	add	r12, r24
    32e6:	d1 1c       	adc	r13, r1
    32e8:	f8 01       	movw	r30, r16
    32ea:	60 81       	ld	r22, Z
    32ec:	ce 01       	movw	r24, r28
    32ee:	0e 94 13 18 	call	0x3026	; 0x3026 <u8g2_font_decode_get_unsigned_bits>
    32f2:	88 2e       	mov	r8, r24
    32f4:	f6 01       	movw	r30, r12
    32f6:	60 81       	ld	r22, Z
    32f8:	ce 01       	movw	r24, r28
    32fa:	0e 94 13 18 	call	0x3026	; 0x3026 <u8g2_font_decode_get_unsigned_bits>
    32fe:	98 2e       	mov	r9, r24
    3300:	40 e0       	ldi	r20, 0x00	; 0
    3302:	68 2d       	mov	r22, r8
    3304:	c7 01       	movw	r24, r14
    3306:	0e 94 a7 18 	call	0x314e	; 0x314e <u8g2_font_decode_len>
    330a:	41 e0       	ldi	r20, 0x01	; 1
    330c:	69 2d       	mov	r22, r9
    330e:	c7 01       	movw	r24, r14
    3310:	0e 94 a7 18 	call	0x314e	; 0x314e <u8g2_font_decode_len>
    3314:	61 e0       	ldi	r22, 0x01	; 1
    3316:	ce 01       	movw	r24, r28
    3318:	0e 94 13 18 	call	0x3026	; 0x3026 <u8g2_font_decode_get_unsigned_bits>
    331c:	81 11       	cpse	r24, r1
    331e:	f0 cf       	rjmp	.-32     	; 0x3300 <u8g2_font_decode_glyph+0xf2>
    3320:	8f 81       	ldd	r24, Y+7	; 0x07
    3322:	8b 15       	cp	r24, r11
    3324:	0c f3       	brlt	.-62     	; 0x32e8 <u8g2_font_decode_glyph+0xda>
    3326:	f7 01       	movw	r30, r14
    3328:	e6 57       	subi	r30, 0x76	; 118
    332a:	ff 4f       	sbci	r31, 0xFF	; 255
    332c:	8c 85       	ldd	r24, Y+12	; 0x0c
    332e:	80 83       	st	Z, r24
    3330:	8a 2d       	mov	r24, r10
    3332:	df 91       	pop	r29
    3334:	cf 91       	pop	r28
    3336:	1f 91       	pop	r17
    3338:	0f 91       	pop	r16
    333a:	ff 90       	pop	r15
    333c:	ef 90       	pop	r14
    333e:	df 90       	pop	r13
    3340:	cf 90       	pop	r12
    3342:	bf 90       	pop	r11
    3344:	af 90       	pop	r10
    3346:	9f 90       	pop	r9
    3348:	8f 90       	pop	r8
    334a:	08 95       	ret
    334c:	41 e0       	ldi	r20, 0x01	; 1
    334e:	50 e0       	ldi	r21, 0x00	; 0
    3350:	4b 19       	sub	r20, r11
    3352:	51 09       	sbc	r21, r1
    3354:	b7 fc       	sbrc	r11, 7
    3356:	53 95       	inc	r21
    3358:	96 01       	movw	r18, r12
    335a:	2f 5f       	subi	r18, 0xFF	; 255
    335c:	3f 4f       	sbci	r19, 0xFF	; 255
    335e:	8c 01       	movw	r16, r24
    3360:	09 0d       	add	r16, r9
    3362:	11 1d       	adc	r17, r1
    3364:	97 fc       	sbrc	r9, 7
    3366:	1a 95       	dec	r17
    3368:	c4 0e       	add	r12, r20
    336a:	d5 1e       	adc	r13, r21
    336c:	ad cf       	rjmp	.-166    	; 0x32c8 <u8g2_font_decode_glyph+0xba>
    336e:	41 e0       	ldi	r20, 0x01	; 1
    3370:	50 e0       	ldi	r21, 0x00	; 0
    3372:	ba 01       	movw	r22, r20
    3374:	69 19       	sub	r22, r9
    3376:	71 09       	sbc	r23, r1
    3378:	97 fc       	sbrc	r9, 7
    337a:	73 95       	inc	r23
    337c:	96 01       	movw	r18, r12
    337e:	2f 5f       	subi	r18, 0xFF	; 255
    3380:	3f 4f       	sbci	r19, 0xFF	; 255
    3382:	4b 19       	sub	r20, r11
    3384:	51 09       	sbc	r21, r1
    3386:	b7 fc       	sbrc	r11, 7
    3388:	53 95       	inc	r21
    338a:	8c 01       	movw	r16, r24
    338c:	0f 5f       	subi	r16, 0xFF	; 255
    338e:	1f 4f       	sbci	r17, 0xFF	; 255
    3390:	84 0f       	add	r24, r20
    3392:	95 1f       	adc	r25, r21
    3394:	c6 0e       	add	r12, r22
    3396:	d7 1e       	adc	r13, r23
    3398:	97 cf       	rjmp	.-210    	; 0x32c8 <u8g2_font_decode_glyph+0xba>
    339a:	96 01       	movw	r18, r12
    339c:	2b 0d       	add	r18, r11
    339e:	31 1d       	adc	r19, r1
    33a0:	b7 fc       	sbrc	r11, 7
    33a2:	3a 95       	dec	r19
    33a4:	41 e0       	ldi	r20, 0x01	; 1
    33a6:	50 e0       	ldi	r21, 0x00	; 0
    33a8:	49 19       	sub	r20, r9
    33aa:	51 09       	sbc	r21, r1
    33ac:	97 fc       	sbrc	r9, 7
    33ae:	53 95       	inc	r21
    33b0:	8c 01       	movw	r16, r24
    33b2:	0f 5f       	subi	r16, 0xFF	; 255
    33b4:	1f 4f       	sbci	r17, 0xFF	; 255
    33b6:	84 0f       	add	r24, r20
    33b8:	95 1f       	adc	r25, r21
    33ba:	86 cf       	rjmp	.-244    	; 0x32c8 <u8g2_font_decode_glyph+0xba>

000033bc <u8g2_font_get_glyph_data>:
u8g2_font_get_glyph_data():
    33bc:	ef 92       	push	r14
    33be:	ff 92       	push	r15
    33c0:	0f 93       	push	r16
    33c2:	1f 93       	push	r17
    33c4:	cf 93       	push	r28
    33c6:	df 93       	push	r29
    33c8:	fc 01       	movw	r30, r24
    33ca:	e6 5a       	subi	r30, 0xA6	; 166
    33cc:	ff 4f       	sbci	r31, 0xFF	; 255
    33ce:	20 81       	ld	r18, Z
    33d0:	31 81       	ldd	r19, Z+1	; 0x01
    33d2:	29 5e       	subi	r18, 0xE9	; 233
    33d4:	3f 4f       	sbci	r19, 0xFF	; 255
    33d6:	6f 3f       	cpi	r22, 0xFF	; 255
    33d8:	71 05       	cpc	r23, r1
    33da:	09 f0       	breq	.+2      	; 0x33de <u8g2_font_get_glyph_data+0x22>
    33dc:	48 f5       	brcc	.+82     	; 0x3430 <u8g2_font_get_glyph_data+0x74>
    33de:	61 36       	cpi	r22, 0x61	; 97
    33e0:	71 05       	cpc	r23, r1
    33e2:	d8 f0       	brcs	.+54     	; 0x341a <u8g2_font_get_glyph_data+0x5e>
    33e4:	80 58       	subi	r24, 0x80	; 128
    33e6:	9f 4f       	sbci	r25, 0xFF	; 255
    33e8:	fc 01       	movw	r30, r24
    33ea:	80 81       	ld	r24, Z
    33ec:	91 81       	ldd	r25, Z+1	; 0x01
    33ee:	28 0f       	add	r18, r24
    33f0:	39 1f       	adc	r19, r25
    33f2:	c9 01       	movw	r24, r18
    33f4:	01 96       	adiw	r24, 0x01	; 1
    33f6:	fc 01       	movw	r30, r24
    33f8:	44 91       	lpm	r20, Z
    33fa:	44 23       	and	r20, r20
    33fc:	09 f4       	brne	.+2      	; 0x3400 <u8g2_font_get_glyph_data+0x44>
    33fe:	47 c0       	rjmp	.+142    	; 0x348e <u8g2_font_get_glyph_data+0xd2>
    3400:	f9 01       	movw	r30, r18
    3402:	44 91       	lpm	r20, Z
    3404:	46 17       	cp	r20, r22
    3406:	17 06       	cpc	r1, r23
    3408:	71 f4       	brne	.+28     	; 0x3426 <u8g2_font_get_glyph_data+0x6a>
    340a:	01 96       	adiw	r24, 0x01	; 1
    340c:	df 91       	pop	r29
    340e:	cf 91       	pop	r28
    3410:	1f 91       	pop	r17
    3412:	0f 91       	pop	r16
    3414:	ff 90       	pop	r15
    3416:	ef 90       	pop	r14
    3418:	08 95       	ret
    341a:	61 34       	cpi	r22, 0x41	; 65
    341c:	71 05       	cpc	r23, r1
    341e:	48 f3       	brcs	.-46     	; 0x33f2 <u8g2_font_get_glyph_data+0x36>
    3420:	82 58       	subi	r24, 0x82	; 130
    3422:	9f 4f       	sbci	r25, 0xFF	; 255
    3424:	e1 cf       	rjmp	.-62     	; 0x33e8 <u8g2_font_get_glyph_data+0x2c>
    3426:	fc 01       	movw	r30, r24
    3428:	84 91       	lpm	r24, Z
    342a:	28 0f       	add	r18, r24
    342c:	31 1d       	adc	r19, r1
    342e:	e1 cf       	rjmp	.-62     	; 0x33f2 <u8g2_font_get_glyph_data+0x36>
    3430:	8b 01       	movw	r16, r22
    3432:	fc 01       	movw	r30, r24
    3434:	ee 57       	subi	r30, 0x7E	; 126
    3436:	ff 4f       	sbci	r31, 0xFF	; 255
    3438:	c0 81       	ld	r28, Z
    343a:	d1 81       	ldd	r29, Z+1	; 0x01
    343c:	c2 0f       	add	r28, r18
    343e:	d3 1f       	adc	r29, r19
    3440:	7e 01       	movw	r14, r28
    3442:	60 e0       	ldi	r22, 0x00	; 0
    3444:	c7 01       	movw	r24, r14
    3446:	0e 94 a5 17 	call	0x2f4a	; 0x2f4a <u8g2_font_get_word>
    344a:	c8 0f       	add	r28, r24
    344c:	d9 1f       	adc	r29, r25
    344e:	62 e0       	ldi	r22, 0x02	; 2
    3450:	c7 01       	movw	r24, r14
    3452:	0e 94 a5 17 	call	0x2f4a	; 0x2f4a <u8g2_font_get_word>
    3456:	f4 e0       	ldi	r31, 0x04	; 4
    3458:	ef 0e       	add	r14, r31
    345a:	f1 1c       	adc	r15, r1
    345c:	80 17       	cp	r24, r16
    345e:	91 07       	cpc	r25, r17
    3460:	80 f3       	brcs	.-32     	; 0x3442 <u8g2_font_get_glyph_data+0x86>
    3462:	fe 01       	movw	r30, r28
    3464:	84 91       	lpm	r24, Z
    3466:	90 e0       	ldi	r25, 0x00	; 0
    3468:	98 2f       	mov	r25, r24
    346a:	88 27       	eor	r24, r24
    346c:	31 96       	adiw	r30, 0x01	; 1
    346e:	e4 91       	lpm	r30, Z
    3470:	8e 2b       	or	r24, r30
    3472:	00 97       	sbiw	r24, 0x00	; 0
    3474:	61 f0       	breq	.+24     	; 0x348e <u8g2_font_get_glyph_data+0xd2>
    3476:	08 17       	cp	r16, r24
    3478:	19 07       	cpc	r17, r25
    347a:	19 f4       	brne	.+6      	; 0x3482 <u8g2_font_get_glyph_data+0xc6>
    347c:	ce 01       	movw	r24, r28
    347e:	03 96       	adiw	r24, 0x03	; 3
    3480:	c5 cf       	rjmp	.-118    	; 0x340c <u8g2_font_get_glyph_data+0x50>
    3482:	fe 01       	movw	r30, r28
    3484:	32 96       	adiw	r30, 0x02	; 2
    3486:	e4 91       	lpm	r30, Z
    3488:	ce 0f       	add	r28, r30
    348a:	d1 1d       	adc	r29, r1
    348c:	ea cf       	rjmp	.-44     	; 0x3462 <u8g2_font_get_glyph_data+0xa6>
    348e:	90 e0       	ldi	r25, 0x00	; 0
    3490:	80 e0       	ldi	r24, 0x00	; 0
    3492:	bc cf       	rjmp	.-136    	; 0x340c <u8g2_font_get_glyph_data+0x50>

00003494 <u8g2_GetGlyphWidth>:
u8g2_GetGlyphWidth():
    3494:	0f 93       	push	r16
    3496:	1f 93       	push	r17
    3498:	cf 93       	push	r28
    349a:	df 93       	push	r29
    349c:	ec 01       	movw	r28, r24
    349e:	0e 94 de 19 	call	0x33bc	; 0x33bc <u8g2_font_get_glyph_data>
    34a2:	00 97       	sbiw	r24, 0x00	; 0
    34a4:	09 f1       	breq	.+66     	; 0x34e8 <u8g2_GetGlyphWidth+0x54>
    34a6:	bc 01       	movw	r22, r24
    34a8:	ce 01       	movw	r24, r28
    34aa:	0e 94 3e 18 	call	0x307c	; 0x307c <u8g2_font_setup_decode>
    34ae:	8e 01       	movw	r16, r28
    34b0:	02 5a       	subi	r16, 0xA2	; 162
    34b2:	1f 4f       	sbci	r17, 0xFF	; 255
    34b4:	fe 01       	movw	r30, r28
    34b6:	ed 58       	subi	r30, 0x8D	; 141
    34b8:	ff 4f       	sbci	r31, 0xFF	; 255
    34ba:	60 81       	ld	r22, Z
    34bc:	c8 01       	movw	r24, r16
    34be:	0e 94 67 18 	call	0x30ce	; 0x30ce <u8g2_font_decode_get_signed_bits>
    34c2:	fe 01       	movw	r30, r28
    34c4:	e8 57       	subi	r30, 0x78	; 120
    34c6:	ff 4f       	sbci	r31, 0xFF	; 255
    34c8:	80 83       	st	Z, r24
    34ca:	74 97       	sbiw	r30, 0x14	; 20
    34cc:	60 81       	ld	r22, Z
    34ce:	c8 01       	movw	r24, r16
    34d0:	0e 94 67 18 	call	0x30ce	; 0x30ce <u8g2_font_decode_get_signed_bits>
    34d4:	cb 58       	subi	r28, 0x8B	; 139
    34d6:	df 4f       	sbci	r29, 0xFF	; 255
    34d8:	68 81       	ld	r22, Y
    34da:	c8 01       	movw	r24, r16
    34dc:	df 91       	pop	r29
    34de:	cf 91       	pop	r28
    34e0:	1f 91       	pop	r17
    34e2:	0f 91       	pop	r16
    34e4:	0c 94 67 18 	jmp	0x30ce	; 0x30ce <u8g2_font_decode_get_signed_bits>
    34e8:	80 e0       	ldi	r24, 0x00	; 0
    34ea:	df 91       	pop	r29
    34ec:	cf 91       	pop	r28
    34ee:	1f 91       	pop	r17
    34f0:	0f 91       	pop	r16
    34f2:	08 95       	ret

000034f4 <u8g2_string_width>:
u8g2_string_width():
    34f4:	7f 92       	push	r7
    34f6:	8f 92       	push	r8
    34f8:	9f 92       	push	r9
    34fa:	af 92       	push	r10
    34fc:	bf 92       	push	r11
    34fe:	cf 92       	push	r12
    3500:	df 92       	push	r13
    3502:	ef 92       	push	r14
    3504:	ff 92       	push	r15
    3506:	0f 93       	push	r16
    3508:	1f 93       	push	r17
    350a:	cf 93       	push	r28
    350c:	df 93       	push	r29
    350e:	ec 01       	movw	r28, r24
    3510:	8b 01       	movw	r16, r22
    3512:	5c 01       	movw	r10, r24
    3514:	26 e6       	ldi	r18, 0x66	; 102
    3516:	a2 0e       	add	r10, r18
    3518:	b1 1c       	adc	r11, r1
    351a:	f5 01       	movw	r30, r10
    351c:	10 82       	st	Z, r1
    351e:	0e 94 ba 1e 	call	0x3d74	; 0x3d74 <u8x8_utf8_init>
    3522:	68 01       	movw	r12, r16
    3524:	80 ec       	ldi	r24, 0xC0	; 192
    3526:	78 2e       	mov	r7, r24
    3528:	f1 2c       	mov	r15, r1
    352a:	e1 2c       	mov	r14, r1
    352c:	10 e0       	ldi	r17, 0x00	; 0
    352e:	00 e0       	ldi	r16, 0x00	; 0
    3530:	4e 01       	movw	r8, r28
    3532:	f8 e8       	ldi	r31, 0x88	; 136
    3534:	8f 0e       	add	r8, r31
    3536:	91 1c       	adc	r9, r1
    3538:	f6 01       	movw	r30, r12
    353a:	61 91       	ld	r22, Z+
    353c:	6f 01       	movw	r12, r30
    353e:	ea 81       	ldd	r30, Y+2	; 0x02
    3540:	fb 81       	ldd	r31, Y+3	; 0x03
    3542:	ce 01       	movw	r24, r28
    3544:	09 95       	icall
    3546:	8f 3f       	cpi	r24, 0xFF	; 255
    3548:	98 07       	cpc	r25, r24
    354a:	99 f0       	breq	.+38     	; 0x3572 <u8g2_string_width+0x7e>
    354c:	8e 3f       	cpi	r24, 0xFE	; 254
    354e:	2f ef       	ldi	r18, 0xFF	; 255
    3550:	92 07       	cpc	r25, r18
    3552:	91 f3       	breq	.-28     	; 0x3538 <u8g2_string_width+0x44>
    3554:	bc 01       	movw	r22, r24
    3556:	ce 01       	movw	r24, r28
    3558:	0e 94 4a 1a 	call	0x3494	; 0x3494 <u8g2_GetGlyphWidth>
    355c:	e8 2e       	mov	r14, r24
    355e:	88 0f       	add	r24, r24
    3560:	ff 08       	sbc	r15, r15
    3562:	80 ec       	ldi	r24, 0xC0	; 192
    3564:	78 12       	cpse	r7, r24
    3566:	02 c0       	rjmp	.+4      	; 0x356c <u8g2_string_width+0x78>
    3568:	f4 01       	movw	r30, r8
    356a:	70 80       	ld	r7, Z
    356c:	0e 0d       	add	r16, r14
    356e:	1f 1d       	adc	r17, r15
    3570:	e3 cf       	rjmp	.-58     	; 0x3538 <u8g2_string_width+0x44>
    3572:	f5 01       	movw	r30, r10
    3574:	20 81       	ld	r18, Z
    3576:	22 23       	and	r18, r18
    3578:	a1 f0       	breq	.+40     	; 0x35a2 <u8g2_string_width+0xae>
    357a:	c8 57       	subi	r28, 0x78	; 120
    357c:	df 4f       	sbci	r29, 0xFF	; 255
    357e:	88 81       	ld	r24, Y
    3580:	02 2e       	mov	r0, r18
    3582:	00 0c       	add	r0, r0
    3584:	33 0b       	sbc	r19, r19
    3586:	28 0f       	add	r18, r24
    3588:	31 1d       	adc	r19, r1
    358a:	87 fd       	sbrc	r24, 7
    358c:	3a 95       	dec	r19
    358e:	02 0f       	add	r16, r18
    3590:	13 1f       	adc	r17, r19
    3592:	0e 19       	sub	r16, r14
    3594:	1f 09       	sbc	r17, r15
    3596:	17 14       	cp	r1, r7
    3598:	24 f4       	brge	.+8      	; 0x35a2 <u8g2_string_width+0xae>
    359a:	07 0d       	add	r16, r7
    359c:	11 1d       	adc	r17, r1
    359e:	77 fc       	sbrc	r7, 7
    35a0:	1a 95       	dec	r17
    35a2:	c8 01       	movw	r24, r16
    35a4:	df 91       	pop	r29
    35a6:	cf 91       	pop	r28
    35a8:	1f 91       	pop	r17
    35aa:	0f 91       	pop	r16
    35ac:	ff 90       	pop	r15
    35ae:	ef 90       	pop	r14
    35b0:	df 90       	pop	r13
    35b2:	cf 90       	pop	r12
    35b4:	bf 90       	pop	r11
    35b6:	af 90       	pop	r10
    35b8:	9f 90       	pop	r9
    35ba:	8f 90       	pop	r8
    35bc:	7f 90       	pop	r7
    35be:	08 95       	ret

000035c0 <u8g2_DrawGlyph>:
u8g2_DrawGlyph():
    35c0:	cf 92       	push	r12
    35c2:	df 92       	push	r13
    35c4:	ef 92       	push	r14
    35c6:	ff 92       	push	r15
    35c8:	0f 93       	push	r16
    35ca:	1f 93       	push	r17
    35cc:	cf 93       	push	r28
    35ce:	df 93       	push	r29
    35d0:	ec 01       	movw	r28, r24
    35d2:	7b 01       	movw	r14, r22
    35d4:	8a 01       	movw	r16, r20
    35d6:	69 01       	movw	r12, r18
    35d8:	fc 01       	movw	r30, r24
    35da:	e4 59       	subi	r30, 0x94	; 148
    35dc:	ff 4f       	sbci	r31, 0xFF	; 255
    35de:	80 81       	ld	r24, Z
    35e0:	81 30       	cpi	r24, 0x01	; 1
    35e2:	79 f1       	breq	.+94     	; 0x3642 <u8g2_DrawGlyph+0x82>
    35e4:	18 f1       	brcs	.+70     	; 0x362c <u8g2_DrawGlyph+0x6c>
    35e6:	82 30       	cpi	r24, 0x02	; 2
    35e8:	b9 f1       	breq	.+110    	; 0x3658 <u8g2_DrawGlyph+0x98>
    35ea:	83 30       	cpi	r24, 0x03	; 3
    35ec:	09 f4       	brne	.+2      	; 0x35f0 <u8g2_DrawGlyph+0x30>
    35ee:	3f c0       	rjmp	.+126    	; 0x366e <u8g2_DrawGlyph+0xae>
u8g2_font_draw_glyph():
    35f0:	fe 01       	movw	r30, r28
    35f2:	e0 5a       	subi	r30, 0xA0	; 160
    35f4:	ff 4f       	sbci	r31, 0xFF	; 255
    35f6:	f1 82       	std	Z+1, r15	; 0x01
    35f8:	e0 82       	st	Z, r14
    35fa:	32 96       	adiw	r30, 0x02	; 2
    35fc:	11 83       	std	Z+1, r17	; 0x01
    35fe:	00 83       	st	Z, r16
    3600:	b6 01       	movw	r22, r12
    3602:	ce 01       	movw	r24, r28
    3604:	0e 94 de 19 	call	0x33bc	; 0x33bc <u8g2_font_get_glyph_data>
    3608:	00 97       	sbiw	r24, 0x00	; 0
    360a:	e1 f1       	breq	.+120    	; 0x3684 <u8g2_DrawGlyph+0xc4>
    360c:	bc 01       	movw	r22, r24
    360e:	ce 01       	movw	r24, r28
    3610:	0e 94 07 19 	call	0x320e	; 0x320e <u8g2_font_decode_glyph>
    3614:	08 2e       	mov	r0, r24
    3616:	00 0c       	add	r0, r0
    3618:	99 0b       	sbc	r25, r25
u8g2_DrawGlyph():
    361a:	df 91       	pop	r29
    361c:	cf 91       	pop	r28
    361e:	1f 91       	pop	r17
    3620:	0f 91       	pop	r16
    3622:	ff 90       	pop	r15
    3624:	ef 90       	pop	r14
    3626:	df 90       	pop	r13
    3628:	cf 90       	pop	r12
    362a:	08 95       	ret
    362c:	fe 01       	movw	r30, r28
    362e:	e4 5a       	subi	r30, 0xA4	; 164
    3630:	ff 4f       	sbci	r31, 0xFF	; 255
    3632:	01 90       	ld	r0, Z+
    3634:	f0 81       	ld	r31, Z
    3636:	e0 2d       	mov	r30, r0
    3638:	ce 01       	movw	r24, r28
    363a:	09 95       	icall
    363c:	08 0f       	add	r16, r24
    363e:	19 1f       	adc	r17, r25
    3640:	d7 cf       	rjmp	.-82     	; 0x35f0 <u8g2_DrawGlyph+0x30>
    3642:	fe 01       	movw	r30, r28
    3644:	e4 5a       	subi	r30, 0xA4	; 164
    3646:	ff 4f       	sbci	r31, 0xFF	; 255
    3648:	01 90       	ld	r0, Z+
    364a:	f0 81       	ld	r31, Z
    364c:	e0 2d       	mov	r30, r0
    364e:	ce 01       	movw	r24, r28
    3650:	09 95       	icall
    3652:	e8 1a       	sub	r14, r24
    3654:	f9 0a       	sbc	r15, r25
    3656:	cc cf       	rjmp	.-104    	; 0x35f0 <u8g2_DrawGlyph+0x30>
    3658:	fe 01       	movw	r30, r28
    365a:	e4 5a       	subi	r30, 0xA4	; 164
    365c:	ff 4f       	sbci	r31, 0xFF	; 255
    365e:	01 90       	ld	r0, Z+
    3660:	f0 81       	ld	r31, Z
    3662:	e0 2d       	mov	r30, r0
    3664:	ce 01       	movw	r24, r28
    3666:	09 95       	icall
    3668:	08 1b       	sub	r16, r24
    366a:	19 0b       	sbc	r17, r25
    366c:	c1 cf       	rjmp	.-126    	; 0x35f0 <u8g2_DrawGlyph+0x30>
    366e:	fe 01       	movw	r30, r28
    3670:	e4 5a       	subi	r30, 0xA4	; 164
    3672:	ff 4f       	sbci	r31, 0xFF	; 255
    3674:	01 90       	ld	r0, Z+
    3676:	f0 81       	ld	r31, Z
    3678:	e0 2d       	mov	r30, r0
    367a:	ce 01       	movw	r24, r28
    367c:	09 95       	icall
    367e:	e8 0e       	add	r14, r24
    3680:	f9 1e       	adc	r15, r25
    3682:	b6 cf       	rjmp	.-148    	; 0x35f0 <u8g2_DrawGlyph+0x30>
u8g2_font_draw_glyph():
    3684:	90 e0       	ldi	r25, 0x00	; 0
    3686:	80 e0       	ldi	r24, 0x00	; 0
u8g2_DrawGlyph():
    3688:	c8 cf       	rjmp	.-112    	; 0x361a <u8g2_DrawGlyph+0x5a>

0000368a <u8g2_draw_string>:
u8g2_draw_string():
    368a:	8f 92       	push	r8
    368c:	9f 92       	push	r9
    368e:	af 92       	push	r10
    3690:	bf 92       	push	r11
    3692:	cf 92       	push	r12
    3694:	df 92       	push	r13
    3696:	ef 92       	push	r14
    3698:	ff 92       	push	r15
    369a:	0f 93       	push	r16
    369c:	1f 93       	push	r17
    369e:	cf 93       	push	r28
    36a0:	df 93       	push	r29
    36a2:	ec 01       	movw	r28, r24
    36a4:	8b 01       	movw	r16, r22
    36a6:	7a 01       	movw	r14, r20
    36a8:	59 01       	movw	r10, r18
    36aa:	0e 94 ba 1e 	call	0x3d74	; 0x3d74 <u8x8_utf8_init>
    36ae:	65 01       	movw	r12, r10
    36b0:	b1 2c       	mov	r11, r1
    36b2:	a1 2c       	mov	r10, r1
    36b4:	4e 01       	movw	r8, r28
    36b6:	2c e6       	ldi	r18, 0x6C	; 108
    36b8:	82 0e       	add	r8, r18
    36ba:	91 1c       	adc	r9, r1
    36bc:	f6 01       	movw	r30, r12
    36be:	61 91       	ld	r22, Z+
    36c0:	6f 01       	movw	r12, r30
    36c2:	ea 81       	ldd	r30, Y+2	; 0x02
    36c4:	fb 81       	ldd	r31, Y+3	; 0x03
    36c6:	ce 01       	movw	r24, r28
    36c8:	09 95       	icall
    36ca:	8f 3f       	cpi	r24, 0xFF	; 255
    36cc:	98 07       	cpc	r25, r24
    36ce:	11 f1       	breq	.+68     	; 0x3714 <u8g2_draw_string+0x8a>
    36d0:	8e 3f       	cpi	r24, 0xFE	; 254
    36d2:	2f ef       	ldi	r18, 0xFF	; 255
    36d4:	92 07       	cpc	r25, r18
    36d6:	91 f3       	breq	.-28     	; 0x36bc <u8g2_draw_string+0x32>
    36d8:	9c 01       	movw	r18, r24
    36da:	a7 01       	movw	r20, r14
    36dc:	b8 01       	movw	r22, r16
    36de:	ce 01       	movw	r24, r28
    36e0:	0e 94 e0 1a 	call	0x35c0	; 0x35c0 <u8g2_DrawGlyph>
    36e4:	f4 01       	movw	r30, r8
    36e6:	20 81       	ld	r18, Z
    36e8:	21 30       	cpi	r18, 0x01	; 1
    36ea:	59 f0       	breq	.+22     	; 0x3702 <u8g2_draw_string+0x78>
    36ec:	38 f0       	brcs	.+14     	; 0x36fc <u8g2_draw_string+0x72>
    36ee:	22 30       	cpi	r18, 0x02	; 2
    36f0:	59 f0       	breq	.+22     	; 0x3708 <u8g2_draw_string+0x7e>
    36f2:	23 30       	cpi	r18, 0x03	; 3
    36f4:	61 f0       	breq	.+24     	; 0x370e <u8g2_draw_string+0x84>
    36f6:	a8 0e       	add	r10, r24
    36f8:	b9 1e       	adc	r11, r25
    36fa:	e0 cf       	rjmp	.-64     	; 0x36bc <u8g2_draw_string+0x32>
    36fc:	08 0f       	add	r16, r24
    36fe:	19 1f       	adc	r17, r25
    3700:	fa cf       	rjmp	.-12     	; 0x36f6 <u8g2_draw_string+0x6c>
    3702:	e8 0e       	add	r14, r24
    3704:	f9 1e       	adc	r15, r25
    3706:	f7 cf       	rjmp	.-18     	; 0x36f6 <u8g2_draw_string+0x6c>
    3708:	08 1b       	sub	r16, r24
    370a:	19 0b       	sbc	r17, r25
    370c:	f4 cf       	rjmp	.-24     	; 0x36f6 <u8g2_draw_string+0x6c>
    370e:	e8 1a       	sub	r14, r24
    3710:	f9 0a       	sbc	r15, r25
    3712:	f1 cf       	rjmp	.-30     	; 0x36f6 <u8g2_draw_string+0x6c>
    3714:	c5 01       	movw	r24, r10
    3716:	df 91       	pop	r29
    3718:	cf 91       	pop	r28
    371a:	1f 91       	pop	r17
    371c:	0f 91       	pop	r16
    371e:	ff 90       	pop	r15
    3720:	ef 90       	pop	r14
    3722:	df 90       	pop	r13
    3724:	cf 90       	pop	r12
    3726:	bf 90       	pop	r11
    3728:	af 90       	pop	r10
    372a:	9f 90       	pop	r9
    372c:	8f 90       	pop	r8
    372e:	08 95       	ret

00003730 <u8g2_DrawStr>:
u8g2_DrawStr():
    3730:	e0 eb       	ldi	r30, 0xB0	; 176
    3732:	fe e1       	ldi	r31, 0x1E	; 30
    3734:	dc 01       	movw	r26, r24
    3736:	13 96       	adiw	r26, 0x03	; 3
    3738:	fc 93       	st	X, r31
    373a:	ee 93       	st	-X, r30
    373c:	12 97       	sbiw	r26, 0x02	; 2
    373e:	0c 94 45 1b 	jmp	0x368a	; 0x368a <u8g2_draw_string>

00003742 <u8g2_UpdateRefHeight>:
u8g2_UpdateRefHeight():
    3742:	cf 93       	push	r28
    3744:	df 93       	push	r29
    3746:	fc 01       	movw	r30, r24
    3748:	e6 5a       	subi	r30, 0xA6	; 166
    374a:	ff 4f       	sbci	r31, 0xFF	; 255
    374c:	20 81       	ld	r18, Z
    374e:	31 81       	ldd	r19, Z+1	; 0x01
    3750:	23 2b       	or	r18, r19
    3752:	f1 f0       	breq	.+60     	; 0x3790 <u8g2_UpdateRefHeight+0x4e>
    3754:	b0 96       	adiw	r30, 0x20	; 32
    3756:	20 81       	ld	r18, Z
    3758:	dc 01       	movw	r26, r24
    375a:	aa 57       	subi	r26, 0x7A	; 122
    375c:	bf 4f       	sbci	r27, 0xFF	; 255
    375e:	2c 93       	st	X, r18
    3760:	31 96       	adiw	r30, 0x01	; 1
    3762:	50 81       	ld	r21, Z
    3764:	3c 96       	adiw	r30, 0x0c	; 12
    3766:	50 83       	st	Z, r21
    3768:	ec 01       	movw	r28, r24
    376a:	cb 57       	subi	r28, 0x7B	; 123
    376c:	df 4f       	sbci	r29, 0xFF	; 255
    376e:	38 81       	ld	r19, Y
    3770:	33 23       	and	r19, r19
    3772:	71 f0       	breq	.+28     	; 0x3790 <u8g2_UpdateRefHeight+0x4e>
    3774:	31 30       	cpi	r19, 0x01	; 1
    3776:	79 f4       	brne	.+30     	; 0x3796 <u8g2_UpdateRefHeight+0x54>
    3778:	29 97       	sbiw	r28, 0x09	; 9
    377a:	38 81       	ld	r19, Y
    377c:	23 17       	cp	r18, r19
    377e:	0c f4       	brge	.+2      	; 0x3782 <u8g2_UpdateRefHeight+0x40>
    3780:	3c 93       	st	X, r19
    3782:	83 58       	subi	r24, 0x83	; 131
    3784:	9f 4f       	sbci	r25, 0xFF	; 255
    3786:	dc 01       	movw	r26, r24
    3788:	8c 91       	ld	r24, X
    378a:	85 17       	cp	r24, r21
    378c:	0c f4       	brge	.+2      	; 0x3790 <u8g2_UpdateRefHeight+0x4e>
    378e:	80 83       	st	Z, r24
    3790:	df 91       	pop	r29
    3792:	cf 91       	pop	r28
    3794:	08 95       	ret
    3796:	ec 01       	movw	r28, r24
    3798:	c9 58       	subi	r28, 0x89	; 137
    379a:	df 4f       	sbci	r29, 0xFF	; 255
    379c:	48 81       	ld	r20, Y
    379e:	87 58       	subi	r24, 0x87	; 135
    37a0:	9f 4f       	sbci	r25, 0xFF	; 255
    37a2:	ec 01       	movw	r28, r24
    37a4:	38 81       	ld	r19, Y
    37a6:	82 2f       	mov	r24, r18
    37a8:	22 0f       	add	r18, r18
    37aa:	99 0b       	sbc	r25, r25
    37ac:	63 2f       	mov	r22, r19
    37ae:	03 2e       	mov	r0, r19
    37b0:	00 0c       	add	r0, r0
    37b2:	77 0b       	sbc	r23, r23
    37b4:	64 0f       	add	r22, r20
    37b6:	71 1d       	adc	r23, r1
    37b8:	47 fd       	sbrc	r20, 7
    37ba:	7a 95       	dec	r23
    37bc:	86 17       	cp	r24, r22
    37be:	97 07       	cpc	r25, r23
    37c0:	14 f4       	brge	.+4      	; 0x37c6 <u8g2_UpdateRefHeight+0x84>
    37c2:	43 0f       	add	r20, r19
    37c4:	4c 93       	st	X, r20
    37c6:	35 17       	cp	r19, r21
    37c8:	1c f7       	brge	.-58     	; 0x3790 <u8g2_UpdateRefHeight+0x4e>
    37ca:	30 83       	st	Z, r19
    37cc:	e1 cf       	rjmp	.-62     	; 0x3790 <u8g2_UpdateRefHeight+0x4e>

000037ce <u8g2_SetFontPosBaseline>:
u8g2_SetFontPosBaseline():
    37ce:	84 5a       	subi	r24, 0xA4	; 164
    37d0:	9f 4f       	sbci	r25, 0xFF	; 255
    37d2:	21 eb       	ldi	r18, 0xB1	; 177
    37d4:	37 e1       	ldi	r19, 0x17	; 23
    37d6:	fc 01       	movw	r30, r24
    37d8:	31 83       	std	Z+1, r19	; 0x01
    37da:	20 83       	st	Z, r18
    37dc:	08 95       	ret

000037de <u8g2_SetFont>:
u8g2_SetFont():
    37de:	cf 93       	push	r28
    37e0:	df 93       	push	r29
    37e2:	fc 01       	movw	r30, r24
    37e4:	e6 5a       	subi	r30, 0xA6	; 166
    37e6:	ff 4f       	sbci	r31, 0xFF	; 255
    37e8:	20 81       	ld	r18, Z
    37ea:	31 81       	ldd	r19, Z+1	; 0x01
    37ec:	26 17       	cp	r18, r22
    37ee:	37 07       	cpc	r19, r23
    37f0:	61 f0       	breq	.+24     	; 0x380a <u8g2_SetFont+0x2c>
    37f2:	ec 01       	movw	r28, r24
    37f4:	71 83       	std	Z+1, r23	; 0x01
    37f6:	60 83       	st	Z, r22
    37f8:	83 59       	subi	r24, 0x93	; 147
    37fa:	9f 4f       	sbci	r25, 0xFF	; 255
    37fc:	0e 94 b4 17 	call	0x2f68	; 0x2f68 <u8g2_read_font_info>
    3800:	ce 01       	movw	r24, r28
    3802:	df 91       	pop	r29
    3804:	cf 91       	pop	r28
    3806:	0c 94 a1 1b 	jmp	0x3742	; 0x3742 <u8g2_UpdateRefHeight>
    380a:	df 91       	pop	r29
    380c:	cf 91       	pop	r28
    380e:	08 95       	ret

00003810 <u8g2_GetStrWidth>:
u8g2_GetStrWidth():
/Users/jacobmajors/Documents/Arduino/libraries/U8g2/src/clib/u8g2_font.c:1526



u8g2_uint_t u8g2_GetStrWidth(u8g2_t *u8g2, const char *s)
{
  u8g2->u8x8.next_cb = u8x8_ascii_next;
    3810:	20 eb       	ldi	r18, 0xB0	; 176
    3812:	3e e1       	ldi	r19, 0x1E	; 30
    3814:	fc 01       	movw	r30, r24
    3816:	33 83       	std	Z+3, r19	; 0x03
    3818:	22 83       	std	Z+2, r18	; 0x02
/Users/jacobmajors/Documents/Arduino/libraries/U8g2/src/clib/u8g2_font.c:1527
  return u8g2_string_width(u8g2, s);
    381a:	0c 94 7a 1a 	jmp	0x34f4	; 0x34f4 <u8g2_string_width>

0000381e <u8g2_draw_hv_line_2dir>:
u8g2_draw_hv_line_2dir():
/Users/jacobmajors/Documents/Arduino/libraries/U8g2/src/clib/u8g2_hvline.c:234
    return;
  if ( x >= u8g2->user_x1 )
    return;
#endif /* U8G2_WITH_INTERSECTION */
  u8g2_DrawHVLine(u8g2, x, y, 1, 0);
}
    381e:	0f 93       	push	r16
    3820:	fc 01       	movw	r30, r24
    3822:	e0 5c       	subi	r30, 0xC0	; 192
    3824:	ff 4f       	sbci	r31, 0xFF	; 255
    3826:	01 90       	ld	r0, Z+
    3828:	f0 81       	ld	r31, Z
    382a:	e0 2d       	mov	r30, r0
    382c:	4e 1b       	sub	r20, r30
    382e:	5f 0b       	sbc	r21, r31
    3830:	dc 01       	movw	r26, r24
    3832:	d4 96       	adiw	r26, 0x34	; 52
    3834:	ed 91       	ld	r30, X+
    3836:	fc 91       	ld	r31, X
    3838:	09 95       	icall
    383a:	0f 91       	pop	r16
    383c:	08 95       	ret

0000383e <u8g2_DrawHVLine>:
u8g2_DrawHVLine():
    383e:	0f 93       	push	r16
    3840:	cf 93       	push	r28
    3842:	df 93       	push	r29
    3844:	e0 2f       	mov	r30, r16
    3846:	dc 01       	movw	r26, r24
    3848:	ac 57       	subi	r26, 0x7C	; 124
    384a:	bf 4f       	sbci	r27, 0xFF	; 255
    384c:	fc 91       	ld	r31, X
    384e:	ff 23       	and	r31, r31
    3850:	09 f4       	brne	.+2      	; 0x3854 <u8g2_DrawHVLine+0x16>
    3852:	60 c0       	rjmp	.+192    	; 0x3914 <u8g2_DrawHVLine+0xd6>
    3854:	21 15       	cp	r18, r1
    3856:	31 05       	cpc	r19, r1
    3858:	09 f4       	brne	.+2      	; 0x385c <u8g2_DrawHVLine+0x1e>
    385a:	5c c0       	rjmp	.+184    	; 0x3914 <u8g2_DrawHVLine+0xd6>
    385c:	22 30       	cpi	r18, 0x02	; 2
    385e:	31 05       	cpc	r19, r1
    3860:	38 f0       	brcs	.+14     	; 0x3870 <u8g2_DrawHVLine+0x32>
    3862:	02 30       	cpi	r16, 0x02	; 2
    3864:	09 f0       	breq	.+2      	; 0x3868 <u8g2_DrawHVLine+0x2a>
    3866:	4a c0       	rjmp	.+148    	; 0x38fc <u8g2_DrawHVLine+0xbe>
    3868:	6f 5f       	subi	r22, 0xFF	; 255
    386a:	7f 4f       	sbci	r23, 0xFF	; 255
    386c:	62 1b       	sub	r22, r18
    386e:	73 0b       	sbc	r23, r19
    3870:	0e 2f       	mov	r16, r30
    3872:	01 70       	andi	r16, 0x01	; 1
    3874:	e0 fd       	sbrc	r30, 0
    3876:	52 c0       	rjmp	.+164    	; 0x391c <u8g2_DrawHVLine+0xde>
    3878:	fc 01       	movw	r30, r24
    387a:	e2 5b       	subi	r30, 0xB2	; 178
    387c:	ff 4f       	sbci	r31, 0xFF	; 255
    387e:	01 90       	ld	r0, Z+
    3880:	f0 81       	ld	r31, Z
    3882:	e0 2d       	mov	r30, r0
    3884:	4e 17       	cp	r20, r30
    3886:	5f 07       	cpc	r21, r31
    3888:	08 f4       	brcc	.+2      	; 0x388c <u8g2_DrawHVLine+0x4e>
    388a:	44 c0       	rjmp	.+136    	; 0x3914 <u8g2_DrawHVLine+0xd6>
    388c:	fc 01       	movw	r30, r24
    388e:	e0 5b       	subi	r30, 0xB0	; 176
    3890:	ff 4f       	sbci	r31, 0xFF	; 255
    3892:	01 90       	ld	r0, Z+
    3894:	f0 81       	ld	r31, Z
    3896:	e0 2d       	mov	r30, r0
    3898:	4e 17       	cp	r20, r30
    389a:	5f 07       	cpc	r21, r31
    389c:	d8 f5       	brcc	.+118    	; 0x3914 <u8g2_DrawHVLine+0xd6>
    389e:	fc 01       	movw	r30, r24
    38a0:	e4 5b       	subi	r30, 0xB4	; 180
    38a2:	ff 4f       	sbci	r31, 0xFF	; 255
    38a4:	01 90       	ld	r0, Z+
    38a6:	f0 81       	ld	r31, Z
    38a8:	e0 2d       	mov	r30, r0
    38aa:	dc 01       	movw	r26, r24
    38ac:	a6 5b       	subi	r26, 0xB6	; 182
    38ae:	bf 4f       	sbci	r27, 0xFF	; 255
    38b0:	0d 90       	ld	r0, X+
    38b2:	bc 91       	ld	r27, X
    38b4:	a0 2d       	mov	r26, r0
u8g2_clip_intersection2():
    38b6:	26 0f       	add	r18, r22
    38b8:	37 1f       	adc	r19, r23
    38ba:	26 17       	cp	r18, r22
    38bc:	37 07       	cpc	r19, r23
    38be:	38 f5       	brcc	.+78     	; 0x390e <u8g2_DrawHVLine+0xd0>
    38c0:	6e 17       	cp	r22, r30
    38c2:	7f 07       	cpc	r23, r31
    38c4:	18 f5       	brcc	.+70     	; 0x390c <u8g2_DrawHVLine+0xce>
    38c6:	9f 01       	movw	r18, r30
    38c8:	21 50       	subi	r18, 0x01	; 1
    38ca:	31 09       	sbc	r19, r1
    38cc:	a2 17       	cp	r26, r18
    38ce:	b3 07       	cpc	r27, r19
    38d0:	08 f5       	brcc	.+66     	; 0x3914 <u8g2_DrawHVLine+0xd6>
    38d2:	6a 17       	cp	r22, r26
    38d4:	7b 07       	cpc	r23, r27
    38d6:	08 f4       	brcc	.+2      	; 0x38da <u8g2_DrawHVLine+0x9c>
    38d8:	bd 01       	movw	r22, r26
    38da:	2e 17       	cp	r18, r30
    38dc:	3f 07       	cpc	r19, r31
    38de:	08 f4       	brcc	.+2      	; 0x38e2 <u8g2_DrawHVLine+0xa4>
    38e0:	f9 01       	movw	r30, r18
    38e2:	e6 1b       	sub	r30, r22
    38e4:	f7 0b       	sbc	r31, r23
u8g2_DrawHVLine():
    38e6:	ec 01       	movw	r28, r24
    38e8:	ae a9       	ldd	r26, Y+54	; 0x36
    38ea:	bf a9       	ldd	r27, Y+55	; 0x37
    38ec:	14 96       	adiw	r26, 0x04	; 4
    38ee:	0d 90       	ld	r0, X+
    38f0:	bc 91       	ld	r27, X
    38f2:	a0 2d       	mov	r26, r0
    38f4:	9f 01       	movw	r18, r30
    38f6:	fd 01       	movw	r30, r26
    38f8:	09 95       	icall
    38fa:	0c c0       	rjmp	.+24     	; 0x3914 <u8g2_DrawHVLine+0xd6>
    38fc:	03 30       	cpi	r16, 0x03	; 3
    38fe:	09 f0       	breq	.+2      	; 0x3902 <u8g2_DrawHVLine+0xc4>
    3900:	b7 cf       	rjmp	.-146    	; 0x3870 <u8g2_DrawHVLine+0x32>
    3902:	4f 5f       	subi	r20, 0xFF	; 255
    3904:	5f 4f       	sbci	r21, 0xFF	; 255
    3906:	42 1b       	sub	r20, r18
    3908:	53 0b       	sbc	r21, r19
    390a:	b2 cf       	rjmp	.-156    	; 0x3870 <u8g2_DrawHVLine+0x32>
    390c:	bd 01       	movw	r22, r26
u8g2_clip_intersection2():
    390e:	6e 17       	cp	r22, r30
    3910:	7f 07       	cpc	r23, r31
    3912:	e0 f2       	brcs	.-72     	; 0x38cc <u8g2_DrawHVLine+0x8e>
u8g2_DrawHVLine():
    3914:	df 91       	pop	r29
    3916:	cf 91       	pop	r28
    3918:	0f 91       	pop	r16
    391a:	08 95       	ret
    391c:	fc 01       	movw	r30, r24
    391e:	e6 5b       	subi	r30, 0xB6	; 182
    3920:	ff 4f       	sbci	r31, 0xFF	; 255
    3922:	01 90       	ld	r0, Z+
    3924:	f0 81       	ld	r31, Z
    3926:	e0 2d       	mov	r30, r0
    3928:	6e 17       	cp	r22, r30
    392a:	7f 07       	cpc	r23, r31
    392c:	98 f3       	brcs	.-26     	; 0x3914 <u8g2_DrawHVLine+0xd6>
    392e:	fc 01       	movw	r30, r24
    3930:	e4 5b       	subi	r30, 0xB4	; 180
    3932:	ff 4f       	sbci	r31, 0xFF	; 255
    3934:	01 90       	ld	r0, Z+
    3936:	f0 81       	ld	r31, Z
    3938:	e0 2d       	mov	r30, r0
    393a:	6e 17       	cp	r22, r30
    393c:	7f 07       	cpc	r23, r31
    393e:	50 f7       	brcc	.-44     	; 0x3914 <u8g2_DrawHVLine+0xd6>
    3940:	fc 01       	movw	r30, r24
    3942:	e0 5b       	subi	r30, 0xB0	; 176
    3944:	ff 4f       	sbci	r31, 0xFF	; 255
    3946:	01 90       	ld	r0, Z+
    3948:	f0 81       	ld	r31, Z
    394a:	e0 2d       	mov	r30, r0
    394c:	dc 01       	movw	r26, r24
    394e:	a2 5b       	subi	r26, 0xB2	; 178
    3950:	bf 4f       	sbci	r27, 0xFF	; 255
    3952:	0d 90       	ld	r0, X+
    3954:	bc 91       	ld	r27, X
    3956:	a0 2d       	mov	r26, r0
u8g2_clip_intersection2():
    3958:	24 0f       	add	r18, r20
    395a:	35 1f       	adc	r19, r21
    395c:	24 17       	cp	r18, r20
    395e:	35 07       	cpc	r19, r21
    3960:	a8 f4       	brcc	.+42     	; 0x398c <u8g2_DrawHVLine+0x14e>
    3962:	4e 17       	cp	r20, r30
    3964:	5f 07       	cpc	r21, r31
    3966:	88 f4       	brcc	.+34     	; 0x398a <u8g2_DrawHVLine+0x14c>
    3968:	9f 01       	movw	r18, r30
    396a:	21 50       	subi	r18, 0x01	; 1
    396c:	31 09       	sbc	r19, r1
    396e:	a2 17       	cp	r26, r18
    3970:	b3 07       	cpc	r27, r19
    3972:	80 f6       	brcc	.-96     	; 0x3914 <u8g2_DrawHVLine+0xd6>
    3974:	4a 17       	cp	r20, r26
    3976:	5b 07       	cpc	r21, r27
    3978:	08 f4       	brcc	.+2      	; 0x397c <u8g2_DrawHVLine+0x13e>
    397a:	ad 01       	movw	r20, r26
    397c:	2e 17       	cp	r18, r30
    397e:	3f 07       	cpc	r19, r31
    3980:	08 f4       	brcc	.+2      	; 0x3984 <u8g2_DrawHVLine+0x146>
    3982:	f9 01       	movw	r30, r18
    3984:	e4 1b       	sub	r30, r20
    3986:	f5 0b       	sbc	r31, r21
    3988:	ae cf       	rjmp	.-164    	; 0x38e6 <u8g2_DrawHVLine+0xa8>
u8g2_DrawHVLine():
    398a:	ad 01       	movw	r20, r26
u8g2_clip_intersection2():
    398c:	4e 17       	cp	r20, r30
    398e:	5f 07       	cpc	r21, r31
    3990:	08 f6       	brcc	.-126    	; 0x3914 <u8g2_DrawHVLine+0xd6>
    3992:	ed cf       	rjmp	.-38     	; 0x396e <u8g2_DrawHVLine+0x130>

00003994 <u8g2_DrawHLine>:
u8g2_DrawHLine():
    3994:	0f 93       	push	r16
    3996:	00 e0       	ldi	r16, 0x00	; 0
    3998:	0e 94 1f 1c 	call	0x383e	; 0x383e <u8g2_DrawHVLine>
    399c:	0f 91       	pop	r16
    399e:	08 95       	ret

000039a0 <u8g2_SetDrawColor>:
u8g2_SetDrawColor():
/Users/jacobmajors/Documents/Arduino/libraries/U8g2/src/clib/u8g2_hvline.c:250

  7 Jan 2017: Allow color value 2 for XOR operation.
  
*/
void u8g2_SetDrawColor(u8g2_t *u8g2, uint8_t color)
{
    39a0:	fc 01       	movw	r30, r24
    39a2:	e6 57       	subi	r30, 0x76	; 118
    39a4:	ff 4f       	sbci	r31, 0xFF	; 255
/Users/jacobmajors/Documents/Arduino/libraries/U8g2/src/clib/u8g2_hvline.c:252
  u8g2->draw_color = color;	/* u8g2_SetDrawColor: just assign the argument */ 
  if ( color >= 3 )
    39a6:	63 30       	cpi	r22, 0x03	; 3
    39a8:	10 f4       	brcc	.+4      	; 0x39ae <u8g2_SetDrawColor+0xe>
/Users/jacobmajors/Documents/Arduino/libraries/U8g2/src/clib/u8g2_hvline.c:251
  7 Jan 2017: Allow color value 2 for XOR operation.
  
*/
void u8g2_SetDrawColor(u8g2_t *u8g2, uint8_t color)
{
  u8g2->draw_color = color;	/* u8g2_SetDrawColor: just assign the argument */ 
    39aa:	60 83       	st	Z, r22
    39ac:	08 95       	ret
/Users/jacobmajors/Documents/Arduino/libraries/U8g2/src/clib/u8g2_hvline.c:253
  if ( color >= 3 )
    u8g2->draw_color = 1;	/* u8g2_SetDrawColor: make color as one if arg is invalid */
    39ae:	81 e0       	ldi	r24, 0x01	; 1
    39b0:	80 83       	st	Z, r24
/Users/jacobmajors/Documents/Arduino/libraries/U8g2/src/clib/u8g2_hvline.c:254
}
    39b2:	08 95       	ret

000039b4 <u8g2_is_intersection_decision_tree>:
u8g2_is_intersection_decision_tree():
/Users/jacobmajors/Documents/Arduino/libraries/U8g2/src/clib/u8g2_intersection.c:125
  a1 and v1 are excluded
  v0 == v1 is not support end return 1
*/
uint8_t u8g2_is_intersection_decision_tree(u8g2_uint_t a0, u8g2_uint_t a1, u8g2_uint_t v0, u8g2_uint_t v1)
{
  if ( v0 < a1 )		// v0 <= a1
    39b4:	46 17       	cp	r20, r22
    39b6:	57 07       	cpc	r21, r23
    39b8:	48 f4       	brcc	.+18     	; 0x39cc <u8g2_is_intersection_decision_tree+0x18>
/Users/jacobmajors/Documents/Arduino/libraries/U8g2/src/clib/u8g2_intersection.c:127
  {
    if ( v1 > a0 )	// v1 >= a0
    39ba:	82 17       	cp	r24, r18
    39bc:	93 07       	cpc	r25, r19
    39be:	50 f0       	brcs	.+20     	; 0x39d4 <u8g2_is_intersection_decision_tree+0x20>
/Users/jacobmajors/Documents/Arduino/libraries/U8g2/src/clib/u8g2_intersection.c:133
    {
      return 1;
    }
    else
    {
      if ( v0 > v1 )	// v0 > v1
    39c0:	81 e0       	ldi	r24, 0x01	; 1
    39c2:	24 17       	cp	r18, r20
    39c4:	35 07       	cpc	r19, r21
    39c6:	38 f0       	brcs	.+14     	; 0x39d6 <u8g2_is_intersection_decision_tree+0x22>
/Users/jacobmajors/Documents/Arduino/libraries/U8g2/src/clib/u8g2_intersection.c:158
	return 0;
      }
    }
    else
    {
      return 0;
    39c8:	80 e0       	ldi	r24, 0x00	; 0
    39ca:	08 95       	ret
/Users/jacobmajors/Documents/Arduino/libraries/U8g2/src/clib/u8g2_intersection.c:145
      }
    }
  }
  else
  {
    if ( v1 > a0 )	// v1 >= a0
    39cc:	82 17       	cp	r24, r18
    39ce:	93 07       	cpc	r25, r19
    39d0:	b8 f3       	brcs	.-18     	; 0x39c0 <u8g2_is_intersection_decision_tree+0xc>
    39d2:	fa cf       	rjmp	.-12     	; 0x39c8 <u8g2_is_intersection_decision_tree+0x14>
/Users/jacobmajors/Documents/Arduino/libraries/U8g2/src/clib/u8g2_intersection.c:129
{
  if ( v0 < a1 )		// v0 <= a1
  {
    if ( v1 > a0 )	// v1 >= a0
    {
      return 1;
    39d4:	81 e0       	ldi	r24, 0x01	; 1
/Users/jacobmajors/Documents/Arduino/libraries/U8g2/src/clib/u8g2_intersection.c:161
    else
    {
      return 0;
    }
  }
}
    39d6:	08 95       	ret

000039d8 <u8g2_IsIntersection>:
u8g2_IsIntersection():
/Users/jacobmajors/Documents/Arduino/libraries/U8g2/src/clib/u8g2_intersection.c:167



/* upper limits are not included (asymetric boundaries) */
uint8_t u8g2_IsIntersection(u8g2_t *u8g2, u8g2_uint_t x0, u8g2_uint_t y0, u8g2_uint_t x1, u8g2_uint_t y1)
{
    39d8:	cf 92       	push	r12
    39da:	df 92       	push	r13
    39dc:	ef 92       	push	r14
    39de:	ff 92       	push	r15
    39e0:	0f 93       	push	r16
    39e2:	1f 93       	push	r17
    39e4:	cf 93       	push	r28
    39e6:	df 93       	push	r29
    39e8:	ec 01       	movw	r28, r24
    39ea:	7b 01       	movw	r14, r22
    39ec:	69 01       	movw	r12, r18
    39ee:	98 01       	movw	r18, r16
/Users/jacobmajors/Documents/Arduino/libraries/U8g2/src/clib/u8g2_intersection.c:168
  if ( u8g2_is_intersection_decision_tree(u8g2->user_y0, u8g2->user_y1, y0, y1) == 0 )
    39f0:	fc 01       	movw	r30, r24
    39f2:	e0 5b       	subi	r30, 0xB0	; 176
    39f4:	ff 4f       	sbci	r31, 0xFF	; 255
    39f6:	60 81       	ld	r22, Z
    39f8:	71 81       	ldd	r23, Z+1	; 0x01
    39fa:	32 97       	sbiw	r30, 0x02	; 2
    39fc:	80 81       	ld	r24, Z
    39fe:	91 81       	ldd	r25, Z+1	; 0x01
    3a00:	0e 94 da 1c 	call	0x39b4	; 0x39b4 <u8g2_is_intersection_decision_tree>
    3a04:	88 23       	and	r24, r24
    3a06:	a9 f0       	breq	.+42     	; 0x3a32 <u8g2_IsIntersection+0x5a>
/Users/jacobmajors/Documents/Arduino/libraries/U8g2/src/clib/u8g2_intersection.c:171
    return 0; 
  
  return u8g2_is_intersection_decision_tree(u8g2->user_x0, u8g2->user_x1, x0, x1);
    3a08:	fe 01       	movw	r30, r28
    3a0a:	e4 5b       	subi	r30, 0xB4	; 180
    3a0c:	ff 4f       	sbci	r31, 0xFF	; 255
    3a0e:	60 81       	ld	r22, Z
    3a10:	71 81       	ldd	r23, Z+1	; 0x01
    3a12:	c6 5b       	subi	r28, 0xB6	; 182
    3a14:	df 4f       	sbci	r29, 0xFF	; 255
    3a16:	96 01       	movw	r18, r12
    3a18:	a7 01       	movw	r20, r14
    3a1a:	88 81       	ld	r24, Y
    3a1c:	99 81       	ldd	r25, Y+1	; 0x01
/Users/jacobmajors/Documents/Arduino/libraries/U8g2/src/clib/u8g2_intersection.c:172
}
    3a1e:	df 91       	pop	r29
    3a20:	cf 91       	pop	r28
    3a22:	1f 91       	pop	r17
    3a24:	0f 91       	pop	r16
    3a26:	ff 90       	pop	r15
    3a28:	ef 90       	pop	r14
    3a2a:	df 90       	pop	r13
    3a2c:	cf 90       	pop	r12
/Users/jacobmajors/Documents/Arduino/libraries/U8g2/src/clib/u8g2_intersection.c:171
uint8_t u8g2_IsIntersection(u8g2_t *u8g2, u8g2_uint_t x0, u8g2_uint_t y0, u8g2_uint_t x1, u8g2_uint_t y1)
{
  if ( u8g2_is_intersection_decision_tree(u8g2->user_y0, u8g2->user_y1, y0, y1) == 0 )
    return 0; 
  
  return u8g2_is_intersection_decision_tree(u8g2->user_x0, u8g2->user_x1, x0, x1);
    3a2e:	0c 94 da 1c 	jmp	0x39b4	; 0x39b4 <u8g2_is_intersection_decision_tree>
/Users/jacobmajors/Documents/Arduino/libraries/U8g2/src/clib/u8g2_intersection.c:172
}
    3a32:	80 e0       	ldi	r24, 0x00	; 0
    3a34:	df 91       	pop	r29
    3a36:	cf 91       	pop	r28
    3a38:	1f 91       	pop	r17
    3a3a:	0f 91       	pop	r16
    3a3c:	ff 90       	pop	r15
    3a3e:	ef 90       	pop	r14
    3a40:	df 90       	pop	r13
    3a42:	cf 90       	pop	r12
    3a44:	08 95       	ret

00003a46 <u8g2_ll_hvline_horizontal_right_lsb>:
u8g2_ll_hvline_horizontal_right_lsb():
/Users/jacobmajors/Documents/Arduino/libraries/U8g2/src/clib/u8g2_ll_hvline.c:245
    all clipping done
*/

/* SH1122, LD7032, ST7920, ST7986, LC7981, T6963, SED1330, RA8835, MAX7219, LS0 */ 
void u8g2_ll_hvline_horizontal_right_lsb(u8g2_t *u8g2, u8g2_uint_t x, u8g2_uint_t y, u8g2_uint_t len, uint8_t dir)
{
    3a46:	ef 92       	push	r14
    3a48:	ff 92       	push	r15
    3a4a:	0f 93       	push	r16
    3a4c:	cf 93       	push	r28
    3a4e:	df 93       	push	r29
    3a50:	7a 01       	movw	r14, r20
/Users/jacobmajors/Documents/Arduino/libraries/U8g2/src/clib/u8g2_ll_hvline.c:253
  uint8_t bit_pos;
  uint8_t mask;
  uint8_t tile_width = u8g2_GetU8x8(u8g2)->display_info->tile_width;

  bit_pos = x;		/* overflow truncate is ok here... */
  bit_pos &= 7; 	/* ... because only the lowest 3 bits are needed */
    3a52:	46 2f       	mov	r20, r22
    3a54:	47 70       	andi	r20, 0x07	; 7
/Users/jacobmajors/Documents/Arduino/libraries/U8g2/src/clib/u8g2_ll_hvline.c:255
  mask = 128;
  mask >>= bit_pos;
    3a56:	e0 e8       	ldi	r30, 0x80	; 128
    3a58:	f0 e0       	ldi	r31, 0x00	; 0
    3a5a:	02 c0       	rjmp	.+4      	; 0x3a60 <u8g2_ll_hvline_horizontal_right_lsb+0x1a>
    3a5c:	f5 95       	asr	r31
    3a5e:	e7 95       	ror	r30
    3a60:	4a 95       	dec	r20
    3a62:	e2 f7       	brpl	.-8      	; 0x3a5c <u8g2_ll_hvline_horizontal_right_lsb+0x16>
    3a64:	5e 2f       	mov	r21, r30
/Users/jacobmajors/Documents/Arduino/libraries/U8g2/src/clib/u8g2_ll_hvline.c:250
{
  uint16_t offset;
  uint8_t *ptr;
  uint8_t bit_pos;
  uint8_t mask;
  uint8_t tile_width = u8g2_GetU8x8(u8g2)->display_info->tile_width;
    3a66:	dc 01       	movw	r26, r24
    3a68:	ed 91       	ld	r30, X+
    3a6a:	fc 91       	ld	r31, X
/Users/jacobmajors/Documents/Arduino/libraries/U8g2/src/clib/u8g2_ll_hvline.c:258
  bit_pos &= 7; 	/* ... because only the lowest 3 bits are needed */
  mask = 128;
  mask >>= bit_pos;

  offset = y;		/* y might be 8 or 16 bit, but we need 16 bit, so use a 16 bit variable */
  offset *= tile_width;
    3a6c:	a0 89       	ldd	r26, Z+16	; 0x10
    3a6e:	b0 e0       	ldi	r27, 0x00	; 0
    3a70:	ae 9d       	mul	r26, r14
    3a72:	e0 01       	movw	r28, r0
    3a74:	af 9d       	mul	r26, r15
    3a76:	d0 0d       	add	r29, r0
    3a78:	be 9d       	mul	r27, r14
    3a7a:	d0 0d       	add	r29, r0
    3a7c:	11 24       	eor	r1, r1
/Users/jacobmajors/Documents/Arduino/libraries/U8g2/src/clib/u8g2_ll_hvline.c:260
  offset += x>>3;
  ptr = u8g2->tile_buf_ptr;
    3a7e:	fc 01       	movw	r30, r24
    3a80:	e0 ac       	ldd	r14, Z+56	; 0x38
    3a82:	f1 ac       	ldd	r15, Z+57	; 0x39
/Users/jacobmajors/Documents/Arduino/libraries/U8g2/src/clib/u8g2_ll_hvline.c:259
  mask = 128;
  mask >>= bit_pos;

  offset = y;		/* y might be 8 or 16 bit, but we need 16 bit, so use a 16 bit variable */
  offset *= tile_width;
  offset += x>>3;
    3a84:	43 e0       	ldi	r20, 0x03	; 3
    3a86:	76 95       	lsr	r23
    3a88:	67 95       	ror	r22
    3a8a:	4a 95       	dec	r20
    3a8c:	e1 f7       	brne	.-8      	; 0x3a86 <u8g2_ll_hvline_horizontal_right_lsb+0x40>
    3a8e:	6c 0f       	add	r22, r28
    3a90:	7d 1f       	adc	r23, r29
/Users/jacobmajors/Documents/Arduino/libraries/U8g2/src/clib/u8g2_ll_hvline.c:261
  ptr = u8g2->tile_buf_ptr;
  ptr += offset;
    3a92:	f7 01       	movw	r30, r14
    3a94:	e6 0f       	add	r30, r22
    3a96:	f7 1f       	adc	r31, r23
    3a98:	ec 01       	movw	r28, r24
    3a9a:	c6 57       	subi	r28, 0x76	; 118
    3a9c:	df 4f       	sbci	r29, 0xFF	; 255
/Users/jacobmajors/Documents/Arduino/libraries/U8g2/src/clib/u8g2_ll_hvline.c:263
  
  if ( dir == 0 )
    3a9e:	01 11       	cpse	r16, r1
    3aa0:	19 c0       	rjmp	.+50     	; 0x3ad4 <u8g2_ll_hvline_horizontal_right_lsb+0x8e>
/Users/jacobmajors/Documents/Arduino/libraries/U8g2/src/clib/u8g2_ll_hvline.c:269
  {
      
    do
    {

      if ( u8g2->draw_color <= 1 )
    3aa2:	88 81       	ld	r24, Y
    3aa4:	82 30       	cpi	r24, 0x02	; 2
    3aa6:	18 f4       	brcc	.+6      	; 0x3aae <u8g2_ll_hvline_horizontal_right_lsb+0x68>
/Users/jacobmajors/Documents/Arduino/libraries/U8g2/src/clib/u8g2_ll_hvline.c:270
	*ptr |= mask;
    3aa8:	90 81       	ld	r25, Z
    3aaa:	95 2b       	or	r25, r21
    3aac:	90 83       	st	Z, r25
/Users/jacobmajors/Documents/Arduino/libraries/U8g2/src/clib/u8g2_ll_hvline.c:271
      if ( u8g2->draw_color != 1 )
    3aae:	88 81       	ld	r24, Y
    3ab0:	81 30       	cpi	r24, 0x01	; 1
    3ab2:	19 f0       	breq	.+6      	; 0x3aba <u8g2_ll_hvline_horizontal_right_lsb+0x74>
/Users/jacobmajors/Documents/Arduino/libraries/U8g2/src/clib/u8g2_ll_hvline.c:272
	*ptr ^= mask;
    3ab4:	90 81       	ld	r25, Z
    3ab6:	95 27       	eor	r25, r21
    3ab8:	90 83       	st	Z, r25
/Users/jacobmajors/Documents/Arduino/libraries/U8g2/src/clib/u8g2_ll_hvline.c:274
      
      mask >>= 1;
    3aba:	56 95       	lsr	r21
/Users/jacobmajors/Documents/Arduino/libraries/U8g2/src/clib/u8g2_ll_hvline.c:275
      if ( mask == 0 )
    3abc:	11 f4       	brne	.+4      	; 0x3ac2 <u8g2_ll_hvline_horizontal_right_lsb+0x7c>
/Users/jacobmajors/Documents/Arduino/libraries/U8g2/src/clib/u8g2_ll_hvline.c:278
      {
	mask = 128;
        ptr++;
    3abe:	31 96       	adiw	r30, 0x01	; 1
/Users/jacobmajors/Documents/Arduino/libraries/U8g2/src/clib/u8g2_ll_hvline.c:277
	*ptr ^= mask;
      
      mask >>= 1;
      if ( mask == 0 )
      {
	mask = 128;
    3ac0:	50 e8       	ldi	r21, 0x80	; 128
/Users/jacobmajors/Documents/Arduino/libraries/U8g2/src/clib/u8g2_ll_hvline.c:282
        ptr++;
      }
      
      //x++;
      len--;
    3ac2:	21 50       	subi	r18, 0x01	; 1
    3ac4:	31 09       	sbc	r19, r1
/Users/jacobmajors/Documents/Arduino/libraries/U8g2/src/clib/u8g2_ll_hvline.c:283
    } while( len != 0 );
    3ac6:	69 f7       	brne	.-38     	; 0x3aa2 <u8g2_ll_hvline_horizontal_right_lsb+0x5c>
/Users/jacobmajors/Documents/Arduino/libraries/U8g2/src/clib/u8g2_ll_hvline.c:299
      ptr += tile_width;
      //y++;
      len--;
    } while( len != 0 );
  }
}
    3ac8:	df 91       	pop	r29
    3aca:	cf 91       	pop	r28
    3acc:	0f 91       	pop	r16
    3ace:	ff 90       	pop	r15
    3ad0:	ef 90       	pop	r14
    3ad2:	08 95       	ret
/Users/jacobmajors/Documents/Arduino/libraries/U8g2/src/clib/u8g2_ll_hvline.c:289
  }
  else
  {
    do
    {
      if ( u8g2->draw_color <= 1 )
    3ad4:	88 81       	ld	r24, Y
    3ad6:	82 30       	cpi	r24, 0x02	; 2
    3ad8:	18 f4       	brcc	.+6      	; 0x3ae0 <u8g2_ll_hvline_horizontal_right_lsb+0x9a>
/Users/jacobmajors/Documents/Arduino/libraries/U8g2/src/clib/u8g2_ll_hvline.c:290
	*ptr |= mask;
    3ada:	90 81       	ld	r25, Z
    3adc:	95 2b       	or	r25, r21
    3ade:	90 83       	st	Z, r25
/Users/jacobmajors/Documents/Arduino/libraries/U8g2/src/clib/u8g2_ll_hvline.c:291
      if ( u8g2->draw_color != 1 )
    3ae0:	88 81       	ld	r24, Y
    3ae2:	81 30       	cpi	r24, 0x01	; 1
    3ae4:	19 f0       	breq	.+6      	; 0x3aec <u8g2_ll_hvline_horizontal_right_lsb+0xa6>
/Users/jacobmajors/Documents/Arduino/libraries/U8g2/src/clib/u8g2_ll_hvline.c:292
	*ptr ^= mask;
    3ae6:	90 81       	ld	r25, Z
    3ae8:	95 27       	eor	r25, r21
    3aea:	90 83       	st	Z, r25
/Users/jacobmajors/Documents/Arduino/libraries/U8g2/src/clib/u8g2_ll_hvline.c:294
      
      ptr += tile_width;
    3aec:	ea 0f       	add	r30, r26
    3aee:	fb 1f       	adc	r31, r27
/Users/jacobmajors/Documents/Arduino/libraries/U8g2/src/clib/u8g2_ll_hvline.c:296
      //y++;
      len--;
    3af0:	21 50       	subi	r18, 0x01	; 1
    3af2:	31 09       	sbc	r19, r1
/Users/jacobmajors/Documents/Arduino/libraries/U8g2/src/clib/u8g2_ll_hvline.c:297
    } while( len != 0 );
    3af4:	79 f7       	brne	.-34     	; 0x3ad4 <u8g2_ll_hvline_horizontal_right_lsb+0x8e>
    3af6:	e8 cf       	rjmp	.-48     	; 0x3ac8 <u8g2_ll_hvline_horizontal_right_lsb+0x82>

00003af8 <u8g2_update_dimension_common>:
u8g2_update_dimension_common():
/Users/jacobmajors/Documents/Arduino/libraries/U8g2/src/clib/u8g2_setup.c:62
{
  u8g2->clip_x0 = clip_x0;
  u8g2->clip_y0 = clip_y0;
  u8g2->clip_x1 = clip_x1;
  u8g2->clip_y1 = clip_y1;
  u8g2->cb->update_page_win(u8g2);
    3af8:	cf 93       	push	r28
    3afa:	df 93       	push	r29
    3afc:	fc 01       	movw	r30, r24
    3afe:	a0 81       	ld	r26, Z
    3b00:	b1 81       	ldd	r27, Z+1	; 0x01
    3b02:	82 ad       	ldd	r24, Z+58	; 0x3a
    3b04:	90 e0       	ldi	r25, 0x00	; 0
    3b06:	9c 01       	movw	r18, r24
    3b08:	43 e0       	ldi	r20, 0x03	; 3
    3b0a:	22 0f       	add	r18, r18
    3b0c:	33 1f       	adc	r19, r19
    3b0e:	4a 95       	dec	r20
    3b10:	e1 f7       	brne	.-8      	; 0x3b0a <u8g2_update_dimension_common+0x12>
    3b12:	37 af       	std	Z+63, r19	; 0x3f
    3b14:	26 af       	std	Z+62, r18	; 0x3e
    3b16:	50 96       	adiw	r26, 0x10	; 16
    3b18:	2c 91       	ld	r18, X
    3b1a:	50 97       	sbiw	r26, 0x10	; 16
    3b1c:	48 e0       	ldi	r20, 0x08	; 8
    3b1e:	24 9f       	mul	r18, r20
    3b20:	90 01       	movw	r18, r0
    3b22:	11 24       	eor	r1, r1
    3b24:	35 af       	std	Z+61, r19	; 0x3d
    3b26:	24 af       	std	Z+60, r18	; 0x3c
    3b28:	23 ad       	ldd	r18, Z+59	; 0x3b
    3b2a:	30 e0       	ldi	r19, 0x00	; 0
    3b2c:	b9 01       	movw	r22, r18
    3b2e:	53 e0       	ldi	r21, 0x03	; 3
    3b30:	66 0f       	add	r22, r22
    3b32:	77 1f       	adc	r23, r23
    3b34:	5a 95       	dec	r21
    3b36:	e1 f7       	brne	.-8      	; 0x3b30 <u8g2_update_dimension_common+0x38>
    3b38:	ef 01       	movw	r28, r30
    3b3a:	c0 5c       	subi	r28, 0xC0	; 192
    3b3c:	df 4f       	sbci	r29, 0xFF	; 255
    3b3e:	79 83       	std	Y+1, r23	; 0x01
    3b40:	68 83       	st	Y, r22
    3b42:	51 96       	adiw	r26, 0x11	; 17
    3b44:	4c 91       	ld	r20, X
    3b46:	51 97       	sbiw	r26, 0x11	; 17
    3b48:	e9 01       	movw	r28, r18
    3b4a:	c8 0f       	add	r28, r24
    3b4c:	d9 1f       	adc	r29, r25
    3b4e:	50 e0       	ldi	r21, 0x00	; 0
    3b50:	4c 17       	cp	r20, r28
    3b52:	5d 07       	cpc	r21, r29
    3b54:	18 f4       	brcc	.+6      	; 0x3b5c <u8g2_update_dimension_common+0x64>
    3b56:	ca 01       	movw	r24, r20
    3b58:	82 1b       	sub	r24, r18
    3b5a:	93 0b       	sbc	r25, r19
    3b5c:	ef 01       	movw	r28, r30
    3b5e:	ce 5b       	subi	r28, 0xBE	; 190
    3b60:	df 4f       	sbci	r29, 0xFF	; 255
    3b62:	79 83       	std	Y+1, r23	; 0x01
    3b64:	68 83       	st	Y, r22
    3b66:	22 96       	adiw	r28, 0x02	; 2
    3b68:	23 e0       	ldi	r18, 0x03	; 3
    3b6a:	88 0f       	add	r24, r24
    3b6c:	99 1f       	adc	r25, r25
    3b6e:	2a 95       	dec	r18
    3b70:	e1 f7       	brne	.-8      	; 0x3b6a <u8g2_update_dimension_common+0x72>
    3b72:	86 0f       	add	r24, r22
    3b74:	97 1f       	adc	r25, r23
    3b76:	99 83       	std	Y+1, r25	; 0x01
    3b78:	88 83       	st	Y, r24
    3b7a:	22 96       	adiw	r28, 0x02	; 2
    3b7c:	54 96       	adiw	r26, 0x14	; 20
    3b7e:	8d 91       	ld	r24, X+
    3b80:	9c 91       	ld	r25, X
    3b82:	55 97       	sbiw	r26, 0x15	; 21
    3b84:	99 83       	std	Y+1, r25	; 0x01
    3b86:	88 83       	st	Y, r24
    3b88:	e8 5b       	subi	r30, 0xB8	; 184
    3b8a:	ff 4f       	sbci	r31, 0xFF	; 255
    3b8c:	56 96       	adiw	r26, 0x16	; 22
    3b8e:	8d 91       	ld	r24, X+
    3b90:	9c 91       	ld	r25, X
    3b92:	91 83       	std	Z+1, r25	; 0x01
    3b94:	80 83       	st	Z, r24
    3b96:	df 91       	pop	r29
    3b98:	cf 91       	pop	r28
    3b9a:	08 95       	ret

00003b9c <u8g2_update_dimension_r0>:
u8g2_update_dimension_r0():
    3b9c:	0c 94 7c 1d 	jmp	0x3af8	; 0x3af8 <u8g2_update_dimension_common>

00003ba0 <u8g2_draw_l90_r0>:
u8g2_draw_l90_r0():
    3ba0:	0f 93       	push	r16
    3ba2:	0e 94 0f 1c 	call	0x381e	; 0x381e <u8g2_draw_hv_line_2dir>
    3ba6:	0f 91       	pop	r16
    3ba8:	08 95       	ret

00003baa <u8g2_apply_clip_window>:
u8g2_apply_clip_window():
    3baa:	8f 92       	push	r8
    3bac:	9f 92       	push	r9
    3bae:	af 92       	push	r10
    3bb0:	bf 92       	push	r11
    3bb2:	cf 92       	push	r12
    3bb4:	df 92       	push	r13
    3bb6:	ef 92       	push	r14
    3bb8:	ff 92       	push	r15
    3bba:	0f 93       	push	r16
    3bbc:	1f 93       	push	r17
    3bbe:	cf 93       	push	r28
    3bc0:	df 93       	push	r29
    3bc2:	ec 01       	movw	r28, r24
    3bc4:	7c 01       	movw	r14, r24
    3bc6:	88 e5       	ldi	r24, 0x58	; 88
    3bc8:	e8 0e       	add	r14, r24
    3bca:	f1 1c       	adc	r15, r1
    3bcc:	f7 01       	movw	r30, r14
    3bce:	00 81       	ld	r16, Z
    3bd0:	11 81       	ldd	r17, Z+1	; 0x01
    3bd2:	5e 01       	movw	r10, r28
    3bd4:	f4 e5       	ldi	r31, 0x54	; 84
    3bd6:	af 0e       	add	r10, r31
    3bd8:	b1 1c       	adc	r11, r1
    3bda:	f5 01       	movw	r30, r10
    3bdc:	20 81       	ld	r18, Z
    3bde:	31 81       	ldd	r19, Z+1	; 0x01
    3be0:	6e 01       	movw	r12, r28
    3be2:	f6 e5       	ldi	r31, 0x56	; 86
    3be4:	cf 0e       	add	r12, r31
    3be6:	d1 1c       	adc	r13, r1
    3be8:	f6 01       	movw	r30, r12
    3bea:	40 81       	ld	r20, Z
    3bec:	51 81       	ldd	r21, Z+1	; 0x01
    3bee:	4e 01       	movw	r8, r28
    3bf0:	f2 e5       	ldi	r31, 0x52	; 82
    3bf2:	8f 0e       	add	r8, r31
    3bf4:	91 1c       	adc	r9, r1
    3bf6:	f4 01       	movw	r30, r8
    3bf8:	60 81       	ld	r22, Z
    3bfa:	71 81       	ldd	r23, Z+1	; 0x01
    3bfc:	ce 01       	movw	r24, r28
    3bfe:	0e 94 ec 1c 	call	0x39d8	; 0x39d8 <u8g2_IsIntersection>
    3c02:	fe 01       	movw	r30, r28
    3c04:	ec 57       	subi	r30, 0x7C	; 124
    3c06:	ff 4f       	sbci	r31, 0xFF	; 255
    3c08:	81 11       	cpse	r24, r1
    3c0a:	0e c0       	rjmp	.+28     	; 0x3c28 <u8g2_apply_clip_window+0x7e>
    3c0c:	10 82       	st	Z, r1
    3c0e:	df 91       	pop	r29
    3c10:	cf 91       	pop	r28
    3c12:	1f 91       	pop	r17
    3c14:	0f 91       	pop	r16
    3c16:	ff 90       	pop	r15
    3c18:	ef 90       	pop	r14
    3c1a:	df 90       	pop	r13
    3c1c:	cf 90       	pop	r12
    3c1e:	bf 90       	pop	r11
    3c20:	af 90       	pop	r10
    3c22:	9f 90       	pop	r9
    3c24:	8f 90       	pop	r8
    3c26:	08 95       	ret
    3c28:	81 e0       	ldi	r24, 0x01	; 1
    3c2a:	80 83       	st	Z, r24
    3c2c:	f4 01       	movw	r30, r8
    3c2e:	80 81       	ld	r24, Z
    3c30:	91 81       	ldd	r25, Z+1	; 0x01
    3c32:	fe 01       	movw	r30, r28
    3c34:	e6 5b       	subi	r30, 0xB6	; 182
    3c36:	ff 4f       	sbci	r31, 0xFF	; 255
    3c38:	20 81       	ld	r18, Z
    3c3a:	31 81       	ldd	r19, Z+1	; 0x01
    3c3c:	28 17       	cp	r18, r24
    3c3e:	39 07       	cpc	r19, r25
    3c40:	10 f4       	brcc	.+4      	; 0x3c46 <u8g2_apply_clip_window+0x9c>
    3c42:	91 83       	std	Z+1, r25	; 0x01
    3c44:	80 83       	st	Z, r24
    3c46:	f5 01       	movw	r30, r10
    3c48:	80 81       	ld	r24, Z
    3c4a:	91 81       	ldd	r25, Z+1	; 0x01
    3c4c:	fe 01       	movw	r30, r28
    3c4e:	e4 5b       	subi	r30, 0xB4	; 180
    3c50:	ff 4f       	sbci	r31, 0xFF	; 255
    3c52:	20 81       	ld	r18, Z
    3c54:	31 81       	ldd	r19, Z+1	; 0x01
    3c56:	82 17       	cp	r24, r18
    3c58:	93 07       	cpc	r25, r19
    3c5a:	10 f4       	brcc	.+4      	; 0x3c60 <u8g2_apply_clip_window+0xb6>
    3c5c:	91 83       	std	Z+1, r25	; 0x01
    3c5e:	80 83       	st	Z, r24
    3c60:	f6 01       	movw	r30, r12
    3c62:	80 81       	ld	r24, Z
    3c64:	91 81       	ldd	r25, Z+1	; 0x01
    3c66:	fe 01       	movw	r30, r28
    3c68:	e2 5b       	subi	r30, 0xB2	; 178
    3c6a:	ff 4f       	sbci	r31, 0xFF	; 255
    3c6c:	20 81       	ld	r18, Z
    3c6e:	31 81       	ldd	r19, Z+1	; 0x01
    3c70:	28 17       	cp	r18, r24
    3c72:	39 07       	cpc	r19, r25
    3c74:	10 f4       	brcc	.+4      	; 0x3c7a <u8g2_apply_clip_window+0xd0>
    3c76:	91 83       	std	Z+1, r25	; 0x01
    3c78:	80 83       	st	Z, r24
    3c7a:	f7 01       	movw	r30, r14
    3c7c:	80 81       	ld	r24, Z
    3c7e:	91 81       	ldd	r25, Z+1	; 0x01
    3c80:	c0 5b       	subi	r28, 0xB0	; 176
    3c82:	df 4f       	sbci	r29, 0xFF	; 255
    3c84:	28 81       	ld	r18, Y
    3c86:	39 81       	ldd	r19, Y+1	; 0x01
    3c88:	82 17       	cp	r24, r18
    3c8a:	93 07       	cpc	r25, r19
    3c8c:	08 f0       	brcs	.+2      	; 0x3c90 <u8g2_apply_clip_window+0xe6>
    3c8e:	bf cf       	rjmp	.-130    	; 0x3c0e <u8g2_apply_clip_window+0x64>
    3c90:	99 83       	std	Y+1, r25	; 0x01
    3c92:	88 83       	st	Y, r24
    3c94:	bc cf       	rjmp	.-136    	; 0x3c0e <u8g2_apply_clip_window+0x64>

00003c96 <u8g2_update_page_win_r0>:
u8g2_update_page_win_r0():
    3c96:	fc 01       	movw	r30, r24
    3c98:	e6 5b       	subi	r30, 0xB6	; 182
    3c9a:	ff 4f       	sbci	r31, 0xFF	; 255
    3c9c:	11 82       	std	Z+1, r1	; 0x01
    3c9e:	10 82       	st	Z, r1
    3ca0:	32 96       	adiw	r30, 0x02	; 2
    3ca2:	dc 01       	movw	r26, r24
    3ca4:	aa 5b       	subi	r26, 0xBA	; 186
    3ca6:	bf 4f       	sbci	r27, 0xFF	; 255
    3ca8:	2d 91       	ld	r18, X+
    3caa:	3c 91       	ld	r19, X
    3cac:	11 97       	sbiw	r26, 0x01	; 1
    3cae:	31 83       	std	Z+1, r19	; 0x01
    3cb0:	20 83       	st	Z, r18
    3cb2:	32 96       	adiw	r30, 0x02	; 2
    3cb4:	14 97       	sbiw	r26, 0x04	; 4
    3cb6:	2d 91       	ld	r18, X+
    3cb8:	3c 91       	ld	r19, X
    3cba:	11 97       	sbiw	r26, 0x01	; 1
    3cbc:	31 83       	std	Z+1, r19	; 0x01
    3cbe:	20 83       	st	Z, r18
    3cc0:	32 96       	adiw	r30, 0x02	; 2
    3cc2:	12 96       	adiw	r26, 0x02	; 2
    3cc4:	2d 91       	ld	r18, X+
    3cc6:	3c 91       	ld	r19, X
    3cc8:	31 83       	std	Z+1, r19	; 0x01
    3cca:	20 83       	st	Z, r18
    3ccc:	0c 94 d5 1d 	jmp	0x3baa	; 0x3baa <u8g2_apply_clip_window>

00003cd0 <u8g2_SetMaxClipWindow>:
u8g2_SetMaxClipWindow():
    3cd0:	fc 01       	movw	r30, r24
    3cd2:	ee 5a       	subi	r30, 0xAE	; 174
    3cd4:	ff 4f       	sbci	r31, 0xFF	; 255
    3cd6:	11 82       	std	Z+1, r1	; 0x01
    3cd8:	10 82       	st	Z, r1
    3cda:	34 96       	adiw	r30, 0x04	; 4
    3cdc:	11 82       	std	Z+1, r1	; 0x01
    3cde:	10 82       	st	Z, r1
    3ce0:	32 97       	sbiw	r30, 0x02	; 2
    3ce2:	2f ef       	ldi	r18, 0xFF	; 255
    3ce4:	3f ef       	ldi	r19, 0xFF	; 255
    3ce6:	31 83       	std	Z+1, r19	; 0x01
    3ce8:	20 83       	st	Z, r18
    3cea:	34 96       	adiw	r30, 0x04	; 4
    3cec:	31 83       	std	Z+1, r19	; 0x01
    3cee:	20 83       	st	Z, r18
    3cf0:	dc 01       	movw	r26, r24
    3cf2:	d6 96       	adiw	r26, 0x36	; 54
    3cf4:	ed 91       	ld	r30, X+
    3cf6:	fc 91       	ld	r31, X
    3cf8:	02 80       	ldd	r0, Z+2	; 0x02
    3cfa:	f3 81       	ldd	r31, Z+3	; 0x03
    3cfc:	e0 2d       	mov	r30, r0
    3cfe:	09 94       	ijmp

00003d00 <u8g2_SetupBuffer>:
u8g2_SetupBuffer():
/Users/jacobmajors/Documents/Arduino/libraries/U8g2/src/clib/u8g2_setup.c:72
/*
  This procedure is called after setting up the display (u8x8 structure).
  --> This is the central init procedure for u8g2 object
*/
void u8g2_SetupBuffer(u8g2_t *u8g2, uint8_t *buf, uint8_t tile_buf_height, u8g2_draw_ll_hvline_cb ll_hvline_cb, const u8g2_cb_t *u8g2_cb)
{
    3d00:	0f 93       	push	r16
    3d02:	1f 93       	push	r17
    3d04:	cf 93       	push	r28
    3d06:	df 93       	push	r29
    3d08:	ec 01       	movw	r28, r24
/Users/jacobmajors/Documents/Arduino/libraries/U8g2/src/clib/u8g2_setup.c:73
  u8g2->font = NULL;
    3d0a:	fc 01       	movw	r30, r24
    3d0c:	e6 5a       	subi	r30, 0xA6	; 166
    3d0e:	ff 4f       	sbci	r31, 0xFF	; 255
    3d10:	11 82       	std	Z+1, r1	; 0x01
    3d12:	10 82       	st	Z, r1
/Users/jacobmajors/Documents/Arduino/libraries/U8g2/src/clib/u8g2_setup.c:78
  //u8g2->kerning = NULL;
  //u8g2->get_kerning_cb = u8g2_GetNullKerning;
  
  //u8g2->ll_hvline = u8g2_ll_hvline_vertical_top_lsb;
  u8g2->ll_hvline = ll_hvline_cb;
    3d14:	3d ab       	std	Y+53, r19	; 0x35
    3d16:	2c ab       	std	Y+52, r18	; 0x34
/Users/jacobmajors/Documents/Arduino/libraries/U8g2/src/clib/u8g2_setup.c:80
  
  u8g2->tile_buf_ptr = buf;
    3d18:	79 af       	std	Y+57, r23	; 0x39
    3d1a:	68 af       	std	Y+56, r22	; 0x38
/Users/jacobmajors/Documents/Arduino/libraries/U8g2/src/clib/u8g2_setup.c:81
  u8g2->tile_buf_height = tile_buf_height;
    3d1c:	4a af       	std	Y+58, r20	; 0x3a
/Users/jacobmajors/Documents/Arduino/libraries/U8g2/src/clib/u8g2_setup.c:83
  
  u8g2->tile_curr_row = 0;
    3d1e:	1b ae       	std	Y+59, r1	; 0x3b
/Users/jacobmajors/Documents/Arduino/libraries/U8g2/src/clib/u8g2_setup.c:85
  
  u8g2->font_decode.is_transparent = 0; /* issue 443 */
    3d20:	3f 96       	adiw	r30, 0x0f	; 15
    3d22:	10 82       	st	Z, r1
/Users/jacobmajors/Documents/Arduino/libraries/U8g2/src/clib/u8g2_setup.c:86
  u8g2->bitmap_transparency = 0;
    3d24:	b0 96       	adiw	r30, 0x20	; 32
    3d26:	10 82       	st	Z, r1
/Users/jacobmajors/Documents/Arduino/libraries/U8g2/src/clib/u8g2_setup.c:88
  
  u8g2->font_height_mode = 0; /* issue 2046 */
    3d28:	34 97       	sbiw	r30, 0x04	; 4
    3d2a:	10 82       	st	Z, r1
/Users/jacobmajors/Documents/Arduino/libraries/U8g2/src/clib/u8g2_setup.c:89
  u8g2->draw_color = 1;
    3d2c:	35 96       	adiw	r30, 0x05	; 5
    3d2e:	81 e0       	ldi	r24, 0x01	; 1
    3d30:	80 83       	st	Z, r24
/Users/jacobmajors/Documents/Arduino/libraries/U8g2/src/clib/u8g2_setup.c:90
  u8g2->is_auto_page_clear = 1;
    3d32:	31 96       	adiw	r30, 0x01	; 1
    3d34:	80 83       	st	Z, r24
/Users/jacobmajors/Documents/Arduino/libraries/U8g2/src/clib/u8g2_setup.c:92
  
  u8g2->cb = u8g2_cb;
    3d36:	1f ab       	std	Y+55, r17	; 0x37
    3d38:	0e ab       	std	Y+54, r16	; 0x36
/Users/jacobmajors/Documents/Arduino/libraries/U8g2/src/clib/u8g2_setup.c:93
  u8g2->cb->update_dimension(u8g2);
    3d3a:	d8 01       	movw	r26, r16
    3d3c:	ed 91       	ld	r30, X+
    3d3e:	fc 91       	ld	r31, X
    3d40:	ce 01       	movw	r24, r28
    3d42:	09 95       	icall
/Users/jacobmajors/Documents/Arduino/libraries/U8g2/src/clib/u8g2_setup.c:95
#ifdef U8G2_WITH_CLIP_WINDOW_SUPPORT
  u8g2_SetMaxClipWindow(u8g2);		/* assign a clip window and call the update() procedure */
    3d44:	ce 01       	movw	r24, r28
    3d46:	0e 94 68 1e 	call	0x3cd0	; 0x3cd0 <u8g2_SetMaxClipWindow>
/Users/jacobmajors/Documents/Arduino/libraries/U8g2/src/clib/u8g2_setup.c:100
#else
  u8g2->cb->update_page_win(u8g2);
#endif

  u8g2_SetFontPosBaseline(u8g2);  /* issue 195 */
    3d4a:	ce 01       	movw	r24, r28
    3d4c:	0e 94 e7 1b 	call	0x37ce	; 0x37ce <u8g2_SetFontPosBaseline>
/Users/jacobmajors/Documents/Arduino/libraries/U8g2/src/clib/u8g2_setup.c:103
  
#ifdef U8G2_WITH_FONT_ROTATION  
  u8g2->font_decode.dir = 0;
    3d50:	c4 59       	subi	r28, 0x94	; 148
    3d52:	df 4f       	sbci	r29, 0xFF	; 255
    3d54:	18 82       	st	Y, r1
/Users/jacobmajors/Documents/Arduino/libraries/U8g2/src/clib/u8g2_setup.c:105
#endif
}
    3d56:	df 91       	pop	r29
    3d58:	cf 91       	pop	r28
    3d5a:	1f 91       	pop	r17
    3d5c:	0f 91       	pop	r16
    3d5e:	08 95       	ret

00003d60 <u8x8_ascii_next>:
u8x8_ascii_next():
/Users/jacobmajors/Documents/Arduino/libraries/U8g2/src/clib/u8x8_8x8.c:459
      x+=th;
      cnt++;
    }
  }
  return cnt;
}
    3d60:	66 23       	and	r22, r22
    3d62:	29 f0       	breq	.+10     	; 0x3d6e <u8x8_ascii_next+0xe>
    3d64:	6a 30       	cpi	r22, 0x0A	; 10
    3d66:	19 f0       	breq	.+6      	; 0x3d6e <u8x8_ascii_next+0xe>
    3d68:	86 2f       	mov	r24, r22
    3d6a:	90 e0       	ldi	r25, 0x00	; 0
    3d6c:	08 95       	ret
    3d6e:	8f ef       	ldi	r24, 0xFF	; 255
    3d70:	9f ef       	ldi	r25, 0xFF	; 255
    3d72:	08 95       	ret

00003d74 <u8x8_utf8_init>:
u8x8_utf8_init():
/Users/jacobmajors/Documents/Arduino/libraries/U8g2/src/clib/u8x8_8x8.c:287
*/

/* reset the internal state machine */
void u8x8_utf8_init(u8x8_t *u8x8)
{
  u8x8->utf8_state = 0;	/* also reset during u8x8_SetupDefaults() */
    3d74:	fc 01       	movw	r30, r24
    3d76:	10 8e       	std	Z+24, r1	; 0x18
/Users/jacobmajors/Documents/Arduino/libraries/U8g2/src/clib/u8x8_8x8.c:288
}
    3d78:	08 95       	ret

00003d7a <u8x8_byte_SendBytes>:
u8x8_byte_SendBytes():
/Users/jacobmajors/Documents/Arduino/libraries/U8g2/src/clib/u8x8_byte.c:45
{
  return u8x8->byte_cb(u8x8, U8X8_MSG_BYTE_SET_DC, dc, NULL);
}

uint8_t u8x8_byte_SendBytes(u8x8_t *u8x8, uint8_t cnt, uint8_t *data)
{
    3d7a:	9a 01       	movw	r18, r20
/Users/jacobmajors/Documents/Arduino/libraries/U8g2/src/clib/u8x8_byte.c:46
  return u8x8->byte_cb(u8x8, U8X8_MSG_BYTE_SEND, cnt, (void *)data);
    3d7c:	dc 01       	movw	r26, r24
    3d7e:	18 96       	adiw	r26, 0x08	; 8
    3d80:	ed 91       	ld	r30, X+
    3d82:	fc 91       	ld	r31, X
    3d84:	46 2f       	mov	r20, r22
    3d86:	67 e1       	ldi	r22, 0x17	; 23
    3d88:	09 94       	ijmp

00003d8a <u8x8_byte_SendByte>:
u8x8_byte_SendByte():
/Users/jacobmajors/Documents/Arduino/libraries/U8g2/src/clib/u8x8_byte.c:50
}

uint8_t u8x8_byte_SendByte(u8x8_t *u8x8, uint8_t byte)
{
    3d8a:	cf 93       	push	r28
    3d8c:	df 93       	push	r29
    3d8e:	1f 92       	push	r1
    3d90:	cd b7       	in	r28, 0x3d	; 61
    3d92:	de b7       	in	r29, 0x3e	; 62
    3d94:	69 83       	std	Y+1, r22	; 0x01
/Users/jacobmajors/Documents/Arduino/libraries/U8g2/src/clib/u8x8_byte.c:51
  return u8x8_byte_SendBytes(u8x8, 1, &byte);
    3d96:	ae 01       	movw	r20, r28
    3d98:	4f 5f       	subi	r20, 0xFF	; 255
    3d9a:	5f 4f       	sbci	r21, 0xFF	; 255
    3d9c:	61 e0       	ldi	r22, 0x01	; 1
    3d9e:	0e 94 bd 1e 	call	0x3d7a	; 0x3d7a <u8x8_byte_SendBytes>
/Users/jacobmajors/Documents/Arduino/libraries/U8g2/src/clib/u8x8_byte.c:52
}
    3da2:	0f 90       	pop	r0
    3da4:	df 91       	pop	r29
    3da6:	cf 91       	pop	r28
    3da8:	08 95       	ret

00003daa <u8x8_cad_SendCmd>:
u8x8_cad_SendCmd():
/Users/jacobmajors/Documents/Arduino/libraries/U8g2/src/clib/u8x8_cad.c:380
    case U8X8_MSG_CAD_SEND_ARG:
      u8x8_byte_SetDC(u8x8, 1);
      u8x8_byte_SendByte(u8x8, arg_int);
      break;
    case U8X8_MSG_CAD_SEND_DATA:
      u8x8_byte_SetDC(u8x8, 1);
    3daa:	46 2f       	mov	r20, r22
    3dac:	dc 01       	movw	r26, r24
    3dae:	16 96       	adiw	r26, 0x06	; 6
    3db0:	ed 91       	ld	r30, X+
    3db2:	fc 91       	ld	r31, X
    3db4:	30 e0       	ldi	r19, 0x00	; 0
    3db6:	20 e0       	ldi	r18, 0x00	; 0
    3db8:	65 e1       	ldi	r22, 0x15	; 21
    3dba:	09 94       	ijmp

00003dbc <u8x8_cad_SendData>:
u8x8_cad_SendData():
    3dbc:	9a 01       	movw	r18, r20
    3dbe:	dc 01       	movw	r26, r24
    3dc0:	16 96       	adiw	r26, 0x06	; 6
    3dc2:	ed 91       	ld	r30, X+
    3dc4:	fc 91       	ld	r31, X
    3dc6:	46 2f       	mov	r20, r22
    3dc8:	67 e1       	ldi	r22, 0x17	; 23
    3dca:	09 94       	ijmp

00003dcc <u8x8_cad_StartTransfer>:
u8x8_cad_StartTransfer():
    3dcc:	dc 01       	movw	r26, r24
    3dce:	16 96       	adiw	r26, 0x06	; 6
    3dd0:	ed 91       	ld	r30, X+
    3dd2:	fc 91       	ld	r31, X
    3dd4:	30 e0       	ldi	r19, 0x00	; 0
    3dd6:	20 e0       	ldi	r18, 0x00	; 0
    3dd8:	40 e0       	ldi	r20, 0x00	; 0
    3dda:	68 e1       	ldi	r22, 0x18	; 24
    3ddc:	09 94       	ijmp

00003dde <u8x8_cad_EndTransfer>:
u8x8_cad_EndTransfer():
    3dde:	dc 01       	movw	r26, r24
    3de0:	16 96       	adiw	r26, 0x06	; 6
    3de2:	ed 91       	ld	r30, X+
    3de4:	fc 91       	ld	r31, X
    3de6:	30 e0       	ldi	r19, 0x00	; 0
    3de8:	20 e0       	ldi	r18, 0x00	; 0
    3dea:	40 e0       	ldi	r20, 0x00	; 0
    3dec:	69 e1       	ldi	r22, 0x19	; 25
    3dee:	09 94       	ijmp

00003df0 <u8x8_cad_SendSequence>:
u8x8_cad_SendSequence():
    3df0:	ef 92       	push	r14
    3df2:	ff 92       	push	r15
    3df4:	0f 93       	push	r16
    3df6:	1f 93       	push	r17
    3df8:	cf 93       	push	r28
    3dfa:	df 93       	push	r29
    3dfc:	1f 92       	push	r1
    3dfe:	cd b7       	in	r28, 0x3d	; 61
    3e00:	de b7       	in	r29, 0x3e	; 62
    3e02:	7c 01       	movw	r14, r24
    3e04:	8b 01       	movw	r16, r22
    3e06:	d8 01       	movw	r26, r16
    3e08:	6c 91       	ld	r22, X
    3e0a:	67 31       	cpi	r22, 0x17	; 23
    3e0c:	29 f1       	breq	.+74     	; 0x3e58 <u8x8_cad_SendSequence+0x68>
    3e0e:	50 f4       	brcc	.+20     	; 0x3e24 <u8x8_cad_SendSequence+0x34>
    3e10:	65 31       	cpi	r22, 0x15	; 21
    3e12:	a0 f4       	brcc	.+40     	; 0x3e3c <u8x8_cad_SendSequence+0x4c>
    3e14:	0f 90       	pop	r0
    3e16:	df 91       	pop	r29
    3e18:	cf 91       	pop	r28
    3e1a:	1f 91       	pop	r17
    3e1c:	0f 91       	pop	r16
    3e1e:	ff 90       	pop	r15
    3e20:	ef 90       	pop	r14
    3e22:	08 95       	ret
    3e24:	6a 31       	cpi	r22, 0x1A	; 26
    3e26:	18 f1       	brcs	.+70     	; 0x3e6e <u8x8_cad_SendSequence+0x7e>
    3e28:	6e 3f       	cpi	r22, 0xFE	; 254
    3e2a:	a1 f7       	brne	.-24     	; 0x3e14 <u8x8_cad_SendSequence+0x24>
    3e2c:	f8 01       	movw	r30, r16
    3e2e:	41 81       	ldd	r20, Z+1	; 0x01
    3e30:	49 83       	std	Y+1, r20	; 0x01
    3e32:	69 e2       	ldi	r22, 0x29	; 41
    3e34:	c7 01       	movw	r24, r14
    3e36:	0e 94 e0 20 	call	0x41c0	; 0x41c0 <u8x8_gpio_call>
    3e3a:	0b c0       	rjmp	.+22     	; 0x3e52 <u8x8_cad_SendSequence+0x62>
    3e3c:	f8 01       	movw	r30, r16
    3e3e:	41 81       	ldd	r20, Z+1	; 0x01
    3e40:	49 83       	std	Y+1, r20	; 0x01
    3e42:	d7 01       	movw	r26, r14
    3e44:	16 96       	adiw	r26, 0x06	; 6
    3e46:	ed 91       	ld	r30, X+
    3e48:	fc 91       	ld	r31, X
    3e4a:	30 e0       	ldi	r19, 0x00	; 0
    3e4c:	20 e0       	ldi	r18, 0x00	; 0
    3e4e:	c7 01       	movw	r24, r14
    3e50:	09 95       	icall
    3e52:	0e 5f       	subi	r16, 0xFE	; 254
    3e54:	1f 4f       	sbci	r17, 0xFF	; 255
    3e56:	d7 cf       	rjmp	.-82     	; 0x3e06 <u8x8_cad_SendSequence+0x16>
    3e58:	f8 01       	movw	r30, r16
    3e5a:	81 81       	ldd	r24, Z+1	; 0x01
    3e5c:	89 83       	std	Y+1, r24	; 0x01
    3e5e:	ae 01       	movw	r20, r28
    3e60:	4f 5f       	subi	r20, 0xFF	; 255
    3e62:	5f 4f       	sbci	r21, 0xFF	; 255
    3e64:	61 e0       	ldi	r22, 0x01	; 1
    3e66:	c7 01       	movw	r24, r14
    3e68:	0e 94 de 1e 	call	0x3dbc	; 0x3dbc <u8x8_cad_SendData>
    3e6c:	f2 cf       	rjmp	.-28     	; 0x3e52 <u8x8_cad_SendSequence+0x62>
    3e6e:	0f 5f       	subi	r16, 0xFF	; 255
    3e70:	1f 4f       	sbci	r17, 0xFF	; 255
    3e72:	d7 01       	movw	r26, r14
    3e74:	16 96       	adiw	r26, 0x06	; 6
    3e76:	ed 91       	ld	r30, X+
    3e78:	fc 91       	ld	r31, X
    3e7a:	30 e0       	ldi	r19, 0x00	; 0
    3e7c:	20 e0       	ldi	r18, 0x00	; 0
    3e7e:	40 e0       	ldi	r20, 0x00	; 0
    3e80:	c7 01       	movw	r24, r14
    3e82:	09 95       	icall
    3e84:	c0 cf       	rjmp	.-128    	; 0x3e06 <u8x8_cad_SendSequence+0x16>

00003e86 <u8x8_cad_st7920_spi>:
u8x8_cad_st7920_spi():
/Users/jacobmajors/Documents/Arduino/libraries/U8g2/src/clib/u8x8_cad.c:397
}

/* cad procedure for the ST7920 in SPI mode */
/* u8x8_byte_SetDC is not used */
uint8_t u8x8_cad_st7920_spi(u8x8_t *u8x8, uint8_t msg, uint8_t arg_int, void *arg_ptr)
{
    3e86:	cf 92       	push	r12
    3e88:	df 92       	push	r13
    3e8a:	ef 92       	push	r14
    3e8c:	ff 92       	push	r15
    3e8e:	0f 93       	push	r16
    3e90:	1f 93       	push	r17
    3e92:	cf 93       	push	r28
    3e94:	df 93       	push	r29
    3e96:	ec 01       	movw	r28, r24
    3e98:	14 2f       	mov	r17, r20
    3e9a:	79 01       	movw	r14, r18
/Users/jacobmajors/Documents/Arduino/libraries/U8g2/src/clib/u8x8_cad.c:404
  uint8_t b;
  uint8_t i;
  static uint8_t buf[16];
  uint8_t *ptr;
  
  switch(msg)
    3e9c:	66 31       	cpi	r22, 0x16	; 22
    3e9e:	c1 f1       	breq	.+112    	; 0x3f10 <u8x8_cad_st7920_spi+0x8a>
    3ea0:	30 f4       	brcc	.+12     	; 0x3eae <u8x8_cad_st7920_spi+0x28>
    3ea2:	64 31       	cpi	r22, 0x14	; 20
    3ea4:	49 f0       	breq	.+18     	; 0x3eb8 <u8x8_cad_st7920_spi+0x32>
    3ea6:	65 31       	cpi	r22, 0x15	; 21
    3ea8:	a9 f0       	breq	.+42     	; 0x3ed4 <u8x8_cad_st7920_spi+0x4e>
/Users/jacobmajors/Documents/Arduino/libraries/U8g2/src/clib/u8x8_cad.c:461
    case U8X8_MSG_CAD_INIT:
    case U8X8_MSG_CAD_START_TRANSFER:
    case U8X8_MSG_CAD_END_TRANSFER:
      return u8x8->byte_cb(u8x8, msg, arg_int, arg_ptr);
    default:
      return 0;
    3eaa:	80 e0       	ldi	r24, 0x00	; 0
    3eac:	40 c0       	rjmp	.+128    	; 0x3f2e <u8x8_cad_st7920_spi+0xa8>
/Users/jacobmajors/Documents/Arduino/libraries/U8g2/src/clib/u8x8_cad.c:404
  uint8_t b;
  uint8_t i;
  static uint8_t buf[16];
  uint8_t *ptr;
  
  switch(msg)
    3eae:	67 31       	cpi	r22, 0x17	; 23
    3eb0:	09 f4       	brne	.+2      	; 0x3eb4 <u8x8_cad_st7920_spi+0x2e>
    3eb2:	46 c0       	rjmp	.+140    	; 0x3f40 <u8x8_cad_st7920_spi+0xba>
    3eb4:	6a 31       	cpi	r22, 0x1A	; 26
    3eb6:	c8 f7       	brcc	.-14     	; 0x3eaa <u8x8_cad_st7920_spi+0x24>
/Users/jacobmajors/Documents/Arduino/libraries/U8g2/src/clib/u8x8_cad.c:459
      u8x8_gpio_Delay(u8x8, U8X8_MSG_DELAY_NANO, 1);
      break;
    case U8X8_MSG_CAD_INIT:
    case U8X8_MSG_CAD_START_TRANSFER:
    case U8X8_MSG_CAD_END_TRANSFER:
      return u8x8->byte_cb(u8x8, msg, arg_int, arg_ptr);
    3eb8:	e8 85       	ldd	r30, Y+8	; 0x08
    3eba:	f9 85       	ldd	r31, Y+9	; 0x09
    3ebc:	97 01       	movw	r18, r14
    3ebe:	41 2f       	mov	r20, r17
    3ec0:	ce 01       	movw	r24, r28
/Users/jacobmajors/Documents/Arduino/libraries/U8g2/src/clib/u8x8_cad.c:464
    default:
      return 0;
  }
  return 1;
}
    3ec2:	df 91       	pop	r29
    3ec4:	cf 91       	pop	r28
    3ec6:	1f 91       	pop	r17
    3ec8:	0f 91       	pop	r16
    3eca:	ff 90       	pop	r15
    3ecc:	ef 90       	pop	r14
    3ece:	df 90       	pop	r13
    3ed0:	cf 90       	pop	r12
/Users/jacobmajors/Documents/Arduino/libraries/U8g2/src/clib/u8x8_cad.c:459
      u8x8_gpio_Delay(u8x8, U8X8_MSG_DELAY_NANO, 1);
      break;
    case U8X8_MSG_CAD_INIT:
    case U8X8_MSG_CAD_START_TRANSFER:
    case U8X8_MSG_CAD_END_TRANSFER:
      return u8x8->byte_cb(u8x8, msg, arg_int, arg_ptr);
    3ed2:	09 94       	ijmp
/Users/jacobmajors/Documents/Arduino/libraries/U8g2/src/clib/u8x8_cad.c:407
  uint8_t *ptr;
  
  switch(msg)
  {
    case U8X8_MSG_CAD_SEND_CMD:
      u8x8_byte_SendByte(u8x8, 0x0f8);
    3ed4:	68 ef       	ldi	r22, 0xF8	; 248
    3ed6:	0e 94 c5 1e 	call	0x3d8a	; 0x3d8a <u8x8_byte_SendByte>
/Users/jacobmajors/Documents/Arduino/libraries/U8g2/src/clib/u8x8_cad.c:408
      u8x8_gpio_Delay(u8x8, U8X8_MSG_DELAY_NANO, 1);
    3eda:	41 e0       	ldi	r20, 0x01	; 1
    3edc:	6c e2       	ldi	r22, 0x2C	; 44
    3ede:	ce 01       	movw	r24, r28
    3ee0:	0e 94 e0 20 	call	0x41c0	; 0x41c0 <u8x8_gpio_call>
/Users/jacobmajors/Documents/Arduino/libraries/U8g2/src/clib/u8x8_cad.c:409
      u8x8_byte_SendByte(u8x8, arg_int & 0x0f0);
    3ee4:	61 2f       	mov	r22, r17
    3ee6:	60 7f       	andi	r22, 0xF0	; 240
    3ee8:	ce 01       	movw	r24, r28
    3eea:	0e 94 c5 1e 	call	0x3d8a	; 0x3d8a <u8x8_byte_SendByte>
/Users/jacobmajors/Documents/Arduino/libraries/U8g2/src/clib/u8x8_cad.c:410
      u8x8_gpio_Delay(u8x8, U8X8_MSG_DELAY_NANO, 1);
    3eee:	41 e0       	ldi	r20, 0x01	; 1
    3ef0:	6c e2       	ldi	r22, 0x2C	; 44
    3ef2:	ce 01       	movw	r24, r28
    3ef4:	0e 94 e0 20 	call	0x41c0	; 0x41c0 <u8x8_gpio_call>
/Users/jacobmajors/Documents/Arduino/libraries/U8g2/src/clib/u8x8_cad.c:411
      u8x8_byte_SendByte(u8x8, arg_int << 4);
    3ef8:	61 2f       	mov	r22, r17
    3efa:	62 95       	swap	r22
    3efc:	60 7f       	andi	r22, 0xF0	; 240
    3efe:	ce 01       	movw	r24, r28
    3f00:	0e 94 c5 1e 	call	0x3d8a	; 0x3d8a <u8x8_byte_SendByte>
/Users/jacobmajors/Documents/Arduino/libraries/U8g2/src/clib/u8x8_cad.c:454
	u8x8_byte_SendByte(u8x8, b & 0x0f0);
	u8x8_byte_SendByte(u8x8, b << 4);
	data++;
	arg_int--;
      }
      u8x8_gpio_Delay(u8x8, U8X8_MSG_DELAY_NANO, 1);
    3f04:	41 e0       	ldi	r20, 0x01	; 1
    3f06:	6c e2       	ldi	r22, 0x2C	; 44
    3f08:	ce 01       	movw	r24, r28
    3f0a:	0e 94 e0 20 	call	0x41c0	; 0x41c0 <u8x8_gpio_call>
    3f0e:	0e c0       	rjmp	.+28     	; 0x3f2c <u8x8_cad_st7920_spi+0xa6>
/Users/jacobmajors/Documents/Arduino/libraries/U8g2/src/clib/u8x8_cad.c:415
      u8x8_gpio_Delay(u8x8, U8X8_MSG_DELAY_NANO, 1);
      u8x8_byte_SendByte(u8x8, arg_int << 4);
      u8x8_gpio_Delay(u8x8, U8X8_MSG_DELAY_NANO, 1);
      break;
    case U8X8_MSG_CAD_SEND_ARG:
      u8x8_byte_SendByte(u8x8, 0x0f8);
    3f10:	68 ef       	ldi	r22, 0xF8	; 248
    3f12:	0e 94 c5 1e 	call	0x3d8a	; 0x3d8a <u8x8_byte_SendByte>
/Users/jacobmajors/Documents/Arduino/libraries/U8g2/src/clib/u8x8_cad.c:416
      u8x8_byte_SendByte(u8x8, arg_int & 0x0f0);
    3f16:	61 2f       	mov	r22, r17
    3f18:	60 7f       	andi	r22, 0xF0	; 240
    3f1a:	ce 01       	movw	r24, r28
    3f1c:	0e 94 c5 1e 	call	0x3d8a	; 0x3d8a <u8x8_byte_SendByte>
/Users/jacobmajors/Documents/Arduino/libraries/U8g2/src/clib/u8x8_cad.c:417
      u8x8_byte_SendByte(u8x8, arg_int << 4);
    3f20:	61 2f       	mov	r22, r17
    3f22:	62 95       	swap	r22
    3f24:	60 7f       	andi	r22, 0xF0	; 240
    3f26:	ce 01       	movw	r24, r28
    3f28:	0e 94 c5 1e 	call	0x3d8a	; 0x3d8a <u8x8_byte_SendByte>
/Users/jacobmajors/Documents/Arduino/libraries/U8g2/src/clib/u8x8_cad.c:463
    case U8X8_MSG_CAD_END_TRANSFER:
      return u8x8->byte_cb(u8x8, msg, arg_int, arg_ptr);
    default:
      return 0;
  }
  return 1;
    3f2c:	81 e0       	ldi	r24, 0x01	; 1
/Users/jacobmajors/Documents/Arduino/libraries/U8g2/src/clib/u8x8_cad.c:464
}
    3f2e:	df 91       	pop	r29
    3f30:	cf 91       	pop	r28
    3f32:	1f 91       	pop	r17
    3f34:	0f 91       	pop	r16
    3f36:	ff 90       	pop	r15
    3f38:	ef 90       	pop	r14
    3f3a:	df 90       	pop	r13
    3f3c:	cf 90       	pop	r12
    3f3e:	08 95       	ret
/Users/jacobmajors/Documents/Arduino/libraries/U8g2/src/clib/u8x8_cad.c:421
      u8x8_byte_SendByte(u8x8, arg_int & 0x0f0);
      u8x8_byte_SendByte(u8x8, arg_int << 4);
      break;
    case U8X8_MSG_CAD_SEND_DATA:
    
      u8x8_byte_SendByte(u8x8, 0x0fa);
    3f40:	6a ef       	ldi	r22, 0xFA	; 250
    3f42:	0e 94 c5 1e 	call	0x3d8a	; 0x3d8a <u8x8_byte_SendByte>
/Users/jacobmajors/Documents/Arduino/libraries/U8g2/src/clib/u8x8_cad.c:422
      u8x8_gpio_Delay(u8x8, U8X8_MSG_DELAY_NANO, 1);
    3f46:	41 e0       	ldi	r20, 0x01	; 1
    3f48:	6c e2       	ldi	r22, 0x2C	; 44
    3f4a:	ce 01       	movw	r24, r28
    3f4c:	0e 94 e0 20 	call	0x41c0	; 0x41c0 <u8x8_gpio_call>
/Users/jacobmajors/Documents/Arduino/libraries/U8g2/src/clib/u8x8_cad.c:426

      /* this loop should be optimized: multiple bytes should be sent */
      /* u8x8_byte_SendBytes(u8x8, arg_int, arg_ptr); */
      data = (uint8_t *)arg_ptr;
    3f50:	de 2c       	mov	r13, r14
    3f52:	cf 2c       	mov	r12, r15
/Users/jacobmajors/Documents/Arduino/libraries/U8g2/src/clib/u8x8_cad.c:429
    
      /* the following loop increases speed by 20% */
      while( arg_int >= 8 )
    3f54:	01 2f       	mov	r16, r17
    3f56:	08 30       	cpi	r16, 0x08	; 8
    3f58:	08 f5       	brcc	.+66     	; 0x3f9c <u8x8_cad_st7920_spi+0x116>
    3f5a:	01 2f       	mov	r16, r17
    3f5c:	06 95       	lsr	r16
    3f5e:	06 95       	lsr	r16
    3f60:	06 95       	lsr	r16
    3f62:	d1 2e       	mov	r13, r17
    3f64:	88 ef       	ldi	r24, 0xF8	; 248
    3f66:	08 9f       	mul	r16, r24
    3f68:	d0 0c       	add	r13, r0
    3f6a:	11 24       	eor	r1, r1
    3f6c:	e8 e0       	ldi	r30, 0x08	; 8
    3f6e:	0e 9f       	mul	r16, r30
    3f70:	80 01       	movw	r16, r0
    3f72:	11 24       	eor	r1, r1
    3f74:	0e 0d       	add	r16, r14
    3f76:	1f 1d       	adc	r17, r15
/Users/jacobmajors/Documents/Arduino/libraries/U8g2/src/clib/u8x8_cad.c:446
	arg_int -= 8;
	u8x8_byte_SendBytes(u8x8, 16, buf); 
      }
      
    
      while( arg_int > 0 )
    3f78:	dd 20       	and	r13, r13
    3f7a:	21 f2       	breq	.-120    	; 0x3f04 <u8x8_cad_st7920_spi+0x7e>
/Users/jacobmajors/Documents/Arduino/libraries/U8g2/src/clib/u8x8_cad.c:448
      {
	b = *data;
    3f7c:	f8 01       	movw	r30, r16
    3f7e:	f1 90       	ld	r15, Z+
    3f80:	8f 01       	movw	r16, r30
/Users/jacobmajors/Documents/Arduino/libraries/U8g2/src/clib/u8x8_cad.c:449
	u8x8_byte_SendByte(u8x8, b & 0x0f0);
    3f82:	6f 2d       	mov	r22, r15
    3f84:	60 7f       	andi	r22, 0xF0	; 240
    3f86:	ce 01       	movw	r24, r28
    3f88:	0e 94 c5 1e 	call	0x3d8a	; 0x3d8a <u8x8_byte_SendByte>
/Users/jacobmajors/Documents/Arduino/libraries/U8g2/src/clib/u8x8_cad.c:450
	u8x8_byte_SendByte(u8x8, b << 4);
    3f8c:	6f 2d       	mov	r22, r15
    3f8e:	62 95       	swap	r22
    3f90:	60 7f       	andi	r22, 0xF0	; 240
    3f92:	ce 01       	movw	r24, r28
    3f94:	0e 94 c5 1e 	call	0x3d8a	; 0x3d8a <u8x8_byte_SendByte>
/Users/jacobmajors/Documents/Arduino/libraries/U8g2/src/clib/u8x8_cad.c:452
	data++;
	arg_int--;
    3f98:	da 94       	dec	r13
    3f9a:	ee cf       	rjmp	.-36     	; 0x3f78 <u8x8_cad_st7920_spi+0xf2>
    3f9c:	a6 e4       	ldi	r26, 0x46	; 70
    3f9e:	b9 e0       	ldi	r27, 0x09	; 9
    3fa0:	ed 2d       	mov	r30, r13
    3fa2:	fc 2d       	mov	r31, r12
    3fa4:	9f 01       	movw	r18, r30
    3fa6:	28 5f       	subi	r18, 0xF8	; 248
    3fa8:	3f 4f       	sbci	r19, 0xFF	; 255
/Users/jacobmajors/Documents/Arduino/libraries/U8g2/src/clib/u8x8_cad.c:435 (discriminator 1)
      {
	i = 8;
	ptr = buf;
	do
	{
	  b = *data++;
    3faa:	81 91       	ld	r24, Z+
/Users/jacobmajors/Documents/Arduino/libraries/U8g2/src/clib/u8x8_cad.c:436 (discriminator 1)
	  *ptr++= b & 0x0f0;
    3fac:	98 2f       	mov	r25, r24
    3fae:	90 7f       	andi	r25, 0xF0	; 240
    3fb0:	9c 93       	st	X, r25
/Users/jacobmajors/Documents/Arduino/libraries/U8g2/src/clib/u8x8_cad.c:437 (discriminator 1)
	  b <<= 4;
    3fb2:	82 95       	swap	r24
    3fb4:	80 7f       	andi	r24, 0xF0	; 240
/Users/jacobmajors/Documents/Arduino/libraries/U8g2/src/clib/u8x8_cad.c:438 (discriminator 1)
	  *ptr++= b;
    3fb6:	11 96       	adiw	r26, 0x01	; 1
    3fb8:	8c 93       	st	X, r24
    3fba:	11 97       	sbiw	r26, 0x01	; 1
    3fbc:	12 96       	adiw	r26, 0x02	; 2
/Users/jacobmajors/Documents/Arduino/libraries/U8g2/src/clib/u8x8_cad.c:440 (discriminator 1)
	  i--;
	} while( i > 0 );
    3fbe:	e2 17       	cp	r30, r18
    3fc0:	f3 07       	cpc	r31, r19
    3fc2:	99 f7       	brne	.-26     	; 0x3faa <u8x8_cad_st7920_spi+0x124>
    3fc4:	de 2e       	mov	r13, r30
    3fc6:	cf 2e       	mov	r12, r31
/Users/jacobmajors/Documents/Arduino/libraries/U8g2/src/clib/u8x8_cad.c:441
	arg_int -= 8;
    3fc8:	08 50       	subi	r16, 0x08	; 8
/Users/jacobmajors/Documents/Arduino/libraries/U8g2/src/clib/u8x8_cad.c:442
	u8x8_byte_SendBytes(u8x8, 16, buf); 
    3fca:	46 e4       	ldi	r20, 0x46	; 70
    3fcc:	59 e0       	ldi	r21, 0x09	; 9
    3fce:	60 e1       	ldi	r22, 0x10	; 16
    3fd0:	ce 01       	movw	r24, r28
    3fd2:	0e 94 bd 1e 	call	0x3d7a	; 0x3d7a <u8x8_byte_SendBytes>
    3fd6:	bf cf       	rjmp	.-130    	; 0x3f56 <u8x8_cad_st7920_spi+0xd0>

00003fd8 <u8x8_d_st7920_common>:
u8x8_d_st7920_common():
/Users/jacobmajors/Documents/Arduino/libraries/U8g2/src/clib/u8x8_d_st7920.c:323
      break;
    default:
      return u8x8_d_st7920_common(u8x8, msg, arg_int, arg_ptr);
  }
  return 1;
}
    3fd8:	af 92       	push	r10
    3fda:	bf 92       	push	r11
    3fdc:	cf 92       	push	r12
    3fde:	df 92       	push	r13
    3fe0:	ef 92       	push	r14
    3fe2:	ff 92       	push	r15
    3fe4:	0f 93       	push	r16
    3fe6:	1f 93       	push	r17
    3fe8:	cf 93       	push	r28
    3fea:	df 93       	push	r29
    3fec:	ec 01       	movw	r28, r24
    3fee:	79 01       	movw	r14, r18
    3ff0:	6b 30       	cpi	r22, 0x0B	; 11
    3ff2:	c9 f0       	breq	.+50     	; 0x4026 <u8x8_d_st7920_common+0x4e>
    3ff4:	6f 30       	cpi	r22, 0x0F	; 15
    3ff6:	f1 f0       	breq	.+60     	; 0x4034 <u8x8_d_st7920_common+0x5c>
    3ff8:	80 e0       	ldi	r24, 0x00	; 0
    3ffa:	6a 30       	cpi	r22, 0x0A	; 10
    3ffc:	49 f4       	brne	.+18     	; 0x4010 <u8x8_d_st7920_common+0x38>
    3ffe:	ce 01       	movw	r24, r28
    4000:	0e 94 62 20 	call	0x40c4	; 0x40c4 <u8x8_d_helper_display_init>
    4004:	6e e3       	ldi	r22, 0x3E	; 62
    4006:	73 e0       	ldi	r23, 0x03	; 3
    4008:	ce 01       	movw	r24, r28
    400a:	0e 94 f8 1e 	call	0x3df0	; 0x3df0 <u8x8_cad_SendSequence>
    400e:	81 e0       	ldi	r24, 0x01	; 1
    4010:	df 91       	pop	r29
    4012:	cf 91       	pop	r28
    4014:	1f 91       	pop	r17
    4016:	0f 91       	pop	r16
    4018:	ff 90       	pop	r15
    401a:	ef 90       	pop	r14
    401c:	df 90       	pop	r13
    401e:	cf 90       	pop	r12
    4020:	bf 90       	pop	r11
    4022:	af 90       	pop	r10
    4024:	08 95       	ret
    4026:	67 e3       	ldi	r22, 0x37	; 55
    4028:	73 e0       	ldi	r23, 0x03	; 3
    402a:	44 23       	and	r20, r20
    402c:	69 f3       	breq	.-38     	; 0x4008 <u8x8_d_st7920_common+0x30>
    402e:	6c e2       	ldi	r22, 0x2C	; 44
    4030:	73 e0       	ldi	r23, 0x03	; 3
    4032:	ea cf       	rjmp	.-44     	; 0x4008 <u8x8_d_st7920_common+0x30>
    4034:	f9 01       	movw	r30, r18
    4036:	04 81       	ldd	r16, Z+4	; 0x04
    4038:	00 0f       	add	r16, r16
    403a:	00 0f       	add	r16, r16
    403c:	00 0f       	add	r16, r16
    403e:	13 81       	ldd	r17, Z+3	; 0x03
    4040:	16 95       	lsr	r17
    4042:	00 32       	cpi	r16, 0x20	; 32
    4044:	10 f0       	brcs	.+4      	; 0x404a <u8x8_d_st7920_common+0x72>
    4046:	00 52       	subi	r16, 0x20	; 32
    4048:	18 5f       	subi	r17, 0xF8	; 248
    404a:	ce 01       	movw	r24, r28
    404c:	0e 94 e6 1e 	call	0x3dcc	; 0x3dcc <u8x8_cad_StartTransfer>
    4050:	f7 01       	movw	r30, r14
    4052:	a0 80       	ld	r10, Z
    4054:	b1 80       	ldd	r11, Z+1	; 0x01
    4056:	6e e3       	ldi	r22, 0x3E	; 62
    4058:	ce 01       	movw	r24, r28
    405a:	0e 94 d5 1e 	call	0x3daa	; 0x3daa <u8x8_cad_SendCmd>
    405e:	6e e3       	ldi	r22, 0x3E	; 62
    4060:	ce 01       	movw	r24, r28
    4062:	0e 94 d5 1e 	call	0x3daa	; 0x3daa <u8x8_cad_SendCmd>
    4066:	d1 2c       	mov	r13, r1
    4068:	10 68       	ori	r17, 0x80	; 128
    406a:	60 2f       	mov	r22, r16
    406c:	6d 0d       	add	r22, r13
    406e:	60 68       	ori	r22, 0x80	; 128
    4070:	ce 01       	movw	r24, r28
    4072:	0e 94 d5 1e 	call	0x3daa	; 0x3daa <u8x8_cad_SendCmd>
    4076:	61 2f       	mov	r22, r17
    4078:	ce 01       	movw	r24, r28
    407a:	0e 94 d5 1e 	call	0x3daa	; 0x3daa <u8x8_cad_SendCmd>
    407e:	f7 01       	movw	r30, r14
    4080:	c2 80       	ldd	r12, Z+2	; 0x02
    4082:	a5 01       	movw	r20, r10
    4084:	6c 2d       	mov	r22, r12
    4086:	ce 01       	movw	r24, r28
    4088:	0e 94 de 1e 	call	0x3dbc	; 0x3dbc <u8x8_cad_SendData>
    408c:	ac 0c       	add	r10, r12
    408e:	b1 1c       	adc	r11, r1
    4090:	d3 94       	inc	r13
    4092:	f8 e0       	ldi	r31, 0x08	; 8
    4094:	df 12       	cpse	r13, r31
    4096:	e9 cf       	rjmp	.-46     	; 0x406a <u8x8_d_st7920_common+0x92>
    4098:	ce 01       	movw	r24, r28
    409a:	0e 94 ef 1e 	call	0x3dde	; 0x3dde <u8x8_cad_EndTransfer>
    409e:	b7 cf       	rjmp	.-146    	; 0x400e <u8x8_d_st7920_common+0x36>

000040a0 <u8x8_d_st7920_128x64>:
u8x8_d_st7920_128x64():
/Users/jacobmajors/Documents/Arduino/libraries/U8g2/src/clib/u8x8_d_st7920.c:355
  /* pixel_height = */ 64
};

uint8_t u8x8_d_st7920_128x64(u8x8_t *u8x8, uint8_t msg, uint8_t arg_int, void *arg_ptr)
{
  switch(msg)
    40a0:	69 30       	cpi	r22, 0x09	; 9
    40a2:	11 f0       	breq	.+4      	; 0x40a8 <u8x8_d_st7920_128x64+0x8>
/Users/jacobmajors/Documents/Arduino/libraries/U8g2/src/clib/u8x8_d_st7920.c:361
  {
    case U8X8_MSG_DISPLAY_SETUP_MEMORY:
      u8x8_d_helper_display_setup_memory(u8x8, &u8x8_st7920_128x64_display_info);
      break;
    default:
      return u8x8_d_st7920_common(u8x8, msg, arg_int, arg_ptr);
    40a4:	0c 94 ec 1f 	jmp	0x3fd8	; 0x3fd8 <u8x8_d_st7920_common>
/Users/jacobmajors/Documents/Arduino/libraries/U8g2/src/clib/u8x8_d_st7920.c:358
uint8_t u8x8_d_st7920_128x64(u8x8_t *u8x8, uint8_t msg, uint8_t arg_int, void *arg_ptr)
{
  switch(msg)
  {
    case U8X8_MSG_DISPLAY_SETUP_MEMORY:
      u8x8_d_helper_display_setup_memory(u8x8, &u8x8_st7920_128x64_display_info);
    40a8:	64 e1       	ldi	r22, 0x14	; 20
    40aa:	73 e0       	ldi	r23, 0x03	; 3
    40ac:	0e 94 5a 20 	call	0x40b4	; 0x40b4 <u8x8_d_helper_display_setup_memory>
/Users/jacobmajors/Documents/Arduino/libraries/U8g2/src/clib/u8x8_d_st7920.c:364
      break;
    default:
      return u8x8_d_st7920_common(u8x8, msg, arg_int, arg_ptr);
  }
  return 1;
}
    40b0:	81 e0       	ldi	r24, 0x01	; 1
    40b2:	08 95       	ret

000040b4 <u8x8_d_helper_display_setup_memory>:
u8x8_d_helper_display_setup_memory():
/Users/jacobmajors/Documents/Arduino/libraries/U8g2/src/clib/u8x8_display.c:153
  u8x8->display_cb(u8x8, U8X8_MSG_DISPLAY_SET_FLIP_MODE, mode, NULL);  
}

void u8x8_SetContrast(u8x8_t *u8x8, uint8_t value)
{
  u8x8->display_cb(u8x8, U8X8_MSG_DISPLAY_SET_CONTRAST, value, NULL);  
    40b4:	fc 01       	movw	r30, r24
    40b6:	71 83       	std	Z+1, r23	; 0x01
    40b8:	60 83       	st	Z, r22
    40ba:	fb 01       	movw	r30, r22
    40bc:	22 89       	ldd	r18, Z+18	; 0x12
    40be:	fc 01       	movw	r30, r24
    40c0:	24 8b       	std	Z+20, r18	; 0x14
    40c2:	08 95       	ret

000040c4 <u8x8_d_helper_display_init>:
u8x8_d_helper_display_init():
    40c4:	cf 93       	push	r28
    40c6:	df 93       	push	r29
    40c8:	ec 01       	movw	r28, r24
    40ca:	ea 85       	ldd	r30, Y+10	; 0x0a
    40cc:	fb 85       	ldd	r31, Y+11	; 0x0b
    40ce:	30 e0       	ldi	r19, 0x00	; 0
    40d0:	20 e0       	ldi	r18, 0x00	; 0
    40d2:	40 e0       	ldi	r20, 0x00	; 0
    40d4:	68 e2       	ldi	r22, 0x28	; 40
    40d6:	09 95       	icall
    40d8:	ee 81       	ldd	r30, Y+6	; 0x06
    40da:	ff 81       	ldd	r31, Y+7	; 0x07
    40dc:	30 e0       	ldi	r19, 0x00	; 0
    40de:	20 e0       	ldi	r18, 0x00	; 0
    40e0:	40 e0       	ldi	r20, 0x00	; 0
    40e2:	64 e1       	ldi	r22, 0x14	; 20
    40e4:	ce 01       	movw	r24, r28
    40e6:	09 95       	icall
    40e8:	41 e0       	ldi	r20, 0x01	; 1
    40ea:	6b e4       	ldi	r22, 0x4B	; 75
    40ec:	ce 01       	movw	r24, r28
    40ee:	0e 94 e0 20 	call	0x41c0	; 0x41c0 <u8x8_gpio_call>
    40f2:	e8 81       	ld	r30, Y
    40f4:	f9 81       	ldd	r31, Y+1	; 0x01
    40f6:	44 81       	ldd	r20, Z+4	; 0x04
    40f8:	69 e2       	ldi	r22, 0x29	; 41
    40fa:	ce 01       	movw	r24, r28
    40fc:	0e 94 e0 20 	call	0x41c0	; 0x41c0 <u8x8_gpio_call>
    4100:	40 e0       	ldi	r20, 0x00	; 0
    4102:	6b e4       	ldi	r22, 0x4B	; 75
    4104:	ce 01       	movw	r24, r28
    4106:	0e 94 e0 20 	call	0x41c0	; 0x41c0 <u8x8_gpio_call>
    410a:	e8 81       	ld	r30, Y
    410c:	f9 81       	ldd	r31, Y+1	; 0x01
    410e:	44 81       	ldd	r20, Z+4	; 0x04
    4110:	69 e2       	ldi	r22, 0x29	; 41
    4112:	ce 01       	movw	r24, r28
    4114:	0e 94 e0 20 	call	0x41c0	; 0x41c0 <u8x8_gpio_call>
    4118:	41 e0       	ldi	r20, 0x01	; 1
    411a:	6b e4       	ldi	r22, 0x4B	; 75
    411c:	ce 01       	movw	r24, r28
    411e:	0e 94 e0 20 	call	0x41c0	; 0x41c0 <u8x8_gpio_call>
    4122:	e8 81       	ld	r30, Y
    4124:	f9 81       	ldd	r31, Y+1	; 0x01
    4126:	45 81       	ldd	r20, Z+5	; 0x05
    4128:	69 e2       	ldi	r22, 0x29	; 41
    412a:	ce 01       	movw	r24, r28
    412c:	df 91       	pop	r29
    412e:	cf 91       	pop	r28
    4130:	0c 94 e0 20 	jmp	0x41c0	; 0x41c0 <u8x8_gpio_call>

00004134 <u8x8_DrawTile>:
u8x8_DrawTile():
    4134:	0f 93       	push	r16
    4136:	1f 93       	push	r17
    4138:	cf 93       	push	r28
    413a:	df 93       	push	r29
    413c:	00 d0       	rcall	.+0      	; 0x413e <u8x8_DrawTile+0xa>
    413e:	00 d0       	rcall	.+0      	; 0x4140 <u8x8_DrawTile+0xc>
    4140:	1f 92       	push	r1
    4142:	cd b7       	in	r28, 0x3d	; 61
    4144:	de b7       	in	r29, 0x3e	; 62
    4146:	6c 83       	std	Y+4, r22	; 0x04
    4148:	4d 83       	std	Y+5, r20	; 0x05
    414a:	2b 83       	std	Y+3, r18	; 0x03
    414c:	1a 83       	std	Y+2, r17	; 0x02
    414e:	09 83       	std	Y+1, r16	; 0x01
    4150:	dc 01       	movw	r26, r24
    4152:	14 96       	adiw	r26, 0x04	; 4
    4154:	ed 91       	ld	r30, X+
    4156:	fc 91       	ld	r31, X
    4158:	9e 01       	movw	r18, r28
    415a:	2f 5f       	subi	r18, 0xFF	; 255
    415c:	3f 4f       	sbci	r19, 0xFF	; 255
    415e:	41 e0       	ldi	r20, 0x01	; 1
    4160:	6f e0       	ldi	r22, 0x0F	; 15
    4162:	09 95       	icall
    4164:	0f 90       	pop	r0
    4166:	0f 90       	pop	r0
    4168:	0f 90       	pop	r0
    416a:	0f 90       	pop	r0
    416c:	0f 90       	pop	r0
    416e:	df 91       	pop	r29
    4170:	cf 91       	pop	r28
    4172:	1f 91       	pop	r17
    4174:	0f 91       	pop	r16
    4176:	08 95       	ret

00004178 <u8x8_SetupMemory>:
u8x8_SetupMemory():
    4178:	dc 01       	movw	r26, r24
    417a:	14 96       	adiw	r26, 0x04	; 4
    417c:	ed 91       	ld	r30, X+
    417e:	fc 91       	ld	r31, X
    4180:	30 e0       	ldi	r19, 0x00	; 0
    4182:	20 e0       	ldi	r18, 0x00	; 0
    4184:	40 e0       	ldi	r20, 0x00	; 0
    4186:	69 e0       	ldi	r22, 0x09	; 9
    4188:	09 94       	ijmp

0000418a <u8x8_InitDisplay>:
u8x8_InitDisplay():
    418a:	dc 01       	movw	r26, r24
    418c:	14 96       	adiw	r26, 0x04	; 4
    418e:	ed 91       	ld	r30, X+
    4190:	fc 91       	ld	r31, X
    4192:	30 e0       	ldi	r19, 0x00	; 0
    4194:	20 e0       	ldi	r18, 0x00	; 0
    4196:	40 e0       	ldi	r20, 0x00	; 0
    4198:	6a e0       	ldi	r22, 0x0A	; 10
    419a:	09 94       	ijmp

0000419c <u8x8_SetPowerSave>:
u8x8_SetPowerSave():
    419c:	46 2f       	mov	r20, r22
    419e:	dc 01       	movw	r26, r24
    41a0:	14 96       	adiw	r26, 0x04	; 4
    41a2:	ed 91       	ld	r30, X+
    41a4:	fc 91       	ld	r31, X
    41a6:	30 e0       	ldi	r19, 0x00	; 0
    41a8:	20 e0       	ldi	r18, 0x00	; 0
    41aa:	6b e0       	ldi	r22, 0x0B	; 11
    41ac:	09 94       	ijmp

000041ae <u8x8_RefreshDisplay>:
u8x8_RefreshDisplay():
/Users/jacobmajors/Documents/Arduino/libraries/U8g2/src/clib/u8x8_display.c:158
}

void u8x8_RefreshDisplay(u8x8_t *u8x8)
{
  u8x8->display_cb(u8x8, U8X8_MSG_DISPLAY_REFRESH, 0, NULL);  
    41ae:	dc 01       	movw	r26, r24
    41b0:	14 96       	adiw	r26, 0x04	; 4
    41b2:	ed 91       	ld	r30, X+
    41b4:	fc 91       	ld	r31, X
    41b6:	30 e0       	ldi	r19, 0x00	; 0
    41b8:	20 e0       	ldi	r18, 0x00	; 0
    41ba:	40 e0       	ldi	r20, 0x00	; 0
    41bc:	60 e1       	ldi	r22, 0x10	; 16
    41be:	09 94       	ijmp

000041c0 <u8x8_gpio_call>:
u8x8_gpio_call():
/Users/jacobmajors/Documents/Arduino/libraries/U8g2/src/clib/u8x8_gpio.c:42
#include "u8x8.h"


void u8x8_gpio_call(u8x8_t *u8x8, uint8_t msg, uint8_t arg)
{
  u8x8->gpio_and_delay_cb(u8x8, msg, arg, NULL);
    41c0:	dc 01       	movw	r26, r24
    41c2:	1a 96       	adiw	r26, 0x0a	; 10
    41c4:	ed 91       	ld	r30, X+
    41c6:	fc 91       	ld	r31, X
    41c8:	30 e0       	ldi	r19, 0x00	; 0
    41ca:	20 e0       	ldi	r18, 0x00	; 0
    41cc:	09 94       	ijmp

000041ce <u8x8_dummy_cb>:
u8x8_dummy_cb():
/Users/jacobmajors/Documents/Arduino/libraries/U8g2/src/clib/u8x8_setup.c:82
    case U8X8_MSG_DISPLAY_SETUP_MEMORY:
      u8x8_d_helper_display_setup_memory(u8x8, &u8x8_null_display_info);
      break;
    case U8X8_MSG_DISPLAY_INIT:
      u8x8_d_helper_display_init(u8x8);
      break;
    41ce:	80 e0       	ldi	r24, 0x00	; 0
    41d0:	08 95       	ret

000041d2 <u8x8_SetupDefaults>:
u8x8_SetupDefaults():
/Users/jacobmajors/Documents/Arduino/libraries/U8g2/src/clib/u8x8_setup.c:96
    Setup u8x8
  Args:
    u8x8	An empty u8x8 structure
*/
void u8x8_SetupDefaults(u8x8_t *u8x8)
{
    41d2:	fc 01       	movw	r30, r24
/Users/jacobmajors/Documents/Arduino/libraries/U8g2/src/clib/u8x8_setup.c:97
    u8x8->display_info = NULL;
    41d4:	11 82       	std	Z+1, r1	; 0x01
    41d6:	10 82       	st	Z, r1
/Users/jacobmajors/Documents/Arduino/libraries/U8g2/src/clib/u8x8_setup.c:98
    u8x8->display_cb = u8x8_dummy_cb;
    41d8:	87 ee       	ldi	r24, 0xE7	; 231
    41da:	90 e2       	ldi	r25, 0x20	; 32
    41dc:	95 83       	std	Z+5, r25	; 0x05
    41de:	84 83       	std	Z+4, r24	; 0x04
/Users/jacobmajors/Documents/Arduino/libraries/U8g2/src/clib/u8x8_setup.c:99
    u8x8->cad_cb = u8x8_dummy_cb;
    41e0:	97 83       	std	Z+7, r25	; 0x07
    41e2:	86 83       	std	Z+6, r24	; 0x06
/Users/jacobmajors/Documents/Arduino/libraries/U8g2/src/clib/u8x8_setup.c:100
    u8x8->byte_cb = u8x8_dummy_cb;
    41e4:	91 87       	std	Z+9, r25	; 0x09
    41e6:	80 87       	std	Z+8, r24	; 0x08
/Users/jacobmajors/Documents/Arduino/libraries/U8g2/src/clib/u8x8_setup.c:101
    u8x8->gpio_and_delay_cb = u8x8_dummy_cb;
    41e8:	93 87       	std	Z+11, r25	; 0x0b
    41ea:	82 87       	std	Z+10, r24	; 0x0a
/Users/jacobmajors/Documents/Arduino/libraries/U8g2/src/clib/u8x8_setup.c:102
    u8x8->is_font_inverse_mode = 0;
    41ec:	15 8a       	std	Z+21, r1	; 0x15
/Users/jacobmajors/Documents/Arduino/libraries/U8g2/src/clib/u8x8_setup.c:104
    //u8x8->device_address = 0;
    u8x8->utf8_state = 0;		/* also reset by u8x8_utf8_init */
    41ee:	10 8e       	std	Z+24, r1	; 0x18
/Users/jacobmajors/Documents/Arduino/libraries/U8g2/src/clib/u8x8_setup.c:105
    u8x8->bus_clock = 0;		/* issue 769 */
    41f0:	14 86       	std	Z+12, r1	; 0x0c
    41f2:	15 86       	std	Z+13, r1	; 0x0d
    41f4:	16 86       	std	Z+14, r1	; 0x0e
    41f6:	17 86       	std	Z+15, r1	; 0x0f
/Users/jacobmajors/Documents/Arduino/libraries/U8g2/src/clib/u8x8_setup.c:106
    u8x8->i2c_address = 255;
    41f8:	8f ef       	ldi	r24, 0xFF	; 255
    41fa:	86 8b       	std	Z+22, r24	; 0x16
/Users/jacobmajors/Documents/Arduino/libraries/U8g2/src/clib/u8x8_setup.c:107
    u8x8->debounce_default_pin_state = 255;	/* assume all low active buttons */
    41fc:	82 8f       	std	Z+26, r24	; 0x1a
    41fe:	df 01       	movw	r26, r30
    4200:	5e 96       	adiw	r26, 0x1e	; 30
    4202:	f4 96       	adiw	r30, 0x34	; 52
/Users/jacobmajors/Documents/Arduino/libraries/U8g2/src/clib/u8x8_setup.c:113 (discriminator 3)
  
#ifdef U8X8_USE_PINS 
  {
    uint8_t i;
    for( i = 0; i < U8X8_PIN_CNT; i++ )
      u8x8->pins[i] = U8X8_PIN_NONE;
    4204:	8d 93       	st	X+, r24
/Users/jacobmajors/Documents/Arduino/libraries/U8g2/src/clib/u8x8_setup.c:112 (discriminator 3)
    u8x8->debounce_default_pin_state = 255;	/* assume all low active buttons */
  
#ifdef U8X8_USE_PINS 
  {
    uint8_t i;
    for( i = 0; i < U8X8_PIN_CNT; i++ )
    4206:	ae 17       	cp	r26, r30
    4208:	bf 07       	cpc	r27, r31
    420a:	e1 f7       	brne	.-8      	; 0x4204 <u8x8_SetupDefaults+0x32>
/Users/jacobmajors/Documents/Arduino/libraries/U8g2/src/clib/u8x8_setup.c:116
      u8x8->pins[i] = U8X8_PIN_NONE;
  }
#endif
}
    420c:	08 95       	ret

0000420e <u8x8_Setup>:
u8x8_Setup():
/Users/jacobmajors/Documents/Arduino/libraries/U8g2/src/clib/u8x8_setup.c:134
    byte_cb			Display controller/communication specific callback funtion
    gpio_and_delay_cb	Environment specific callback function

*/
void u8x8_Setup(u8x8_t *u8x8, u8x8_msg_cb display_cb, u8x8_msg_cb cad_cb, u8x8_msg_cb byte_cb, u8x8_msg_cb gpio_and_delay_cb)
{
    420e:	af 92       	push	r10
    4210:	bf 92       	push	r11
    4212:	cf 92       	push	r12
    4214:	df 92       	push	r13
    4216:	ef 92       	push	r14
    4218:	ff 92       	push	r15
    421a:	0f 93       	push	r16
    421c:	1f 93       	push	r17
    421e:	cf 93       	push	r28
    4220:	df 93       	push	r29
    4222:	ec 01       	movw	r28, r24
    4224:	5b 01       	movw	r10, r22
    4226:	6a 01       	movw	r12, r20
    4228:	79 01       	movw	r14, r18
/Users/jacobmajors/Documents/Arduino/libraries/U8g2/src/clib/u8x8_setup.c:136
  /* setup defaults and reset pins to U8X8_PIN_NONE */
  u8x8_SetupDefaults(u8x8);
    422a:	0e 94 e9 20 	call	0x41d2	; 0x41d2 <u8x8_SetupDefaults>
/Users/jacobmajors/Documents/Arduino/libraries/U8g2/src/clib/u8x8_setup.c:139

  /* setup specific callbacks */
  u8x8->display_cb = display_cb;
    422e:	bd 82       	std	Y+5, r11	; 0x05
    4230:	ac 82       	std	Y+4, r10	; 0x04
/Users/jacobmajors/Documents/Arduino/libraries/U8g2/src/clib/u8x8_setup.c:140
  u8x8->cad_cb = cad_cb;
    4232:	df 82       	std	Y+7, r13	; 0x07
    4234:	ce 82       	std	Y+6, r12	; 0x06
/Users/jacobmajors/Documents/Arduino/libraries/U8g2/src/clib/u8x8_setup.c:141
  u8x8->byte_cb = byte_cb;
    4236:	f9 86       	std	Y+9, r15	; 0x09
    4238:	e8 86       	std	Y+8, r14	; 0x08
/Users/jacobmajors/Documents/Arduino/libraries/U8g2/src/clib/u8x8_setup.c:142
  u8x8->gpio_and_delay_cb = gpio_and_delay_cb;
    423a:	1b 87       	std	Y+11, r17	; 0x0b
    423c:	0a 87       	std	Y+10, r16	; 0x0a
/Users/jacobmajors/Documents/Arduino/libraries/U8g2/src/clib/u8x8_setup.c:145

  /* setup display info */
  u8x8_SetupMemory(u8x8);
    423e:	ce 01       	movw	r24, r28
/Users/jacobmajors/Documents/Arduino/libraries/U8g2/src/clib/u8x8_setup.c:146
}
    4240:	df 91       	pop	r29
    4242:	cf 91       	pop	r28
    4244:	1f 91       	pop	r17
    4246:	0f 91       	pop	r16
    4248:	ff 90       	pop	r15
    424a:	ef 90       	pop	r14
    424c:	df 90       	pop	r13
    424e:	cf 90       	pop	r12
    4250:	bf 90       	pop	r11
    4252:	af 90       	pop	r10
/Users/jacobmajors/Documents/Arduino/libraries/U8g2/src/clib/u8x8_setup.c:145
  u8x8->cad_cb = cad_cb;
  u8x8->byte_cb = byte_cb;
  u8x8->gpio_and_delay_cb = gpio_and_delay_cb;

  /* setup display info */
  u8x8_SetupMemory(u8x8);
    4254:	0c 94 bc 20 	jmp	0x4178	; 0x4178 <u8x8_SetupMemory>

00004258 <AccelStepper::~AccelStepper()>:
_ZN12AccelStepperD2Ev():
/Users/jacobmajors/Documents/Arduino/libraries/AccelStepper/src/AccelStepper.cpp:283
}

float   AccelStepper::maxSpeed()
{
    return _maxSpeed;
}
    4258:	08 95       	ret

0000425a <AccelStepper::computeNewSpeed()>:
_ZN12AccelStepper15computeNewSpeedEv():
    425a:	4f 92       	push	r4
    425c:	5f 92       	push	r5
    425e:	6f 92       	push	r6
    4260:	7f 92       	push	r7
    4262:	8f 92       	push	r8
    4264:	9f 92       	push	r9
    4266:	af 92       	push	r10
    4268:	bf 92       	push	r11
    426a:	cf 92       	push	r12
    426c:	df 92       	push	r13
    426e:	ef 92       	push	r14
    4270:	ff 92       	push	r15
    4272:	0f 93       	push	r16
    4274:	1f 93       	push	r17
    4276:	cf 93       	push	r28
    4278:	df 93       	push	r29
    427a:	ec 01       	movw	r28, r24
_ZN12AccelStepper12distanceToGoEv():
    427c:	cc 88       	ldd	r12, Y+20	; 0x14
    427e:	dd 88       	ldd	r13, Y+21	; 0x15
    4280:	ee 88       	ldd	r14, Y+22	; 0x16
    4282:	ff 88       	ldd	r15, Y+23	; 0x17
    4284:	88 89       	ldd	r24, Y+16	; 0x10
    4286:	99 89       	ldd	r25, Y+17	; 0x11
    4288:	aa 89       	ldd	r26, Y+18	; 0x12
    428a:	bb 89       	ldd	r27, Y+19	; 0x13
    428c:	c8 1a       	sub	r12, r24
    428e:	d9 0a       	sbc	r13, r25
    4290:	ea 0a       	sbc	r14, r26
    4292:	fb 0a       	sbc	r15, r27
_ZN12AccelStepper15computeNewSpeedEv():
    4294:	68 8d       	ldd	r22, Y+24	; 0x18
    4296:	79 8d       	ldd	r23, Y+25	; 0x19
    4298:	8a 8d       	ldd	r24, Y+26	; 0x1a
    429a:	9b 8d       	ldd	r25, Y+27	; 0x1b
    429c:	9b 01       	movw	r18, r22
    429e:	ac 01       	movw	r20, r24
    42a0:	0e 94 d4 34 	call	0x69a8	; 0x69a8 <__mulsf3>
    42a4:	4b 01       	movw	r8, r22
    42a6:	5c 01       	movw	r10, r24
    42a8:	68 a1       	ldd	r22, Y+32	; 0x20
    42aa:	79 a1       	ldd	r23, Y+33	; 0x21
    42ac:	8a a1       	ldd	r24, Y+34	; 0x22
    42ae:	9b a1       	ldd	r25, Y+35	; 0x23
    42b0:	9b 01       	movw	r18, r22
    42b2:	ac 01       	movw	r20, r24
    42b4:	0e 94 04 33 	call	0x6608	; 0x6608 <__addsf3>
    42b8:	9b 01       	movw	r18, r22
    42ba:	ac 01       	movw	r20, r24
    42bc:	c5 01       	movw	r24, r10
    42be:	b4 01       	movw	r22, r8
    42c0:	0e 94 75 33 	call	0x66ea	; 0x66ea <__divsf3>
    42c4:	0e 94 e7 33 	call	0x67ce	; 0x67ce <__fixsfsi>
    42c8:	c1 14       	cp	r12, r1
    42ca:	d1 04       	cpc	r13, r1
    42cc:	e1 04       	cpc	r14, r1
    42ce:	f1 04       	cpc	r15, r1
    42d0:	09 f0       	breq	.+2      	; 0x42d4 <AccelStepper::computeNewSpeed()+0x7a>
    42d2:	b6 c0       	rjmp	.+364    	; 0x4440 <AccelStepper::computeNewSpeed()+0x1e6>
    42d4:	62 30       	cpi	r22, 0x02	; 2
    42d6:	71 05       	cpc	r23, r1
    42d8:	81 05       	cpc	r24, r1
    42da:	91 05       	cpc	r25, r1
    42dc:	0c f0       	brlt	.+2      	; 0x42e0 <AccelStepper::computeNewSpeed()+0x86>
    42de:	d0 c0       	rjmp	.+416    	; 0x4480 <AccelStepper::computeNewSpeed()+0x226>
    42e0:	1b 82       	std	Y+3, r1	; 0x03
    42e2:	1c 82       	std	Y+4, r1	; 0x04
    42e4:	1d 82       	std	Y+5, r1	; 0x05
    42e6:	1e 82       	std	Y+6, r1	; 0x06
    42e8:	18 8e       	std	Y+24, r1	; 0x18
    42ea:	19 8e       	std	Y+25, r1	; 0x19
    42ec:	1a 8e       	std	Y+26, r1	; 0x1a
    42ee:	1b 8e       	std	Y+27, r1	; 0x1b
    42f0:	1c aa       	std	Y+52, r1	; 0x34
    42f2:	1d aa       	std	Y+53, r1	; 0x35
    42f4:	1e aa       	std	Y+54, r1	; 0x36
    42f6:	1f aa       	std	Y+55, r1	; 0x37
    42f8:	c1 2c       	mov	r12, r1
    42fa:	d1 2c       	mov	r13, r1
    42fc:	76 01       	movw	r14, r12
    42fe:	c7 01       	movw	r24, r14
    4300:	b6 01       	movw	r22, r12
    4302:	df 91       	pop	r29
    4304:	cf 91       	pop	r28
    4306:	1f 91       	pop	r17
    4308:	0f 91       	pop	r16
    430a:	ff 90       	pop	r15
    430c:	ef 90       	pop	r14
    430e:	df 90       	pop	r13
    4310:	cf 90       	pop	r12
    4312:	bf 90       	pop	r11
    4314:	af 90       	pop	r10
    4316:	9f 90       	pop	r9
    4318:	8f 90       	pop	r8
    431a:	7f 90       	pop	r7
    431c:	6f 90       	pop	r6
    431e:	5f 90       	pop	r5
    4320:	4f 90       	pop	r4
    4322:	08 95       	ret
    4324:	10 16       	cp	r1, r16
    4326:	11 06       	cpc	r1, r17
    4328:	12 06       	cpc	r1, r18
    432a:	13 06       	cpc	r1, r19
    432c:	b4 f4       	brge	.+44     	; 0x435a <AccelStepper::computeNewSpeed()+0x100>
    432e:	6c 15       	cp	r22, r12
    4330:	7d 05       	cpc	r23, r13
    4332:	8e 05       	cpc	r24, r14
    4334:	9f 05       	cpc	r25, r15
    4336:	1c f4       	brge	.+6      	; 0x433e <AccelStepper::computeNewSpeed()+0xe4>
    4338:	2a 81       	ldd	r18, Y+2	; 0x02
    433a:	21 11       	cpse	r18, r1
    433c:	a1 c0       	rjmp	.+322    	; 0x4480 <AccelStepper::computeNewSpeed()+0x226>
    433e:	9b 01       	movw	r18, r22
    4340:	ac 01       	movw	r20, r24
    4342:	88 27       	eor	r24, r24
    4344:	99 27       	eor	r25, r25
    4346:	dc 01       	movw	r26, r24
    4348:	82 1b       	sub	r24, r18
    434a:	93 0b       	sbc	r25, r19
    434c:	a4 0b       	sbc	r26, r20
    434e:	b5 0b       	sbc	r27, r21
    4350:	8c ab       	std	Y+52, r24	; 0x34
    4352:	9d ab       	std	Y+53, r25	; 0x35
    4354:	ae ab       	std	Y+54, r26	; 0x36
    4356:	bf ab       	std	Y+55, r27	; 0x37
    4358:	93 c0       	rjmp	.+294    	; 0x4480 <AccelStepper::computeNewSpeed()+0x226>
    435a:	01 15       	cp	r16, r1
    435c:	11 05       	cpc	r17, r1
    435e:	21 05       	cpc	r18, r1
    4360:	31 05       	cpc	r19, r1
    4362:	09 f4       	brne	.+2      	; 0x4366 <AccelStepper::computeNewSpeed()+0x10c>
    4364:	8d c0       	rjmp	.+282    	; 0x4480 <AccelStepper::computeNewSpeed()+0x226>
    4366:	6c 15       	cp	r22, r12
    4368:	7d 05       	cpc	r23, r13
    436a:	8e 05       	cpc	r24, r14
    436c:	9f 05       	cpc	r25, r15
    436e:	0c f0       	brlt	.+2      	; 0x4372 <AccelStepper::computeNewSpeed()+0x118>
    4370:	87 c0       	rjmp	.+270    	; 0x4480 <AccelStepper::computeNewSpeed()+0x226>
    4372:	8a 81       	ldd	r24, Y+2	; 0x02
    4374:	88 23       	and	r24, r24
    4376:	09 f4       	brne	.+2      	; 0x437a <AccelStepper::computeNewSpeed()+0x120>
    4378:	83 c0       	rjmp	.+262    	; 0x4480 <AccelStepper::computeNewSpeed()+0x226>
    437a:	30 95       	com	r19
    437c:	20 95       	com	r18
    437e:	10 95       	com	r17
    4380:	01 95       	neg	r16
    4382:	1f 4f       	sbci	r17, 0xFF	; 255
    4384:	2f 4f       	sbci	r18, 0xFF	; 255
    4386:	3f 4f       	sbci	r19, 0xFF	; 255
    4388:	0c ab       	std	Y+52, r16	; 0x34
    438a:	1d ab       	std	Y+53, r17	; 0x35
    438c:	2e ab       	std	Y+54, r18	; 0x36
    438e:	3f ab       	std	Y+55, r19	; 0x37
    4390:	77 c0       	rjmp	.+238    	; 0x4480 <AccelStepper::computeNewSpeed()+0x226>
    4392:	01 15       	cp	r16, r1
    4394:	11 05       	cpc	r17, r1
    4396:	21 05       	cpc	r18, r1
    4398:	31 05       	cpc	r19, r1
    439a:	09 f4       	brne	.+2      	; 0x439e <AccelStepper::computeNewSpeed()+0x144>
    439c:	71 c0       	rjmp	.+226    	; 0x4480 <AccelStepper::computeNewSpeed()+0x226>
    439e:	88 24       	eor	r8, r8
    43a0:	99 24       	eor	r9, r9
    43a2:	54 01       	movw	r10, r8
    43a4:	8c 18       	sub	r8, r12
    43a6:	9d 08       	sbc	r9, r13
    43a8:	ae 08       	sbc	r10, r14
    43aa:	bf 08       	sbc	r11, r15
    43ac:	68 15       	cp	r22, r8
    43ae:	79 05       	cpc	r23, r9
    43b0:	8a 05       	cpc	r24, r10
    43b2:	9b 05       	cpc	r25, r11
    43b4:	0c f0       	brlt	.+2      	; 0x43b8 <AccelStepper::computeNewSpeed()+0x15e>
    43b6:	64 c0       	rjmp	.+200    	; 0x4480 <AccelStepper::computeNewSpeed()+0x226>
    43b8:	8a 81       	ldd	r24, Y+2	; 0x02
    43ba:	81 11       	cpse	r24, r1
    43bc:	61 c0       	rjmp	.+194    	; 0x4480 <AccelStepper::computeNewSpeed()+0x226>
    43be:	dd cf       	rjmp	.-70     	; 0x437a <AccelStepper::computeNewSpeed()+0x120>
    43c0:	cc ac       	ldd	r12, Y+60	; 0x3c
    43c2:	dd ac       	ldd	r13, Y+61	; 0x3d
    43c4:	ee ac       	ldd	r14, Y+62	; 0x3e
    43c6:	ff ac       	ldd	r15, Y+63	; 0x3f
    43c8:	a7 01       	movw	r20, r14
    43ca:	96 01       	movw	r18, r12
    43cc:	c7 01       	movw	r24, r14
    43ce:	b6 01       	movw	r22, r12
    43d0:	0e 94 04 33 	call	0x6608	; 0x6608 <__addsf3>
    43d4:	2b 01       	movw	r4, r22
    43d6:	3c 01       	movw	r6, r24
    43d8:	c5 01       	movw	r24, r10
    43da:	b4 01       	movw	r22, r8
    43dc:	0e 94 1f 34 	call	0x683e	; 0x683e <__floatsisf>
    43e0:	20 e0       	ldi	r18, 0x00	; 0
    43e2:	30 e0       	ldi	r19, 0x00	; 0
    43e4:	40 e8       	ldi	r20, 0x80	; 128
    43e6:	50 e4       	ldi	r21, 0x40	; 64
    43e8:	0e 94 d4 34 	call	0x69a8	; 0x69a8 <__mulsf3>
    43ec:	20 e0       	ldi	r18, 0x00	; 0
    43ee:	30 e0       	ldi	r19, 0x00	; 0
    43f0:	40 e8       	ldi	r20, 0x80	; 128
    43f2:	5f e3       	ldi	r21, 0x3F	; 63
    43f4:	0e 94 04 33 	call	0x6608	; 0x6608 <__addsf3>
    43f8:	9b 01       	movw	r18, r22
    43fa:	ac 01       	movw	r20, r24
    43fc:	c3 01       	movw	r24, r6
    43fe:	b2 01       	movw	r22, r4
    4400:	0e 94 75 33 	call	0x66ea	; 0x66ea <__divsf3>
    4404:	9b 01       	movw	r18, r22
    4406:	ac 01       	movw	r20, r24
    4408:	c7 01       	movw	r24, r14
    440a:	b6 01       	movw	r22, r12
    440c:	0e 94 03 33 	call	0x6606	; 0x6606 <__subsf3>
    4410:	3b 01       	movw	r6, r22
    4412:	6c 01       	movw	r12, r24
_Z3maxIffEDTqultfp0_fp_fp0_fp_ERKT_RKT0_():
    4414:	fe 01       	movw	r30, r28
    4416:	e0 5c       	subi	r30, 0xC0	; 192
    4418:	ff 4f       	sbci	r31, 0xFF	; 255
    441a:	e0 80       	ld	r14, Z
    441c:	f1 80       	ldd	r15, Z+1	; 0x01
    441e:	02 81       	ldd	r16, Z+2	; 0x02
    4420:	13 81       	ldd	r17, Z+3	; 0x03
    4422:	97 01       	movw	r18, r14
    4424:	a8 01       	movw	r20, r16
    4426:	0e 94 70 33 	call	0x66e0	; 0x66e0 <__cmpsf2>
    442a:	87 fd       	sbrc	r24, 7
    442c:	02 c0       	rjmp	.+4      	; 0x4432 <AccelStepper::computeNewSpeed()+0x1d8>
_ZN12AccelStepper15computeNewSpeedEv():
    442e:	73 01       	movw	r14, r6
    4430:	86 01       	movw	r16, r12
    4432:	c7 01       	movw	r24, r14
    4434:	d8 01       	movw	r26, r16
    4436:	8c af       	std	Y+60, r24	; 0x3c
    4438:	9d af       	std	Y+61, r25	; 0x3d
    443a:	ae af       	std	Y+62, r26	; 0x3e
    443c:	bf af       	std	Y+63, r27	; 0x3f
    443e:	3a c0       	rjmp	.+116    	; 0x44b4 <AccelStepper::computeNewSpeed()+0x25a>
    4440:	0c a9       	ldd	r16, Y+52	; 0x34
    4442:	1d a9       	ldd	r17, Y+53	; 0x35
    4444:	2e a9       	ldd	r18, Y+54	; 0x36
    4446:	3f a9       	ldd	r19, Y+55	; 0x37
    4448:	1c 14       	cp	r1, r12
    444a:	1d 04       	cpc	r1, r13
    444c:	1e 04       	cpc	r1, r14
    444e:	1f 04       	cpc	r1, r15
    4450:	0c f4       	brge	.+2      	; 0x4454 <AccelStepper::computeNewSpeed()+0x1fa>
    4452:	68 cf       	rjmp	.-304    	; 0x4324 <AccelStepper::computeNewSpeed()+0xca>
    4454:	10 16       	cp	r1, r16
    4456:	11 06       	cpc	r1, r17
    4458:	12 06       	cpc	r1, r18
    445a:	13 06       	cpc	r1, r19
    445c:	0c f0       	brlt	.+2      	; 0x4460 <AccelStepper::computeNewSpeed()+0x206>
    445e:	99 cf       	rjmp	.-206    	; 0x4392 <AccelStepper::computeNewSpeed()+0x138>
    4460:	00 27       	eor	r16, r16
    4462:	11 27       	eor	r17, r17
    4464:	98 01       	movw	r18, r16
    4466:	0c 19       	sub	r16, r12
    4468:	1d 09       	sbc	r17, r13
    446a:	2e 09       	sbc	r18, r14
    446c:	3f 09       	sbc	r19, r15
    446e:	60 17       	cp	r22, r16
    4470:	71 07       	cpc	r23, r17
    4472:	82 07       	cpc	r24, r18
    4474:	93 07       	cpc	r25, r19
    4476:	0c f0       	brlt	.+2      	; 0x447a <AccelStepper::computeNewSpeed()+0x220>
    4478:	62 cf       	rjmp	.-316    	; 0x433e <AccelStepper::computeNewSpeed()+0xe4>
    447a:	2a 81       	ldd	r18, Y+2	; 0x02
    447c:	21 11       	cpse	r18, r1
    447e:	5f cf       	rjmp	.-322    	; 0x433e <AccelStepper::computeNewSpeed()+0xe4>
    4480:	8c a8       	ldd	r8, Y+52	; 0x34
    4482:	9d a8       	ldd	r9, Y+53	; 0x35
    4484:	ae a8       	ldd	r10, Y+54	; 0x36
    4486:	bf a8       	ldd	r11, Y+55	; 0x37
    4488:	81 14       	cp	r8, r1
    448a:	91 04       	cpc	r9, r1
    448c:	a1 04       	cpc	r10, r1
    448e:	b1 04       	cpc	r11, r1
    4490:	09 f0       	breq	.+2      	; 0x4494 <AccelStepper::computeNewSpeed()+0x23a>
    4492:	96 cf       	rjmp	.-212    	; 0x43c0 <AccelStepper::computeNewSpeed()+0x166>
    4494:	88 ad       	ldd	r24, Y+56	; 0x38
    4496:	99 ad       	ldd	r25, Y+57	; 0x39
    4498:	aa ad       	ldd	r26, Y+58	; 0x3a
    449a:	bb ad       	ldd	r27, Y+59	; 0x3b
    449c:	8c af       	std	Y+60, r24	; 0x3c
    449e:	9d af       	std	Y+61, r25	; 0x3d
    44a0:	ae af       	std	Y+62, r26	; 0x3e
    44a2:	bf af       	std	Y+63, r27	; 0x3f
    44a4:	81 e0       	ldi	r24, 0x01	; 1
    44a6:	1c 14       	cp	r1, r12
    44a8:	1d 04       	cpc	r1, r13
    44aa:	1e 04       	cpc	r1, r14
    44ac:	1f 04       	cpc	r1, r15
    44ae:	0c f0       	brlt	.+2      	; 0x44b2 <AccelStepper::computeNewSpeed()+0x258>
    44b0:	80 e0       	ldi	r24, 0x00	; 0
    44b2:	8a 83       	std	Y+2, r24	; 0x02
    44b4:	3f ef       	ldi	r19, 0xFF	; 255
    44b6:	83 1a       	sub	r8, r19
    44b8:	93 0a       	sbc	r9, r19
    44ba:	a3 0a       	sbc	r10, r19
    44bc:	b3 0a       	sbc	r11, r19
    44be:	8c aa       	std	Y+52, r8	; 0x34
    44c0:	9d aa       	std	Y+53, r9	; 0x35
    44c2:	ae aa       	std	Y+54, r10	; 0x36
    44c4:	bf aa       	std	Y+55, r11	; 0x37
    44c6:	8c ac       	ldd	r8, Y+60	; 0x3c
    44c8:	9d ac       	ldd	r9, Y+61	; 0x3d
    44ca:	ae ac       	ldd	r10, Y+62	; 0x3e
    44cc:	bf ac       	ldd	r11, Y+63	; 0x3f
    44ce:	c5 01       	movw	r24, r10
    44d0:	b4 01       	movw	r22, r8
    44d2:	0e 94 ee 33 	call	0x67dc	; 0x67dc <__fixunssfsi>
    44d6:	6b 01       	movw	r12, r22
    44d8:	7c 01       	movw	r14, r24
    44da:	cb 82       	std	Y+3, r12	; 0x03
    44dc:	dc 82       	std	Y+4, r13	; 0x04
    44de:	ed 82       	std	Y+5, r14	; 0x05
    44e0:	fe 82       	std	Y+6, r15	; 0x06
    44e2:	a5 01       	movw	r20, r10
    44e4:	94 01       	movw	r18, r8
    44e6:	60 e0       	ldi	r22, 0x00	; 0
    44e8:	74 e2       	ldi	r23, 0x24	; 36
    44ea:	84 e7       	ldi	r24, 0x74	; 116
    44ec:	99 e4       	ldi	r25, 0x49	; 73
    44ee:	0e 94 75 33 	call	0x66ea	; 0x66ea <__divsf3>
    44f2:	68 8f       	std	Y+24, r22	; 0x18
    44f4:	79 8f       	std	Y+25, r23	; 0x19
    44f6:	8a 8f       	std	Y+26, r24	; 0x1a
    44f8:	9b 8f       	std	Y+27, r25	; 0x1b
    44fa:	2a 81       	ldd	r18, Y+2	; 0x02
    44fc:	21 11       	cpse	r18, r1
    44fe:	ff ce       	rjmp	.-514    	; 0x42fe <AccelStepper::computeNewSpeed()+0xa4>
    4500:	90 58       	subi	r25, 0x80	; 128
    4502:	68 8f       	std	Y+24, r22	; 0x18
    4504:	79 8f       	std	Y+25, r23	; 0x19
    4506:	8a 8f       	std	Y+26, r24	; 0x1a
    4508:	9b 8f       	std	Y+27, r25	; 0x1b
    450a:	f9 ce       	rjmp	.-526    	; 0x42fe <AccelStepper::computeNewSpeed()+0xa4>

0000450c <AccelStepper::step(long)>:
_ZN12AccelStepper4stepEl():
    450c:	dc 01       	movw	r26, r24
    450e:	17 96       	adiw	r26, 0x07	; 7
    4510:	ec 91       	ld	r30, X
    4512:	17 97       	sbiw	r26, 0x07	; 7
    4514:	e9 30       	cpi	r30, 0x09	; 9
    4516:	08 f0       	brcs	.+2      	; 0x451a <AccelStepper::step(long)+0xe>
    4518:	38 c0       	rjmp	.+112    	; 0x458a <AccelStepper::step(long)+0x7e>
    451a:	f0 e0       	ldi	r31, 0x00	; 0
    451c:	ee 56       	subi	r30, 0x6E	; 110
    451e:	fd 4d       	sbci	r31, 0xDD	; 221
    4520:	0c 94 26 36 	jmp	0x6c4c	; 0x6c4c <__tablejump2__>
    4524:	9b 22       	and	r9, r27
    4526:	a1 22       	and	r10, r17
    4528:	a7 22       	and	r10, r23
    452a:	ad 22       	and	r10, r29
    452c:	b3 22       	and	r11, r19
    452e:	c5 22       	and	r12, r21
    4530:	b9 22       	and	r11, r25
    4532:	c5 22       	and	r12, r21
    4534:	bf 22       	and	r11, r31
    4536:	ed 91       	ld	r30, X+
    4538:	fc 91       	ld	r31, X
    453a:	06 84       	ldd	r0, Z+14	; 0x0e
    453c:	f7 85       	ldd	r31, Z+15	; 0x0f
    453e:	e0 2d       	mov	r30, r0
    4540:	09 94       	ijmp
    4542:	ed 91       	ld	r30, X+
    4544:	fc 91       	ld	r31, X
    4546:	00 88       	ldd	r0, Z+16	; 0x10
    4548:	f1 89       	ldd	r31, Z+17	; 0x11
    454a:	e0 2d       	mov	r30, r0
    454c:	f9 cf       	rjmp	.-14     	; 0x4540 <AccelStepper::step(long)+0x34>
    454e:	ed 91       	ld	r30, X+
    4550:	fc 91       	ld	r31, X
    4552:	02 88       	ldd	r0, Z+18	; 0x12
    4554:	f3 89       	ldd	r31, Z+19	; 0x13
    4556:	e0 2d       	mov	r30, r0
    4558:	f3 cf       	rjmp	.-26     	; 0x4540 <AccelStepper::step(long)+0x34>
    455a:	ed 91       	ld	r30, X+
    455c:	fc 91       	ld	r31, X
    455e:	04 88       	ldd	r0, Z+20	; 0x14
    4560:	f5 89       	ldd	r31, Z+21	; 0x15
    4562:	e0 2d       	mov	r30, r0
    4564:	ed cf       	rjmp	.-38     	; 0x4540 <AccelStepper::step(long)+0x34>
    4566:	ed 91       	ld	r30, X+
    4568:	fc 91       	ld	r31, X
    456a:	06 88       	ldd	r0, Z+22	; 0x16
    456c:	f7 89       	ldd	r31, Z+23	; 0x17
    456e:	e0 2d       	mov	r30, r0
    4570:	e7 cf       	rjmp	.-50     	; 0x4540 <AccelStepper::step(long)+0x34>
    4572:	ed 91       	ld	r30, X+
    4574:	fc 91       	ld	r31, X
    4576:	00 8c       	ldd	r0, Z+24	; 0x18
    4578:	f1 8d       	ldd	r31, Z+25	; 0x19
    457a:	e0 2d       	mov	r30, r0
    457c:	e1 cf       	rjmp	.-62     	; 0x4540 <AccelStepper::step(long)+0x34>
    457e:	ed 91       	ld	r30, X+
    4580:	fc 91       	ld	r31, X
    4582:	02 8c       	ldd	r0, Z+26	; 0x1a
    4584:	f3 8d       	ldd	r31, Z+27	; 0x1b
    4586:	e0 2d       	mov	r30, r0
    4588:	db cf       	rjmp	.-74     	; 0x4540 <AccelStepper::step(long)+0x34>
    458a:	08 95       	ret

0000458c <AccelStepper::step6(long)>:
_ZN12AccelStepper5step6El():
    458c:	cf 93       	push	r28
    458e:	df 93       	push	r29
    4590:	ec 01       	movw	r28, r24
    4592:	cb 01       	movw	r24, r22
    4594:	ba 01       	movw	r22, r20
    4596:	26 e0       	ldi	r18, 0x06	; 6
    4598:	30 e0       	ldi	r19, 0x00	; 0
    459a:	40 e0       	ldi	r20, 0x00	; 0
    459c:	50 e0       	ldi	r21, 0x00	; 0
    459e:	0e 94 07 36 	call	0x6c0e	; 0x6c0e <__divmodsi4>
    45a2:	62 30       	cpi	r22, 0x02	; 2
    45a4:	71 05       	cpc	r23, r1
    45a6:	81 05       	cpc	r24, r1
    45a8:	91 05       	cpc	r25, r1
    45aa:	89 f1       	breq	.+98     	; 0x460e <AccelStepper::step6(long)+0x82>
    45ac:	6c f4       	brge	.+26     	; 0x45c8 <AccelStepper::step6(long)+0x3c>
    45ae:	61 15       	cp	r22, r1
    45b0:	71 05       	cpc	r23, r1
    45b2:	81 05       	cpc	r24, r1
    45b4:	91 05       	cpc	r25, r1
    45b6:	d1 f0       	breq	.+52     	; 0x45ec <AccelStepper::step6(long)+0x60>
    45b8:	61 30       	cpi	r22, 0x01	; 1
    45ba:	71 05       	cpc	r23, r1
    45bc:	81 05       	cpc	r24, r1
    45be:	91 05       	cpc	r25, r1
    45c0:	f9 f0       	breq	.+62     	; 0x4600 <AccelStepper::step6(long)+0x74>
    45c2:	df 91       	pop	r29
    45c4:	cf 91       	pop	r28
    45c6:	08 95       	ret
    45c8:	64 30       	cpi	r22, 0x04	; 4
    45ca:	71 05       	cpc	r23, r1
    45cc:	81 05       	cpc	r24, r1
    45ce:	91 05       	cpc	r25, r1
    45d0:	61 f1       	breq	.+88     	; 0x462a <AccelStepper::step6(long)+0x9e>
    45d2:	24 f1       	brlt	.+72     	; 0x461c <AccelStepper::step6(long)+0x90>
    45d4:	65 30       	cpi	r22, 0x05	; 5
    45d6:	71 05       	cpc	r23, r1
    45d8:	81 05       	cpc	r24, r1
    45da:	91 05       	cpc	r25, r1
    45dc:	91 f7       	brne	.-28     	; 0x45c2 <AccelStepper::step6(long)+0x36>
    45de:	e8 81       	ld	r30, Y
    45e0:	f9 81       	ldd	r31, Y+1	; 0x01
    45e2:	02 84       	ldd	r0, Z+10	; 0x0a
    45e4:	f3 85       	ldd	r31, Z+11	; 0x0b
    45e6:	e0 2d       	mov	r30, r0
    45e8:	66 e0       	ldi	r22, 0x06	; 6
    45ea:	06 c0       	rjmp	.+12     	; 0x45f8 <AccelStepper::step6(long)+0x6c>
    45ec:	e8 81       	ld	r30, Y
    45ee:	f9 81       	ldd	r31, Y+1	; 0x01
    45f0:	02 84       	ldd	r0, Z+10	; 0x0a
    45f2:	f3 85       	ldd	r31, Z+11	; 0x0b
    45f4:	e0 2d       	mov	r30, r0
    45f6:	64 e0       	ldi	r22, 0x04	; 4
    45f8:	ce 01       	movw	r24, r28
    45fa:	df 91       	pop	r29
    45fc:	cf 91       	pop	r28
    45fe:	09 94       	ijmp
    4600:	e8 81       	ld	r30, Y
    4602:	f9 81       	ldd	r31, Y+1	; 0x01
    4604:	02 84       	ldd	r0, Z+10	; 0x0a
    4606:	f3 85       	ldd	r31, Z+11	; 0x0b
    4608:	e0 2d       	mov	r30, r0
    460a:	65 e0       	ldi	r22, 0x05	; 5
    460c:	f5 cf       	rjmp	.-22     	; 0x45f8 <AccelStepper::step6(long)+0x6c>
    460e:	e8 81       	ld	r30, Y
    4610:	f9 81       	ldd	r31, Y+1	; 0x01
    4612:	02 84       	ldd	r0, Z+10	; 0x0a
    4614:	f3 85       	ldd	r31, Z+11	; 0x0b
    4616:	e0 2d       	mov	r30, r0
    4618:	61 e0       	ldi	r22, 0x01	; 1
    461a:	ee cf       	rjmp	.-36     	; 0x45f8 <AccelStepper::step6(long)+0x6c>
    461c:	e8 81       	ld	r30, Y
    461e:	f9 81       	ldd	r31, Y+1	; 0x01
    4620:	02 84       	ldd	r0, Z+10	; 0x0a
    4622:	f3 85       	ldd	r31, Z+11	; 0x0b
    4624:	e0 2d       	mov	r30, r0
    4626:	63 e0       	ldi	r22, 0x03	; 3
    4628:	e7 cf       	rjmp	.-50     	; 0x45f8 <AccelStepper::step6(long)+0x6c>
    462a:	e8 81       	ld	r30, Y
    462c:	f9 81       	ldd	r31, Y+1	; 0x01
    462e:	02 84       	ldd	r0, Z+10	; 0x0a
    4630:	f3 85       	ldd	r31, Z+11	; 0x0b
    4632:	e0 2d       	mov	r30, r0
    4634:	62 e0       	ldi	r22, 0x02	; 2
    4636:	e0 cf       	rjmp	.-64     	; 0x45f8 <AccelStepper::step6(long)+0x6c>

00004638 <AccelStepper::step8(long)>:
_ZN12AccelStepper5step8El():
    4638:	dc 01       	movw	r26, r24
    463a:	ed 91       	ld	r30, X+
    463c:	fc 91       	ld	r31, X
    463e:	22 85       	ldd	r18, Z+10	; 0x0a
    4640:	33 85       	ldd	r19, Z+11	; 0x0b
    4642:	47 70       	andi	r20, 0x07	; 7
    4644:	55 27       	eor	r21, r21
    4646:	66 27       	eor	r22, r22
    4648:	77 27       	eor	r23, r23
    464a:	41 50       	subi	r20, 0x01	; 1
    464c:	51 09       	sbc	r21, r1
    464e:	61 09       	sbc	r22, r1
    4650:	71 09       	sbc	r23, r1
    4652:	47 30       	cpi	r20, 0x07	; 7
    4654:	51 05       	cpc	r21, r1
    4656:	61 05       	cpc	r22, r1
    4658:	71 05       	cpc	r23, r1
    465a:	60 f4       	brcc	.+24     	; 0x4674 <AccelStepper::step8(long)+0x3c>
    465c:	fa 01       	movw	r30, r20
    465e:	ed 5c       	subi	r30, 0xCD	; 205
    4660:	fc 4d       	sbci	r31, 0xDC	; 220
    4662:	0c 94 26 36 	jmp	0x6c4c	; 0x6c4c <__tablejump2__>
    4666:	3d 23       	and	r19, r29
    4668:	3f 23       	and	r19, r31
    466a:	41 23       	and	r20, r17
    466c:	43 23       	and	r20, r19
    466e:	45 23       	and	r20, r21
    4670:	47 23       	and	r20, r23
    4672:	49 23       	and	r20, r25
    4674:	61 e0       	ldi	r22, 0x01	; 1
    4676:	f9 01       	movw	r30, r18
    4678:	09 94       	ijmp
    467a:	65 e0       	ldi	r22, 0x05	; 5
    467c:	fc cf       	rjmp	.-8      	; 0x4676 <AccelStepper::step8(long)+0x3e>
    467e:	64 e0       	ldi	r22, 0x04	; 4
    4680:	fa cf       	rjmp	.-12     	; 0x4676 <AccelStepper::step8(long)+0x3e>
    4682:	66 e0       	ldi	r22, 0x06	; 6
    4684:	f8 cf       	rjmp	.-16     	; 0x4676 <AccelStepper::step8(long)+0x3e>
    4686:	62 e0       	ldi	r22, 0x02	; 2
    4688:	f6 cf       	rjmp	.-20     	; 0x4676 <AccelStepper::step8(long)+0x3e>
    468a:	6a e0       	ldi	r22, 0x0A	; 10
    468c:	f4 cf       	rjmp	.-24     	; 0x4676 <AccelStepper::step8(long)+0x3e>
    468e:	68 e0       	ldi	r22, 0x08	; 8
    4690:	f2 cf       	rjmp	.-28     	; 0x4676 <AccelStepper::step8(long)+0x3e>
    4692:	69 e0       	ldi	r22, 0x09	; 9
    4694:	f0 cf       	rjmp	.-32     	; 0x4676 <AccelStepper::step8(long)+0x3e>

00004696 <AccelStepper::setOutputPins(unsigned char)>:
_ZN12AccelStepper13setOutputPinsEh():
    4696:	cf 92       	push	r12
    4698:	df 92       	push	r13
    469a:	ef 92       	push	r14
    469c:	ff 92       	push	r15
    469e:	0f 93       	push	r16
    46a0:	1f 93       	push	r17
    46a2:	cf 93       	push	r28
    46a4:	df 93       	push	r29
    46a6:	dc 01       	movw	r26, r24
    46a8:	17 96       	adiw	r26, 0x07	; 7
    46aa:	cc 91       	ld	r28, X
    46ac:	c4 30       	cpi	r28, 0x04	; 4
    46ae:	39 f0       	breq	.+14     	; 0x46be <AccelStepper::setOutputPins(unsigned char)+0x28>
    46b0:	c8 30       	cpi	r28, 0x08	; 8
    46b2:	59 f1       	breq	.+86     	; 0x470a <AccelStepper::setOutputPins(unsigned char)+0x74>
    46b4:	c3 30       	cpi	r28, 0x03	; 3
    46b6:	19 f0       	breq	.+6      	; 0x46be <AccelStepper::setOutputPins(unsigned char)+0x28>
    46b8:	c6 30       	cpi	r28, 0x06	; 6
    46ba:	49 f1       	breq	.+82     	; 0x470e <AccelStepper::setOutputPins(unsigned char)+0x78>
    46bc:	c2 e0       	ldi	r28, 0x02	; 2
    46be:	8c 01       	movw	r16, r24
    46c0:	08 5f       	subi	r16, 0xF8	; 248
    46c2:	1f 4f       	sbci	r17, 0xFF	; 255
    46c4:	f1 2c       	mov	r15, r1
    46c6:	e1 2c       	mov	r14, r1
    46c8:	c6 2e       	mov	r12, r22
    46ca:	d1 2c       	mov	r13, r1
    46cc:	d1 e0       	ldi	r29, 0x01	; 1
    46ce:	f8 01       	movw	r30, r16
    46d0:	64 81       	ldd	r22, Z+4	; 0x04
    46d2:	c6 01       	movw	r24, r12
    46d4:	0e 2c       	mov	r0, r14
    46d6:	02 c0       	rjmp	.+4      	; 0x46dc <AccelStepper::setOutputPins(unsigned char)+0x46>
    46d8:	95 95       	asr	r25
    46da:	87 95       	ror	r24
    46dc:	0a 94       	dec	r0
    46de:	e2 f7       	brpl	.-8      	; 0x46d8 <AccelStepper::setOutputPins(unsigned char)+0x42>
    46e0:	80 fd       	sbrc	r24, 0
    46e2:	6d 27       	eor	r22, r29
    46e4:	0f 5f       	subi	r16, 0xFF	; 255
    46e6:	1f 4f       	sbci	r17, 0xFF	; 255
    46e8:	80 81       	ld	r24, Z
    46ea:	0e 94 ac 32 	call	0x6558	; 0x6558 <digitalWrite>
    46ee:	bf ef       	ldi	r27, 0xFF	; 255
    46f0:	eb 1a       	sub	r14, r27
    46f2:	fb 0a       	sbc	r15, r27
    46f4:	ec 16       	cp	r14, r28
    46f6:	58 f3       	brcs	.-42     	; 0x46ce <AccelStepper::setOutputPins(unsigned char)+0x38>
    46f8:	df 91       	pop	r29
    46fa:	cf 91       	pop	r28
    46fc:	1f 91       	pop	r17
    46fe:	0f 91       	pop	r16
    4700:	ff 90       	pop	r15
    4702:	ef 90       	pop	r14
    4704:	df 90       	pop	r13
    4706:	cf 90       	pop	r12
    4708:	08 95       	ret
    470a:	c4 e0       	ldi	r28, 0x04	; 4
    470c:	d8 cf       	rjmp	.-80     	; 0x46be <AccelStepper::setOutputPins(unsigned char)+0x28>
    470e:	c3 e0       	ldi	r28, 0x03	; 3
    4710:	d6 cf       	rjmp	.-84     	; 0x46be <AccelStepper::setOutputPins(unsigned char)+0x28>

00004712 <AccelStepper::step1(long)>:
_ZN12AccelStepper5step1El():
    4712:	cf 93       	push	r28
    4714:	df 93       	push	r29
    4716:	ec 01       	movw	r28, r24
    4718:	e8 81       	ld	r30, Y
    471a:	f9 81       	ldd	r31, Y+1	; 0x01
    471c:	02 84       	ldd	r0, Z+10	; 0x0a
    471e:	f3 85       	ldd	r31, Z+11	; 0x0b
    4720:	e0 2d       	mov	r30, r0
    4722:	8a 81       	ldd	r24, Y+2	; 0x02
    4724:	60 e0       	ldi	r22, 0x00	; 0
    4726:	81 11       	cpse	r24, r1
    4728:	62 e0       	ldi	r22, 0x02	; 2
    472a:	ce 01       	movw	r24, r28
    472c:	09 95       	icall
    472e:	e8 81       	ld	r30, Y
    4730:	f9 81       	ldd	r31, Y+1	; 0x01
    4732:	02 84       	ldd	r0, Z+10	; 0x0a
    4734:	f3 85       	ldd	r31, Z+11	; 0x0b
    4736:	e0 2d       	mov	r30, r0
    4738:	8a 81       	ldd	r24, Y+2	; 0x02
    473a:	61 e0       	ldi	r22, 0x01	; 1
    473c:	81 11       	cpse	r24, r1
    473e:	63 e0       	ldi	r22, 0x03	; 3
    4740:	ce 01       	movw	r24, r28
    4742:	09 95       	icall
    4744:	8c a5       	ldd	r24, Y+44	; 0x2c
    4746:	9d a5       	ldd	r25, Y+45	; 0x2d
    4748:	0e 94 fb 31 	call	0x63f6	; 0x63f6 <delayMicroseconds>
    474c:	e8 81       	ld	r30, Y
    474e:	f9 81       	ldd	r31, Y+1	; 0x01
    4750:	02 84       	ldd	r0, Z+10	; 0x0a
    4752:	f3 85       	ldd	r31, Z+11	; 0x0b
    4754:	e0 2d       	mov	r30, r0
    4756:	8a 81       	ldd	r24, Y+2	; 0x02
    4758:	60 e0       	ldi	r22, 0x00	; 0
    475a:	81 11       	cpse	r24, r1
    475c:	62 e0       	ldi	r22, 0x02	; 2
    475e:	ce 01       	movw	r24, r28
    4760:	df 91       	pop	r29
    4762:	cf 91       	pop	r28
    4764:	09 94       	ijmp

00004766 <AccelStepper::~AccelStepper()>:
_ZN12AccelStepperD0Ev():
    4766:	64 e4       	ldi	r22, 0x44	; 68
    4768:	70 e0       	ldi	r23, 0x00	; 0
    476a:	0c 94 45 31 	jmp	0x628a	; 0x628a <operator delete(void*, unsigned int)>

0000476e <AccelStepper::step0(long)>:
_ZN12AccelStepper5step0El():
    476e:	cf 93       	push	r28
    4770:	df 93       	push	r29
    4772:	ec 01       	movw	r28, r24
    4774:	20 e0       	ldi	r18, 0x00	; 0
    4776:	30 e0       	ldi	r19, 0x00	; 0
    4778:	a9 01       	movw	r20, r18
    477a:	68 8d       	ldd	r22, Y+24	; 0x18
    477c:	79 8d       	ldd	r23, Y+25	; 0x19
    477e:	8a 8d       	ldd	r24, Y+26	; 0x1a
    4780:	9b 8d       	ldd	r25, Y+27	; 0x1b
    4782:	0e 94 cf 34 	call	0x699e	; 0x699e <__gesf2>
    4786:	18 16       	cp	r1, r24
    4788:	2c f4       	brge	.+10     	; 0x4794 <AccelStepper::step0(long)+0x26>
    478a:	e8 a9       	ldd	r30, Y+48	; 0x30
    478c:	f9 a9       	ldd	r31, Y+49	; 0x31
    478e:	df 91       	pop	r29
    4790:	cf 91       	pop	r28
    4792:	09 94       	ijmp
    4794:	ea a9       	ldd	r30, Y+50	; 0x32
    4796:	fb a9       	ldd	r31, Y+51	; 0x33
    4798:	fa cf       	rjmp	.-12     	; 0x478e <AccelStepper::step0(long)+0x20>

0000479a <AccelStepper::step2(long)>:
_ZN12AccelStepper5step2El():
    479a:	dc 01       	movw	r26, r24
    479c:	ed 91       	ld	r30, X+
    479e:	fc 91       	ld	r31, X
    47a0:	02 84       	ldd	r0, Z+10	; 0x0a
    47a2:	f3 85       	ldd	r31, Z+11	; 0x0b
    47a4:	e0 2d       	mov	r30, r0
    47a6:	43 70       	andi	r20, 0x03	; 3
    47a8:	55 27       	eor	r21, r21
    47aa:	66 27       	eor	r22, r22
    47ac:	77 27       	eor	r23, r23
    47ae:	42 30       	cpi	r20, 0x02	; 2
    47b0:	51 05       	cpc	r21, r1
    47b2:	61 05       	cpc	r22, r1
    47b4:	71 05       	cpc	r23, r1
    47b6:	71 f0       	breq	.+28     	; 0x47d4 <AccelStepper::step2(long)+0x3a>
    47b8:	43 30       	cpi	r20, 0x03	; 3
    47ba:	51 05       	cpc	r21, r1
    47bc:	61 05       	cpc	r22, r1
    47be:	71 05       	cpc	r23, r1
    47c0:	59 f0       	breq	.+22     	; 0x47d8 <AccelStepper::step2(long)+0x3e>
    47c2:	41 30       	cpi	r20, 0x01	; 1
    47c4:	51 05       	cpc	r21, r1
    47c6:	61 05       	cpc	r22, r1
    47c8:	71 05       	cpc	r23, r1
    47ca:	11 f0       	breq	.+4      	; 0x47d0 <AccelStepper::step2(long)+0x36>
    47cc:	62 e0       	ldi	r22, 0x02	; 2
    47ce:	09 94       	ijmp
    47d0:	63 e0       	ldi	r22, 0x03	; 3
    47d2:	fd cf       	rjmp	.-6      	; 0x47ce <AccelStepper::step2(long)+0x34>
    47d4:	61 e0       	ldi	r22, 0x01	; 1
    47d6:	fb cf       	rjmp	.-10     	; 0x47ce <AccelStepper::step2(long)+0x34>
    47d8:	60 e0       	ldi	r22, 0x00	; 0
    47da:	f9 cf       	rjmp	.-14     	; 0x47ce <AccelStepper::step2(long)+0x34>

000047dc <AccelStepper::step3(long)>:
_ZN12AccelStepper5step3El():
    47dc:	cf 93       	push	r28
    47de:	df 93       	push	r29
    47e0:	ec 01       	movw	r28, r24
    47e2:	cb 01       	movw	r24, r22
    47e4:	ba 01       	movw	r22, r20
    47e6:	23 e0       	ldi	r18, 0x03	; 3
    47e8:	30 e0       	ldi	r19, 0x00	; 0
    47ea:	40 e0       	ldi	r20, 0x00	; 0
    47ec:	50 e0       	ldi	r21, 0x00	; 0
    47ee:	0e 94 07 36 	call	0x6c0e	; 0x6c0e <__divmodsi4>
    47f2:	61 30       	cpi	r22, 0x01	; 1
    47f4:	71 05       	cpc	r23, r1
    47f6:	81 05       	cpc	r24, r1
    47f8:	91 05       	cpc	r25, r1
    47fa:	99 f0       	breq	.+38     	; 0x4822 <AccelStepper::step3(long)+0x46>
    47fc:	62 30       	cpi	r22, 0x02	; 2
    47fe:	71 05       	cpc	r23, r1
    4800:	81 05       	cpc	r24, r1
    4802:	91 05       	cpc	r25, r1
    4804:	a9 f0       	breq	.+42     	; 0x4830 <AccelStepper::step3(long)+0x54>
    4806:	67 2b       	or	r22, r23
    4808:	68 2b       	or	r22, r24
    480a:	69 2b       	or	r22, r25
    480c:	c1 f4       	brne	.+48     	; 0x483e <AccelStepper::step3(long)+0x62>
    480e:	e8 81       	ld	r30, Y
    4810:	f9 81       	ldd	r31, Y+1	; 0x01
    4812:	02 84       	ldd	r0, Z+10	; 0x0a
    4814:	f3 85       	ldd	r31, Z+11	; 0x0b
    4816:	e0 2d       	mov	r30, r0
    4818:	64 e0       	ldi	r22, 0x04	; 4
    481a:	ce 01       	movw	r24, r28
    481c:	df 91       	pop	r29
    481e:	cf 91       	pop	r28
    4820:	09 94       	ijmp
    4822:	e8 81       	ld	r30, Y
    4824:	f9 81       	ldd	r31, Y+1	; 0x01
    4826:	02 84       	ldd	r0, Z+10	; 0x0a
    4828:	f3 85       	ldd	r31, Z+11	; 0x0b
    482a:	e0 2d       	mov	r30, r0
    482c:	61 e0       	ldi	r22, 0x01	; 1
    482e:	f5 cf       	rjmp	.-22     	; 0x481a <AccelStepper::step3(long)+0x3e>
    4830:	e8 81       	ld	r30, Y
    4832:	f9 81       	ldd	r31, Y+1	; 0x01
    4834:	02 84       	ldd	r0, Z+10	; 0x0a
    4836:	f3 85       	ldd	r31, Z+11	; 0x0b
    4838:	e0 2d       	mov	r30, r0
    483a:	62 e0       	ldi	r22, 0x02	; 2
    483c:	ee cf       	rjmp	.-36     	; 0x481a <AccelStepper::step3(long)+0x3e>
    483e:	df 91       	pop	r29
    4840:	cf 91       	pop	r28
    4842:	08 95       	ret

00004844 <AccelStepper::step4(long)>:
_ZN12AccelStepper5step4El():
    4844:	dc 01       	movw	r26, r24
    4846:	ed 91       	ld	r30, X+
    4848:	fc 91       	ld	r31, X
    484a:	02 84       	ldd	r0, Z+10	; 0x0a
    484c:	f3 85       	ldd	r31, Z+11	; 0x0b
    484e:	e0 2d       	mov	r30, r0
    4850:	43 70       	andi	r20, 0x03	; 3
    4852:	55 27       	eor	r21, r21
    4854:	66 27       	eor	r22, r22
    4856:	77 27       	eor	r23, r23
    4858:	42 30       	cpi	r20, 0x02	; 2
    485a:	51 05       	cpc	r21, r1
    485c:	61 05       	cpc	r22, r1
    485e:	71 05       	cpc	r23, r1
    4860:	71 f0       	breq	.+28     	; 0x487e <AccelStepper::step4(long)+0x3a>
    4862:	43 30       	cpi	r20, 0x03	; 3
    4864:	51 05       	cpc	r21, r1
    4866:	61 05       	cpc	r22, r1
    4868:	71 05       	cpc	r23, r1
    486a:	59 f0       	breq	.+22     	; 0x4882 <AccelStepper::step4(long)+0x3e>
    486c:	41 30       	cpi	r20, 0x01	; 1
    486e:	51 05       	cpc	r21, r1
    4870:	61 05       	cpc	r22, r1
    4872:	71 05       	cpc	r23, r1
    4874:	11 f0       	breq	.+4      	; 0x487a <AccelStepper::step4(long)+0x36>
    4876:	65 e0       	ldi	r22, 0x05	; 5
    4878:	09 94       	ijmp
    487a:	66 e0       	ldi	r22, 0x06	; 6
    487c:	fd cf       	rjmp	.-6      	; 0x4878 <AccelStepper::step4(long)+0x34>
    487e:	6a e0       	ldi	r22, 0x0A	; 10
    4880:	fb cf       	rjmp	.-10     	; 0x4878 <AccelStepper::step4(long)+0x34>
    4882:	69 e0       	ldi	r22, 0x09	; 9
    4884:	f9 cf       	rjmp	.-14     	; 0x4878 <AccelStepper::step4(long)+0x34>

00004886 <AccelStepper::disableOutputs()>:
_ZN12AccelStepper14disableOutputsEv():
    4886:	cf 93       	push	r28
    4888:	df 93       	push	r29
    488a:	fc 01       	movw	r30, r24
    488c:	27 81       	ldd	r18, Z+7	; 0x07
    488e:	22 23       	and	r18, r18
    4890:	a9 f0       	breq	.+42     	; 0x48bc <AccelStepper::disableOutputs()+0x36>
    4892:	ec 01       	movw	r28, r24
    4894:	01 90       	ld	r0, Z+
    4896:	f0 81       	ld	r31, Z
    4898:	e0 2d       	mov	r30, r0
    489a:	02 84       	ldd	r0, Z+10	; 0x0a
    489c:	f3 85       	ldd	r31, Z+11	; 0x0b
    489e:	e0 2d       	mov	r30, r0
    48a0:	60 e0       	ldi	r22, 0x00	; 0
    48a2:	09 95       	icall
    48a4:	8f a5       	ldd	r24, Y+47	; 0x2f
    48a6:	8f 3f       	cpi	r24, 0xFF	; 255
    48a8:	49 f0       	breq	.+18     	; 0x48bc <AccelStepper::disableOutputs()+0x36>
    48aa:	61 e0       	ldi	r22, 0x01	; 1
    48ac:	0e 94 70 32 	call	0x64e0	; 0x64e0 <pinMode>
    48b0:	6e a5       	ldd	r22, Y+46	; 0x2e
    48b2:	8f a5       	ldd	r24, Y+47	; 0x2f
    48b4:	df 91       	pop	r29
    48b6:	cf 91       	pop	r28
    48b8:	0c 94 ac 32 	jmp	0x6558	; 0x6558 <digitalWrite>
    48bc:	df 91       	pop	r29
    48be:	cf 91       	pop	r28
    48c0:	08 95       	ret

000048c2 <AccelStepper::enableOutputs()>:
_ZN12AccelStepper13enableOutputsEv():
    48c2:	cf 93       	push	r28
    48c4:	df 93       	push	r29
    48c6:	fc 01       	movw	r30, r24
    48c8:	27 81       	ldd	r18, Z+7	; 0x07
    48ca:	22 23       	and	r18, r18
    48cc:	59 f1       	breq	.+86     	; 0x4924 <AccelStepper::enableOutputs()+0x62>
    48ce:	ec 01       	movw	r28, r24
    48d0:	61 e0       	ldi	r22, 0x01	; 1
    48d2:	80 85       	ldd	r24, Z+8	; 0x08
    48d4:	0e 94 70 32 	call	0x64e0	; 0x64e0 <pinMode>
    48d8:	61 e0       	ldi	r22, 0x01	; 1
    48da:	89 85       	ldd	r24, Y+9	; 0x09
    48dc:	0e 94 70 32 	call	0x64e0	; 0x64e0 <pinMode>
    48e0:	8f 81       	ldd	r24, Y+7	; 0x07
    48e2:	84 30       	cpi	r24, 0x04	; 4
    48e4:	11 f0       	breq	.+4      	; 0x48ea <AccelStepper::enableOutputs()+0x28>
    48e6:	88 30       	cpi	r24, 0x08	; 8
    48e8:	b1 f4       	brne	.+44     	; 0x4916 <AccelStepper::enableOutputs()+0x54>
    48ea:	61 e0       	ldi	r22, 0x01	; 1
    48ec:	8a 85       	ldd	r24, Y+10	; 0x0a
    48ee:	0e 94 70 32 	call	0x64e0	; 0x64e0 <pinMode>
    48f2:	61 e0       	ldi	r22, 0x01	; 1
    48f4:	8b 85       	ldd	r24, Y+11	; 0x0b
    48f6:	0e 94 70 32 	call	0x64e0	; 0x64e0 <pinMode>
    48fa:	8f a5       	ldd	r24, Y+47	; 0x2f
    48fc:	8f 3f       	cpi	r24, 0xFF	; 255
    48fe:	91 f0       	breq	.+36     	; 0x4924 <AccelStepper::enableOutputs()+0x62>
    4900:	61 e0       	ldi	r22, 0x01	; 1
    4902:	0e 94 70 32 	call	0x64e0	; 0x64e0 <pinMode>
    4906:	6e a5       	ldd	r22, Y+46	; 0x2e
    4908:	81 e0       	ldi	r24, 0x01	; 1
    490a:	68 27       	eor	r22, r24
    490c:	8f a5       	ldd	r24, Y+47	; 0x2f
    490e:	df 91       	pop	r29
    4910:	cf 91       	pop	r28
    4912:	0c 94 ac 32 	jmp	0x6558	; 0x6558 <digitalWrite>
    4916:	83 30       	cpi	r24, 0x03	; 3
    4918:	11 f0       	breq	.+4      	; 0x491e <AccelStepper::enableOutputs()+0x5c>
    491a:	86 30       	cpi	r24, 0x06	; 6
    491c:	71 f7       	brne	.-36     	; 0x48fa <AccelStepper::enableOutputs()+0x38>
    491e:	61 e0       	ldi	r22, 0x01	; 1
    4920:	8a 85       	ldd	r24, Y+10	; 0x0a
    4922:	e9 cf       	rjmp	.-46     	; 0x48f6 <AccelStepper::enableOutputs()+0x34>
    4924:	df 91       	pop	r29
    4926:	cf 91       	pop	r28
    4928:	08 95       	ret

0000492a <AccelStepper::setAcceleration(float) [clone .part.10]>:
_ZN12AccelStepper15setAccelerationEf():
    492a:	4f 92       	push	r4
    492c:	5f 92       	push	r5
    492e:	6f 92       	push	r6
    4930:	7f 92       	push	r7
    4932:	8f 92       	push	r8
    4934:	9f 92       	push	r9
    4936:	af 92       	push	r10
    4938:	bf 92       	push	r11
    493a:	cf 92       	push	r12
    493c:	df 92       	push	r13
    493e:	ef 92       	push	r14
    4940:	ff 92       	push	r15
    4942:	cf 93       	push	r28
    4944:	df 93       	push	r29
    4946:	ec 01       	movw	r28, r24
    4948:	6a 01       	movw	r12, r20
    494a:	7b 01       	movw	r14, r22
    494c:	20 e0       	ldi	r18, 0x00	; 0
    494e:	30 e0       	ldi	r19, 0x00	; 0
    4950:	a9 01       	movw	r20, r18
    4952:	cb 01       	movw	r24, r22
    4954:	b6 01       	movw	r22, r12
    4956:	0e 94 70 33 	call	0x66e0	; 0x66e0 <__cmpsf2>
    495a:	87 ff       	sbrs	r24, 7
    495c:	04 c0       	rjmp	.+8      	; 0x4966 <AccelStepper::setAcceleration(float) [clone .part.10]+0x3c>
    495e:	f7 fa       	bst	r15, 7
    4960:	f0 94       	com	r15
    4962:	f7 f8       	bld	r15, 7
    4964:	f0 94       	com	r15
    4966:	88 a0       	ldd	r8, Y+32	; 0x20
    4968:	99 a0       	ldd	r9, Y+33	; 0x21
    496a:	aa a0       	ldd	r10, Y+34	; 0x22
    496c:	bb a0       	ldd	r11, Y+35	; 0x23
    496e:	a7 01       	movw	r20, r14
    4970:	96 01       	movw	r18, r12
    4972:	c5 01       	movw	r24, r10
    4974:	b4 01       	movw	r22, r8
    4976:	0e 94 70 33 	call	0x66e0	; 0x66e0 <__cmpsf2>
    497a:	88 23       	and	r24, r24
    497c:	09 f4       	brne	.+2      	; 0x4980 <AccelStepper::setAcceleration(float) [clone .part.10]+0x56>
    497e:	4d c0       	rjmp	.+154    	; 0x4a1a <AccelStepper::setAcceleration(float) [clone .part.10]+0xf0>
    4980:	6c a9       	ldd	r22, Y+52	; 0x34
    4982:	7d a9       	ldd	r23, Y+53	; 0x35
    4984:	8e a9       	ldd	r24, Y+54	; 0x36
    4986:	9f a9       	ldd	r25, Y+55	; 0x37
    4988:	0e 94 1f 34 	call	0x683e	; 0x683e <__floatsisf>
    498c:	2b 01       	movw	r4, r22
    498e:	3c 01       	movw	r6, r24
    4990:	a7 01       	movw	r20, r14
    4992:	96 01       	movw	r18, r12
    4994:	c5 01       	movw	r24, r10
    4996:	b4 01       	movw	r22, r8
    4998:	0e 94 75 33 	call	0x66ea	; 0x66ea <__divsf3>
    499c:	9b 01       	movw	r18, r22
    499e:	ac 01       	movw	r20, r24
    49a0:	c3 01       	movw	r24, r6
    49a2:	b2 01       	movw	r22, r4
    49a4:	0e 94 d4 34 	call	0x69a8	; 0x69a8 <__mulsf3>
    49a8:	0e 94 e7 33 	call	0x67ce	; 0x67ce <__fixsfsi>
    49ac:	6c ab       	std	Y+52, r22	; 0x34
    49ae:	7d ab       	std	Y+53, r23	; 0x35
    49b0:	8e ab       	std	Y+54, r24	; 0x36
    49b2:	9f ab       	std	Y+55, r25	; 0x37
    49b4:	a7 01       	movw	r20, r14
    49b6:	96 01       	movw	r18, r12
    49b8:	60 e0       	ldi	r22, 0x00	; 0
    49ba:	70 e0       	ldi	r23, 0x00	; 0
    49bc:	80 e0       	ldi	r24, 0x00	; 0
    49be:	90 e4       	ldi	r25, 0x40	; 64
    49c0:	0e 94 75 33 	call	0x66ea	; 0x66ea <__divsf3>
    49c4:	0e 94 47 35 	call	0x6a8e	; 0x6a8e <sqrt>
    49c8:	26 e5       	ldi	r18, 0x56	; 86
    49ca:	3e e0       	ldi	r19, 0x0E	; 14
    49cc:	4d e2       	ldi	r20, 0x2D	; 45
    49ce:	5f e3       	ldi	r21, 0x3F	; 63
    49d0:	0e 94 d4 34 	call	0x69a8	; 0x69a8 <__mulsf3>
    49d4:	20 e0       	ldi	r18, 0x00	; 0
    49d6:	34 e2       	ldi	r19, 0x24	; 36
    49d8:	44 e7       	ldi	r20, 0x74	; 116
    49da:	59 e4       	ldi	r21, 0x49	; 73
    49dc:	0e 94 d4 34 	call	0x69a8	; 0x69a8 <__mulsf3>
    49e0:	68 af       	std	Y+56, r22	; 0x38
    49e2:	79 af       	std	Y+57, r23	; 0x39
    49e4:	8a af       	std	Y+58, r24	; 0x3a
    49e6:	9b af       	std	Y+59, r25	; 0x3b
    49e8:	c8 a2       	std	Y+32, r12	; 0x20
    49ea:	d9 a2       	std	Y+33, r13	; 0x21
    49ec:	ea a2       	std	Y+34, r14	; 0x22
    49ee:	fb a2       	std	Y+35, r15	; 0x23
    49f0:	e8 81       	ld	r30, Y
    49f2:	f9 81       	ldd	r31, Y+1	; 0x01
    49f4:	00 84       	ldd	r0, Z+8	; 0x08
    49f6:	f1 85       	ldd	r31, Z+9	; 0x09
    49f8:	e0 2d       	mov	r30, r0
    49fa:	ce 01       	movw	r24, r28
    49fc:	df 91       	pop	r29
    49fe:	cf 91       	pop	r28
    4a00:	ff 90       	pop	r15
    4a02:	ef 90       	pop	r14
    4a04:	df 90       	pop	r13
    4a06:	cf 90       	pop	r12
    4a08:	bf 90       	pop	r11
    4a0a:	af 90       	pop	r10
    4a0c:	9f 90       	pop	r9
    4a0e:	8f 90       	pop	r8
    4a10:	7f 90       	pop	r7
    4a12:	6f 90       	pop	r6
    4a14:	5f 90       	pop	r5
    4a16:	4f 90       	pop	r4
    4a18:	09 94       	ijmp
    4a1a:	df 91       	pop	r29
    4a1c:	cf 91       	pop	r28
    4a1e:	ff 90       	pop	r15
    4a20:	ef 90       	pop	r14
    4a22:	df 90       	pop	r13
    4a24:	cf 90       	pop	r12
    4a26:	bf 90       	pop	r11
    4a28:	af 90       	pop	r10
    4a2a:	9f 90       	pop	r9
    4a2c:	8f 90       	pop	r8
    4a2e:	7f 90       	pop	r7
    4a30:	6f 90       	pop	r6
    4a32:	5f 90       	pop	r5
    4a34:	4f 90       	pop	r4
    4a36:	08 95       	ret

00004a38 <AccelStepper::moveTo(long)>:
_ZN12AccelStepper6moveToEl():
    4a38:	0f 93       	push	r16
    4a3a:	1f 93       	push	r17
    4a3c:	dc 01       	movw	r26, r24
    4a3e:	54 96       	adiw	r26, 0x14	; 20
    4a40:	0d 91       	ld	r16, X+
    4a42:	1d 91       	ld	r17, X+
    4a44:	2d 91       	ld	r18, X+
    4a46:	3c 91       	ld	r19, X
    4a48:	57 97       	sbiw	r26, 0x17	; 23
    4a4a:	04 17       	cp	r16, r20
    4a4c:	15 07       	cpc	r17, r21
    4a4e:	26 07       	cpc	r18, r22
    4a50:	37 07       	cpc	r19, r23
    4a52:	71 f0       	breq	.+28     	; 0x4a70 <AccelStepper::moveTo(long)+0x38>
    4a54:	fc 01       	movw	r30, r24
    4a56:	44 8b       	std	Z+20, r20	; 0x14
    4a58:	55 8b       	std	Z+21, r21	; 0x15
    4a5a:	66 8b       	std	Z+22, r22	; 0x16
    4a5c:	77 8b       	std	Z+23, r23	; 0x17
    4a5e:	01 90       	ld	r0, Z+
    4a60:	f0 81       	ld	r31, Z
    4a62:	e0 2d       	mov	r30, r0
    4a64:	00 84       	ldd	r0, Z+8	; 0x08
    4a66:	f1 85       	ldd	r31, Z+9	; 0x09
    4a68:	e0 2d       	mov	r30, r0
    4a6a:	1f 91       	pop	r17
    4a6c:	0f 91       	pop	r16
    4a6e:	09 94       	ijmp
    4a70:	1f 91       	pop	r17
    4a72:	0f 91       	pop	r16
    4a74:	08 95       	ret

00004a76 <AccelStepper::move(long)>:
_ZN12AccelStepper4moveEl():
    4a76:	0f 93       	push	r16
    4a78:	1f 93       	push	r17
    4a7a:	fc 01       	movw	r30, r24
    4a7c:	00 89       	ldd	r16, Z+16	; 0x10
    4a7e:	11 89       	ldd	r17, Z+17	; 0x11
    4a80:	22 89       	ldd	r18, Z+18	; 0x12
    4a82:	33 89       	ldd	r19, Z+19	; 0x13
    4a84:	40 0f       	add	r20, r16
    4a86:	51 1f       	adc	r21, r17
    4a88:	62 1f       	adc	r22, r18
    4a8a:	73 1f       	adc	r23, r19
    4a8c:	1f 91       	pop	r17
    4a8e:	0f 91       	pop	r16
    4a90:	0c 94 1c 25 	jmp	0x4a38	; 0x4a38 <AccelStepper::moveTo(long)>

00004a94 <AccelStepper::runSpeed()>:
_ZN12AccelStepper8runSpeedEv():
    4a94:	cf 92       	push	r12
    4a96:	df 92       	push	r13
    4a98:	ef 92       	push	r14
    4a9a:	ff 92       	push	r15
    4a9c:	cf 93       	push	r28
    4a9e:	df 93       	push	r29
    4aa0:	fc 01       	movw	r30, r24
    4aa2:	43 81       	ldd	r20, Z+3	; 0x03
    4aa4:	54 81       	ldd	r21, Z+4	; 0x04
    4aa6:	65 81       	ldd	r22, Z+5	; 0x05
    4aa8:	76 81       	ldd	r23, Z+6	; 0x06
    4aaa:	45 2b       	or	r20, r21
    4aac:	46 2b       	or	r20, r22
    4aae:	47 2b       	or	r20, r23
    4ab0:	41 f4       	brne	.+16     	; 0x4ac2 <AccelStepper::runSpeed()+0x2e>
    4ab2:	80 e0       	ldi	r24, 0x00	; 0
    4ab4:	df 91       	pop	r29
    4ab6:	cf 91       	pop	r28
    4ab8:	ff 90       	pop	r15
    4aba:	ef 90       	pop	r14
    4abc:	df 90       	pop	r13
    4abe:	cf 90       	pop	r12
    4ac0:	08 95       	ret
    4ac2:	ec 01       	movw	r28, r24
    4ac4:	0e 94 9d 31 	call	0x633a	; 0x633a <micros>
    4ac8:	6b 01       	movw	r12, r22
    4aca:	7c 01       	movw	r14, r24
    4acc:	88 a5       	ldd	r24, Y+40	; 0x28
    4ace:	99 a5       	ldd	r25, Y+41	; 0x29
    4ad0:	aa a5       	ldd	r26, Y+42	; 0x2a
    4ad2:	bb a5       	ldd	r27, Y+43	; 0x2b
    4ad4:	b7 01       	movw	r22, r14
    4ad6:	a6 01       	movw	r20, r12
    4ad8:	48 1b       	sub	r20, r24
    4ada:	59 0b       	sbc	r21, r25
    4adc:	6a 0b       	sbc	r22, r26
    4ade:	7b 0b       	sbc	r23, r27
    4ae0:	8b 81       	ldd	r24, Y+3	; 0x03
    4ae2:	9c 81       	ldd	r25, Y+4	; 0x04
    4ae4:	ad 81       	ldd	r26, Y+5	; 0x05
    4ae6:	be 81       	ldd	r27, Y+6	; 0x06
    4ae8:	48 17       	cp	r20, r24
    4aea:	59 07       	cpc	r21, r25
    4aec:	6a 07       	cpc	r22, r26
    4aee:	7b 07       	cpc	r23, r27
    4af0:	00 f3       	brcs	.-64     	; 0x4ab2 <AccelStepper::runSpeed()+0x1e>
    4af2:	88 89       	ldd	r24, Y+16	; 0x10
    4af4:	99 89       	ldd	r25, Y+17	; 0x11
    4af6:	aa 89       	ldd	r26, Y+18	; 0x12
    4af8:	bb 89       	ldd	r27, Y+19	; 0x13
    4afa:	2a 81       	ldd	r18, Y+2	; 0x02
    4afc:	22 23       	and	r18, r18
    4afe:	c1 f0       	breq	.+48     	; 0x4b30 <AccelStepper::runSpeed()+0x9c>
    4b00:	01 96       	adiw	r24, 0x01	; 1
    4b02:	a1 1d       	adc	r26, r1
    4b04:	b1 1d       	adc	r27, r1
    4b06:	88 8b       	std	Y+16, r24	; 0x10
    4b08:	99 8b       	std	Y+17, r25	; 0x11
    4b0a:	aa 8b       	std	Y+18, r26	; 0x12
    4b0c:	bb 8b       	std	Y+19, r27	; 0x13
    4b0e:	48 89       	ldd	r20, Y+16	; 0x10
    4b10:	59 89       	ldd	r21, Y+17	; 0x11
    4b12:	6a 89       	ldd	r22, Y+18	; 0x12
    4b14:	7b 89       	ldd	r23, Y+19	; 0x13
    4b16:	e8 81       	ld	r30, Y
    4b18:	f9 81       	ldd	r31, Y+1	; 0x01
    4b1a:	04 84       	ldd	r0, Z+12	; 0x0c
    4b1c:	f5 85       	ldd	r31, Z+13	; 0x0d
    4b1e:	e0 2d       	mov	r30, r0
    4b20:	ce 01       	movw	r24, r28
    4b22:	09 95       	icall
    4b24:	c8 a6       	std	Y+40, r12	; 0x28
    4b26:	d9 a6       	std	Y+41, r13	; 0x29
    4b28:	ea a6       	std	Y+42, r14	; 0x2a
    4b2a:	fb a6       	std	Y+43, r15	; 0x2b
    4b2c:	81 e0       	ldi	r24, 0x01	; 1
    4b2e:	c2 cf       	rjmp	.-124    	; 0x4ab4 <AccelStepper::runSpeed()+0x20>
    4b30:	01 97       	sbiw	r24, 0x01	; 1
    4b32:	a1 09       	sbc	r26, r1
    4b34:	b1 09       	sbc	r27, r1
    4b36:	e7 cf       	rjmp	.-50     	; 0x4b06 <AccelStepper::runSpeed()+0x72>

00004b38 <AccelStepper::distanceToGo()>:
_ZN12AccelStepper12distanceToGoEv():
    4b38:	0f 93       	push	r16
    4b3a:	1f 93       	push	r17
    4b3c:	fc 01       	movw	r30, r24
    4b3e:	64 89       	ldd	r22, Z+20	; 0x14
    4b40:	75 89       	ldd	r23, Z+21	; 0x15
    4b42:	86 89       	ldd	r24, Z+22	; 0x16
    4b44:	97 89       	ldd	r25, Z+23	; 0x17
    4b46:	00 89       	ldd	r16, Z+16	; 0x10
    4b48:	11 89       	ldd	r17, Z+17	; 0x11
    4b4a:	22 89       	ldd	r18, Z+18	; 0x12
    4b4c:	33 89       	ldd	r19, Z+19	; 0x13
    4b4e:	60 1b       	sub	r22, r16
    4b50:	71 0b       	sbc	r23, r17
    4b52:	82 0b       	sbc	r24, r18
    4b54:	93 0b       	sbc	r25, r19
    4b56:	1f 91       	pop	r17
    4b58:	0f 91       	pop	r16
    4b5a:	08 95       	ret

00004b5c <AccelStepper::setCurrentPosition(long)>:
_ZN12AccelStepper18setCurrentPositionEl():
    4b5c:	fc 01       	movw	r30, r24
    4b5e:	40 8b       	std	Z+16, r20	; 0x10
    4b60:	51 8b       	std	Z+17, r21	; 0x11
    4b62:	62 8b       	std	Z+18, r22	; 0x12
    4b64:	73 8b       	std	Z+19, r23	; 0x13
    4b66:	44 8b       	std	Z+20, r20	; 0x14
    4b68:	55 8b       	std	Z+21, r21	; 0x15
    4b6a:	66 8b       	std	Z+22, r22	; 0x16
    4b6c:	77 8b       	std	Z+23, r23	; 0x17
    4b6e:	14 aa       	std	Z+52, r1	; 0x34
    4b70:	15 aa       	std	Z+53, r1	; 0x35
    4b72:	16 aa       	std	Z+54, r1	; 0x36
    4b74:	17 aa       	std	Z+55, r1	; 0x37
    4b76:	13 82       	std	Z+3, r1	; 0x03
    4b78:	14 82       	std	Z+4, r1	; 0x04
    4b7a:	15 82       	std	Z+5, r1	; 0x05
    4b7c:	16 82       	std	Z+6, r1	; 0x06
    4b7e:	10 8e       	std	Z+24, r1	; 0x18
    4b80:	11 8e       	std	Z+25, r1	; 0x19
    4b82:	12 8e       	std	Z+26, r1	; 0x1a
    4b84:	13 8e       	std	Z+27, r1	; 0x1b
    4b86:	08 95       	ret

00004b88 <AccelStepper::run()>:
_ZN12AccelStepper3runEv():
    4b88:	0f 93       	push	r16
    4b8a:	1f 93       	push	r17
    4b8c:	cf 93       	push	r28
    4b8e:	df 93       	push	r29
    4b90:	ec 01       	movw	r28, r24
    4b92:	0e 94 4a 25 	call	0x4a94	; 0x4a94 <AccelStepper::runSpeed()>
    4b96:	88 23       	and	r24, r24
    4b98:	39 f0       	breq	.+14     	; 0x4ba8 <AccelStepper::run()+0x20>
    4b9a:	e8 81       	ld	r30, Y
    4b9c:	f9 81       	ldd	r31, Y+1	; 0x01
    4b9e:	00 84       	ldd	r0, Z+8	; 0x08
    4ba0:	f1 85       	ldd	r31, Z+9	; 0x09
    4ba2:	e0 2d       	mov	r30, r0
    4ba4:	ce 01       	movw	r24, r28
    4ba6:	09 95       	icall
    4ba8:	20 e0       	ldi	r18, 0x00	; 0
    4baa:	30 e0       	ldi	r19, 0x00	; 0
    4bac:	a9 01       	movw	r20, r18
    4bae:	68 8d       	ldd	r22, Y+24	; 0x18
    4bb0:	79 8d       	ldd	r23, Y+25	; 0x19
    4bb2:	8a 8d       	ldd	r24, Y+26	; 0x1a
    4bb4:	9b 8d       	ldd	r25, Y+27	; 0x1b
    4bb6:	0e 94 70 33 	call	0x66e0	; 0x66e0 <__cmpsf2>
    4bba:	81 11       	cpse	r24, r1
    4bbc:	14 c0       	rjmp	.+40     	; 0x4be6 <AccelStepper::run()+0x5e>
    4bbe:	81 e0       	ldi	r24, 0x01	; 1
    4bc0:	0c 89       	ldd	r16, Y+20	; 0x14
    4bc2:	1d 89       	ldd	r17, Y+21	; 0x15
    4bc4:	2e 89       	ldd	r18, Y+22	; 0x16
    4bc6:	3f 89       	ldd	r19, Y+23	; 0x17
    4bc8:	48 89       	ldd	r20, Y+16	; 0x10
    4bca:	59 89       	ldd	r21, Y+17	; 0x11
    4bcc:	6a 89       	ldd	r22, Y+18	; 0x12
    4bce:	7b 89       	ldd	r23, Y+19	; 0x13
    4bd0:	04 17       	cp	r16, r20
    4bd2:	15 07       	cpc	r17, r21
    4bd4:	26 07       	cpc	r18, r22
    4bd6:	37 07       	cpc	r19, r23
    4bd8:	09 f4       	brne	.+2      	; 0x4bdc <AccelStepper::run()+0x54>
    4bda:	80 e0       	ldi	r24, 0x00	; 0
    4bdc:	df 91       	pop	r29
    4bde:	cf 91       	pop	r28
    4be0:	1f 91       	pop	r17
    4be2:	0f 91       	pop	r16
    4be4:	08 95       	ret
    4be6:	81 e0       	ldi	r24, 0x01	; 1
    4be8:	f9 cf       	rjmp	.-14     	; 0x4bdc <AccelStepper::run()+0x54>

00004bea <AccelStepper::setMaxSpeed(float)>:
_ZN12AccelStepper11setMaxSpeedEf():
    4bea:	cf 92       	push	r12
    4bec:	df 92       	push	r13
    4bee:	ef 92       	push	r14
    4bf0:	ff 92       	push	r15
    4bf2:	0f 93       	push	r16
    4bf4:	1f 93       	push	r17
    4bf6:	cf 93       	push	r28
    4bf8:	df 93       	push	r29
    4bfa:	ec 01       	movw	r28, r24
    4bfc:	6a 01       	movw	r12, r20
    4bfe:	7b 01       	movw	r14, r22
    4c00:	20 e0       	ldi	r18, 0x00	; 0
    4c02:	30 e0       	ldi	r19, 0x00	; 0
    4c04:	a9 01       	movw	r20, r18
    4c06:	cb 01       	movw	r24, r22
    4c08:	b6 01       	movw	r22, r12
    4c0a:	0e 94 70 33 	call	0x66e0	; 0x66e0 <__cmpsf2>
    4c0e:	87 ff       	sbrs	r24, 7
    4c10:	04 c0       	rjmp	.+8      	; 0x4c1a <AccelStepper::setMaxSpeed(float)+0x30>
    4c12:	f7 fa       	bst	r15, 7
    4c14:	f0 94       	com	r15
    4c16:	f7 f8       	bld	r15, 7
    4c18:	f0 94       	com	r15
    4c1a:	a7 01       	movw	r20, r14
    4c1c:	96 01       	movw	r18, r12
    4c1e:	6c 8d       	ldd	r22, Y+28	; 0x1c
    4c20:	7d 8d       	ldd	r23, Y+29	; 0x1d
    4c22:	8e 8d       	ldd	r24, Y+30	; 0x1e
    4c24:	9f 8d       	ldd	r25, Y+31	; 0x1f
    4c26:	0e 94 70 33 	call	0x66e0	; 0x66e0 <__cmpsf2>
    4c2a:	88 23       	and	r24, r24
    4c2c:	09 f4       	brne	.+2      	; 0x4c30 <AccelStepper::setMaxSpeed(float)+0x46>
    4c2e:	4a c0       	rjmp	.+148    	; 0x4cc4 <AccelStepper::setMaxSpeed(float)+0xda>
    4c30:	cc 8e       	std	Y+28, r12	; 0x1c
    4c32:	dd 8e       	std	Y+29, r13	; 0x1d
    4c34:	ee 8e       	std	Y+30, r14	; 0x1e
    4c36:	ff 8e       	std	Y+31, r15	; 0x1f
    4c38:	8e 01       	movw	r16, r28
    4c3a:	00 5c       	subi	r16, 0xC0	; 192
    4c3c:	1f 4f       	sbci	r17, 0xFF	; 255
    4c3e:	a7 01       	movw	r20, r14
    4c40:	96 01       	movw	r18, r12
    4c42:	60 e0       	ldi	r22, 0x00	; 0
    4c44:	74 e2       	ldi	r23, 0x24	; 36
    4c46:	84 e7       	ldi	r24, 0x74	; 116
    4c48:	99 e4       	ldi	r25, 0x49	; 73
    4c4a:	0e 94 75 33 	call	0x66ea	; 0x66ea <__divsf3>
    4c4e:	f8 01       	movw	r30, r16
    4c50:	60 83       	st	Z, r22
    4c52:	71 83       	std	Z+1, r23	; 0x01
    4c54:	82 83       	std	Z+2, r24	; 0x02
    4c56:	93 83       	std	Z+3, r25	; 0x03
    4c58:	8c a9       	ldd	r24, Y+52	; 0x34
    4c5a:	9d a9       	ldd	r25, Y+53	; 0x35
    4c5c:	ae a9       	ldd	r26, Y+54	; 0x36
    4c5e:	bf a9       	ldd	r27, Y+55	; 0x37
    4c60:	18 16       	cp	r1, r24
    4c62:	19 06       	cpc	r1, r25
    4c64:	1a 06       	cpc	r1, r26
    4c66:	1b 06       	cpc	r1, r27
    4c68:	6c f5       	brge	.+90     	; 0x4cc4 <AccelStepper::setMaxSpeed(float)+0xda>
    4c6a:	68 8d       	ldd	r22, Y+24	; 0x18
    4c6c:	79 8d       	ldd	r23, Y+25	; 0x19
    4c6e:	8a 8d       	ldd	r24, Y+26	; 0x1a
    4c70:	9b 8d       	ldd	r25, Y+27	; 0x1b
    4c72:	9b 01       	movw	r18, r22
    4c74:	ac 01       	movw	r20, r24
    4c76:	0e 94 d4 34 	call	0x69a8	; 0x69a8 <__mulsf3>
    4c7a:	6b 01       	movw	r12, r22
    4c7c:	7c 01       	movw	r14, r24
    4c7e:	68 a1       	ldd	r22, Y+32	; 0x20
    4c80:	79 a1       	ldd	r23, Y+33	; 0x21
    4c82:	8a a1       	ldd	r24, Y+34	; 0x22
    4c84:	9b a1       	ldd	r25, Y+35	; 0x23
    4c86:	9b 01       	movw	r18, r22
    4c88:	ac 01       	movw	r20, r24
    4c8a:	0e 94 04 33 	call	0x6608	; 0x6608 <__addsf3>
    4c8e:	9b 01       	movw	r18, r22
    4c90:	ac 01       	movw	r20, r24
    4c92:	c7 01       	movw	r24, r14
    4c94:	b6 01       	movw	r22, r12
    4c96:	0e 94 75 33 	call	0x66ea	; 0x66ea <__divsf3>
    4c9a:	0e 94 e7 33 	call	0x67ce	; 0x67ce <__fixsfsi>
    4c9e:	6c ab       	std	Y+52, r22	; 0x34
    4ca0:	7d ab       	std	Y+53, r23	; 0x35
    4ca2:	8e ab       	std	Y+54, r24	; 0x36
    4ca4:	9f ab       	std	Y+55, r25	; 0x37
    4ca6:	e8 81       	ld	r30, Y
    4ca8:	f9 81       	ldd	r31, Y+1	; 0x01
    4caa:	00 84       	ldd	r0, Z+8	; 0x08
    4cac:	f1 85       	ldd	r31, Z+9	; 0x09
    4cae:	e0 2d       	mov	r30, r0
    4cb0:	ce 01       	movw	r24, r28
    4cb2:	df 91       	pop	r29
    4cb4:	cf 91       	pop	r28
    4cb6:	1f 91       	pop	r17
    4cb8:	0f 91       	pop	r16
    4cba:	ff 90       	pop	r15
    4cbc:	ef 90       	pop	r14
    4cbe:	df 90       	pop	r13
    4cc0:	cf 90       	pop	r12
    4cc2:	09 94       	ijmp
    4cc4:	df 91       	pop	r29
    4cc6:	cf 91       	pop	r28
    4cc8:	1f 91       	pop	r17
    4cca:	0f 91       	pop	r16
    4ccc:	ff 90       	pop	r15
    4cce:	ef 90       	pop	r14
    4cd0:	df 90       	pop	r13
    4cd2:	cf 90       	pop	r12
    4cd4:	08 95       	ret

00004cd6 <AccelStepper::AccelStepper(unsigned char, unsigned char, unsigned char, unsigned char, unsigned char, bool)>:
_ZN12AccelStepperC2Ehhhhhb():
    4cd6:	cf 92       	push	r12
    4cd8:	ef 92       	push	r14
    4cda:	0f 93       	push	r16
    4cdc:	cf 93       	push	r28
    4cde:	df 93       	push	r29
    4ce0:	ec 01       	movw	r28, r24
    4ce2:	85 e5       	ldi	r24, 0x55	; 85
    4ce4:	93 e0       	ldi	r25, 0x03	; 3
    4ce6:	99 83       	std	Y+1, r25	; 0x01
    4ce8:	88 83       	st	Y, r24
    4cea:	6f 83       	std	Y+7, r22	; 0x07
    4cec:	18 8a       	std	Y+16, r1	; 0x10
    4cee:	19 8a       	std	Y+17, r1	; 0x11
    4cf0:	1a 8a       	std	Y+18, r1	; 0x12
    4cf2:	1b 8a       	std	Y+19, r1	; 0x13
    4cf4:	1c 8a       	std	Y+20, r1	; 0x14
    4cf6:	1d 8a       	std	Y+21, r1	; 0x15
    4cf8:	1e 8a       	std	Y+22, r1	; 0x16
    4cfa:	1f 8a       	std	Y+23, r1	; 0x17
    4cfc:	18 8e       	std	Y+24, r1	; 0x18
    4cfe:	19 8e       	std	Y+25, r1	; 0x19
    4d00:	1a 8e       	std	Y+26, r1	; 0x1a
    4d02:	1b 8e       	std	Y+27, r1	; 0x1b
    4d04:	1c 8e       	std	Y+28, r1	; 0x1c
    4d06:	1d 8e       	std	Y+29, r1	; 0x1d
    4d08:	1e 8e       	std	Y+30, r1	; 0x1e
    4d0a:	1f 8e       	std	Y+31, r1	; 0x1f
    4d0c:	18 a2       	std	Y+32, r1	; 0x20
    4d0e:	19 a2       	std	Y+33, r1	; 0x21
    4d10:	1a a2       	std	Y+34, r1	; 0x22
    4d12:	1b a2       	std	Y+35, r1	; 0x23
    4d14:	80 e0       	ldi	r24, 0x00	; 0
    4d16:	90 e0       	ldi	r25, 0x00	; 0
    4d18:	a0 e8       	ldi	r26, 0x80	; 128
    4d1a:	bf e3       	ldi	r27, 0x3F	; 63
    4d1c:	8c a3       	std	Y+36, r24	; 0x24
    4d1e:	9d a3       	std	Y+37, r25	; 0x25
    4d20:	ae a3       	std	Y+38, r26	; 0x26
    4d22:	bf a3       	std	Y+39, r27	; 0x27
    4d24:	1b 82       	std	Y+3, r1	; 0x03
    4d26:	1c 82       	std	Y+4, r1	; 0x04
    4d28:	1d 82       	std	Y+5, r1	; 0x05
    4d2a:	1e 82       	std	Y+6, r1	; 0x06
    4d2c:	61 e0       	ldi	r22, 0x01	; 1
    4d2e:	70 e0       	ldi	r23, 0x00	; 0
    4d30:	7d a7       	std	Y+45, r23	; 0x2d
    4d32:	6c a7       	std	Y+44, r22	; 0x2c
    4d34:	3f ef       	ldi	r19, 0xFF	; 255
    4d36:	3f a7       	std	Y+47, r19	; 0x2f
    4d38:	18 a6       	std	Y+40, r1	; 0x28
    4d3a:	19 a6       	std	Y+41, r1	; 0x29
    4d3c:	1a a6       	std	Y+42, r1	; 0x2a
    4d3e:	1b a6       	std	Y+43, r1	; 0x2b
    4d40:	48 87       	std	Y+8, r20	; 0x08
    4d42:	29 87       	std	Y+9, r18	; 0x09
    4d44:	0a 87       	std	Y+10, r16	; 0x0a
    4d46:	eb 86       	std	Y+11, r14	; 0x0b
    4d48:	1e a6       	std	Y+46, r1	; 0x2e
    4d4a:	1c aa       	std	Y+52, r1	; 0x34
    4d4c:	1d aa       	std	Y+53, r1	; 0x35
    4d4e:	1e aa       	std	Y+54, r1	; 0x36
    4d50:	1f aa       	std	Y+55, r1	; 0x37
    4d52:	18 ae       	std	Y+56, r1	; 0x38
    4d54:	19 ae       	std	Y+57, r1	; 0x39
    4d56:	1a ae       	std	Y+58, r1	; 0x3a
    4d58:	1b ae       	std	Y+59, r1	; 0x3b
    4d5a:	1c ae       	std	Y+60, r1	; 0x3c
    4d5c:	1d ae       	std	Y+61, r1	; 0x3d
    4d5e:	1e ae       	std	Y+62, r1	; 0x3e
    4d60:	1f ae       	std	Y+63, r1	; 0x3f
    4d62:	fe 01       	movw	r30, r28
    4d64:	e0 5c       	subi	r30, 0xC0	; 192
    4d66:	ff 4f       	sbci	r31, 0xFF	; 255
    4d68:	80 83       	st	Z, r24
    4d6a:	91 83       	std	Z+1, r25	; 0x01
    4d6c:	a2 83       	std	Z+2, r26	; 0x02
    4d6e:	b3 83       	std	Z+3, r27	; 0x03
    4d70:	1a 82       	std	Y+2, r1	; 0x02
    4d72:	1c 86       	std	Y+12, r1	; 0x0c
    4d74:	1d 86       	std	Y+13, r1	; 0x0d
    4d76:	1e 86       	std	Y+14, r1	; 0x0e
    4d78:	1f 86       	std	Y+15, r1	; 0x0f
    4d7a:	cc 20       	and	r12, r12
    4d7c:	19 f0       	breq	.+6      	; 0x4d84 <AccelStepper::AccelStepper(unsigned char, unsigned char, unsigned char, unsigned char, unsigned char, bool)+0xae>
    4d7e:	ce 01       	movw	r24, r28
    4d80:	0e 94 61 24 	call	0x48c2	; 0x48c2 <AccelStepper::enableOutputs()>
_ZN12AccelStepper15setAccelerationEf():
    4d84:	40 e0       	ldi	r20, 0x00	; 0
    4d86:	50 e0       	ldi	r21, 0x00	; 0
    4d88:	60 e8       	ldi	r22, 0x80	; 128
    4d8a:	7f e3       	ldi	r23, 0x3F	; 63
    4d8c:	ce 01       	movw	r24, r28
    4d8e:	0e 94 95 24 	call	0x492a	; 0x492a <AccelStepper::setAcceleration(float) [clone .part.10]>
_ZN12AccelStepperC2Ehhhhhb():
    4d92:	40 e0       	ldi	r20, 0x00	; 0
    4d94:	50 e0       	ldi	r21, 0x00	; 0
    4d96:	60 e8       	ldi	r22, 0x80	; 128
    4d98:	7f e3       	ldi	r23, 0x3F	; 63
    4d9a:	ce 01       	movw	r24, r28
    4d9c:	df 91       	pop	r29
    4d9e:	cf 91       	pop	r28
    4da0:	0f 91       	pop	r16
    4da2:	ef 90       	pop	r14
    4da4:	cf 90       	pop	r12
    4da6:	0c 94 f5 25 	jmp	0x4bea	; 0x4bea <AccelStepper::setMaxSpeed(float)>

00004daa <AccelStepper::setAcceleration(float)>:
_ZN12AccelStepper15setAccelerationEf():
/Users/jacobmajors/Documents/Arduino/libraries/AccelStepper/src/AccelStepper.cpp:286

void AccelStepper::setAcceleration(float acceleration)
{
    4daa:	cf 92       	push	r12
    4dac:	df 92       	push	r13
    4dae:	ef 92       	push	r14
    4db0:	ff 92       	push	r15
    4db2:	cf 93       	push	r28
    4db4:	df 93       	push	r29
    4db6:	ec 01       	movw	r28, r24
    4db8:	6a 01       	movw	r12, r20
    4dba:	7b 01       	movw	r14, r22
/Users/jacobmajors/Documents/Arduino/libraries/AccelStepper/src/AccelStepper.cpp:287
    if (acceleration == 0.0)
    4dbc:	20 e0       	ldi	r18, 0x00	; 0
    4dbe:	30 e0       	ldi	r19, 0x00	; 0
    4dc0:	a9 01       	movw	r20, r18
    4dc2:	cb 01       	movw	r24, r22
    4dc4:	b6 01       	movw	r22, r12
    4dc6:	0e 94 70 33 	call	0x66e0	; 0x66e0 <__cmpsf2>
    4dca:	88 23       	and	r24, r24
    4dcc:	59 f0       	breq	.+22     	; 0x4de4 <AccelStepper::setAcceleration(float)+0x3a>
    4dce:	b7 01       	movw	r22, r14
    4dd0:	a6 01       	movw	r20, r12
    4dd2:	ce 01       	movw	r24, r28
/Users/jacobmajors/Documents/Arduino/libraries/AccelStepper/src/AccelStepper.cpp:300
	// New c0 per Equation 7, with correction per Equation 15
	_c0 = 0.676 * sqrt(2.0 / acceleration) * 1000000.0; // Equation 15
	_acceleration = acceleration;
	computeNewSpeed();
    }
}
    4dd4:	df 91       	pop	r29
    4dd6:	cf 91       	pop	r28
    4dd8:	ff 90       	pop	r15
    4dda:	ef 90       	pop	r14
    4ddc:	df 90       	pop	r13
    4dde:	cf 90       	pop	r12
    4de0:	0c 94 95 24 	jmp	0x492a	; 0x492a <AccelStepper::setAcceleration(float) [clone .part.10]>
    4de4:	df 91       	pop	r29
    4de6:	cf 91       	pop	r28
    4de8:	ff 90       	pop	r15
    4dea:	ef 90       	pop	r14
    4dec:	df 90       	pop	r13
    4dee:	cf 90       	pop	r12
    4df0:	08 95       	ret

00004df2 <handle_interrupts(timer16_Sequence_t, unsigned int volatile*, unsigned int volatile*)>:
_ZL17handle_interrupts18timer16_Sequence_tPVjS1_():
/Users/jacobmajors/Library/Arduino15/packages/MightyCore/hardware/avr/3.1.0/libraries/Servo/src/Servo.cpp:263
  servos[this->servoIndex].Pin.isActive = false;
  timer16_Sequence_t timer = SERVO_INDEX_TO_TIMER(servoIndex);
  if(isTimerActive(timer) == false) {
    finISR(timer);
  }
}
    4df2:	cf 92       	push	r12
    4df4:	df 92       	push	r13
    4df6:	ef 92       	push	r14
    4df8:	ff 92       	push	r15
    4dfa:	0f 93       	push	r16
    4dfc:	1f 93       	push	r17
    4dfe:	cf 93       	push	r28
    4e00:	df 93       	push	r29
    4e02:	6b 01       	movw	r12, r22
    4e04:	7a 01       	movw	r14, r20
    4e06:	ec 01       	movw	r28, r24
    4e08:	c9 5a       	subi	r28, 0xA9	; 169
    4e0a:	d6 4f       	sbci	r29, 0xF6	; 246
    4e0c:	28 81       	ld	r18, Y
    4e0e:	3c e0       	ldi	r19, 0x0C	; 12
    4e10:	38 9f       	mul	r19, r24
    4e12:	80 01       	movw	r16, r0
    4e14:	39 9f       	mul	r19, r25
    4e16:	10 0d       	add	r17, r0
    4e18:	11 24       	eor	r1, r1
    4e1a:	27 ff       	sbrs	r18, 7
    4e1c:	24 c0       	rjmp	.+72     	; 0x4e66 <handle_interrupts(timer16_Sequence_t, unsigned int volatile*, unsigned int volatile*)+0x74>
    4e1e:	fb 01       	movw	r30, r22
    4e20:	11 82       	std	Z+1, r1	; 0x01
    4e22:	10 82       	st	Z, r1
    4e24:	88 81       	ld	r24, Y
    4e26:	8f 5f       	subi	r24, 0xFF	; 255
    4e28:	88 83       	st	Y, r24
    4e2a:	88 81       	ld	r24, Y
    4e2c:	98 01       	movw	r18, r16
    4e2e:	28 0f       	add	r18, r24
    4e30:	31 1d       	adc	r19, r1
    4e32:	87 fd       	sbrc	r24, 7
    4e34:	3a 95       	dec	r19
    4e36:	c9 01       	movw	r24, r18
    4e38:	20 91 56 09 	lds	r18, 0x0956	; 0x800956 <ServoCount>
    4e3c:	f6 01       	movw	r30, r12
    4e3e:	28 17       	cp	r18, r24
    4e40:	19 06       	cpc	r1, r25
    4e42:	29 f0       	breq	.+10     	; 0x4e4e <handle_interrupts(timer16_Sequence_t, unsigned int volatile*, unsigned int volatile*)+0x5c>
    4e44:	24 f0       	brlt	.+8      	; 0x4e4e <handle_interrupts(timer16_Sequence_t, unsigned int volatile*, unsigned int volatile*)+0x5c>
    4e46:	88 81       	ld	r24, Y
    4e48:	8c 30       	cpi	r24, 0x0C	; 12
    4e4a:	0c f4       	brge	.+2      	; 0x4e4e <handle_interrupts(timer16_Sequence_t, unsigned int volatile*, unsigned int volatile*)+0x5c>
    4e4c:	3c c0       	rjmp	.+120    	; 0x4ec6 <handle_interrupts(timer16_Sequence_t, unsigned int volatile*, unsigned int volatile*)+0xd4>
    4e4e:	80 81       	ld	r24, Z
    4e50:	91 81       	ldd	r25, Z+1	; 0x01
    4e52:	04 96       	adiw	r24, 0x04	; 4
    4e54:	80 34       	cpi	r24, 0x40	; 64
    4e56:	9c 49       	sbci	r25, 0x9C	; 156
    4e58:	08 f4       	brcc	.+2      	; 0x4e5c <handle_interrupts(timer16_Sequence_t, unsigned int volatile*, unsigned int volatile*)+0x6a>
    4e5a:	75 c0       	rjmp	.+234    	; 0x4f46 <handle_interrupts(timer16_Sequence_t, unsigned int volatile*, unsigned int volatile*)+0x154>
    4e5c:	f6 01       	movw	r30, r12
    4e5e:	80 81       	ld	r24, Z
    4e60:	91 81       	ldd	r25, Z+1	; 0x01
    4e62:	04 96       	adiw	r24, 0x04	; 4
    4e64:	72 c0       	rjmp	.+228    	; 0x4f4a <handle_interrupts(timer16_Sequence_t, unsigned int volatile*, unsigned int volatile*)+0x158>
    4e66:	88 81       	ld	r24, Y
    4e68:	98 01       	movw	r18, r16
    4e6a:	28 0f       	add	r18, r24
    4e6c:	31 1d       	adc	r19, r1
    4e6e:	87 fd       	sbrc	r24, 7
    4e70:	3a 95       	dec	r19
    4e72:	c9 01       	movw	r24, r18
    4e74:	20 91 56 09 	lds	r18, 0x0956	; 0x800956 <ServoCount>
    4e78:	28 17       	cp	r18, r24
    4e7a:	19 06       	cpc	r1, r25
    4e7c:	99 f2       	breq	.-90     	; 0x4e24 <handle_interrupts(timer16_Sequence_t, unsigned int volatile*, unsigned int volatile*)+0x32>
    4e7e:	94 f2       	brlt	.-92     	; 0x4e24 <handle_interrupts(timer16_Sequence_t, unsigned int volatile*, unsigned int volatile*)+0x32>
    4e80:	88 81       	ld	r24, Y
    4e82:	a8 01       	movw	r20, r16
    4e84:	48 0f       	add	r20, r24
    4e86:	51 1d       	adc	r21, r1
    4e88:	87 fd       	sbrc	r24, 7
    4e8a:	5a 95       	dec	r21
    4e8c:	fa 01       	movw	r30, r20
    4e8e:	ee 0f       	add	r30, r30
    4e90:	ff 1f       	adc	r31, r31
    4e92:	e4 0f       	add	r30, r20
    4e94:	f5 1f       	adc	r31, r21
    4e96:	e7 5a       	subi	r30, 0xA7	; 167
    4e98:	f6 4f       	sbci	r31, 0xF6	; 246
    4e9a:	80 81       	ld	r24, Z
    4e9c:	86 ff       	sbrs	r24, 6
    4e9e:	c2 cf       	rjmp	.-124    	; 0x4e24 <handle_interrupts(timer16_Sequence_t, unsigned int volatile*, unsigned int volatile*)+0x32>
    4ea0:	88 81       	ld	r24, Y
    4ea2:	f8 01       	movw	r30, r16
    4ea4:	e8 0f       	add	r30, r24
    4ea6:	f1 1d       	adc	r31, r1
    4ea8:	87 fd       	sbrc	r24, 7
    4eaa:	fa 95       	dec	r31
    4eac:	cf 01       	movw	r24, r30
    4eae:	ee 0f       	add	r30, r30
    4eb0:	ff 1f       	adc	r31, r31
    4eb2:	e8 0f       	add	r30, r24
    4eb4:	f9 1f       	adc	r31, r25
    4eb6:	e7 5a       	subi	r30, 0xA7	; 167
    4eb8:	f6 4f       	sbci	r31, 0xF6	; 246
    4eba:	80 81       	ld	r24, Z
    4ebc:	60 e0       	ldi	r22, 0x00	; 0
    4ebe:	8f 73       	andi	r24, 0x3F	; 63
    4ec0:	0e 94 ac 32 	call	0x6558	; 0x6558 <digitalWrite>
    4ec4:	af cf       	rjmp	.-162    	; 0x4e24 <handle_interrupts(timer16_Sequence_t, unsigned int volatile*, unsigned int volatile*)+0x32>
    4ec6:	80 81       	ld	r24, Z
    4ec8:	91 81       	ldd	r25, Z+1	; 0x01
    4eca:	28 81       	ld	r18, Y
    4ecc:	a8 01       	movw	r20, r16
    4ece:	42 0f       	add	r20, r18
    4ed0:	51 1d       	adc	r21, r1
    4ed2:	27 fd       	sbrc	r18, 7
    4ed4:	5a 95       	dec	r21
    4ed6:	9a 01       	movw	r18, r20
    4ed8:	fa 01       	movw	r30, r20
    4eda:	ee 0f       	add	r30, r30
    4edc:	ff 1f       	adc	r31, r31
    4ede:	e2 0f       	add	r30, r18
    4ee0:	f3 1f       	adc	r31, r19
    4ee2:	e7 5a       	subi	r30, 0xA7	; 167
    4ee4:	f6 4f       	sbci	r31, 0xF6	; 246
    4ee6:	21 81       	ldd	r18, Z+1	; 0x01
    4ee8:	32 81       	ldd	r19, Z+2	; 0x02
    4eea:	82 0f       	add	r24, r18
    4eec:	93 1f       	adc	r25, r19
    4eee:	f7 01       	movw	r30, r14
    4ef0:	91 83       	std	Z+1, r25	; 0x01
    4ef2:	80 83       	st	Z, r24
    4ef4:	88 81       	ld	r24, Y
    4ef6:	98 01       	movw	r18, r16
    4ef8:	28 0f       	add	r18, r24
    4efa:	31 1d       	adc	r19, r1
    4efc:	87 fd       	sbrc	r24, 7
    4efe:	3a 95       	dec	r19
    4f00:	f9 01       	movw	r30, r18
    4f02:	ee 0f       	add	r30, r30
    4f04:	ff 1f       	adc	r31, r31
    4f06:	e2 0f       	add	r30, r18
    4f08:	f3 1f       	adc	r31, r19
    4f0a:	e7 5a       	subi	r30, 0xA7	; 167
    4f0c:	f6 4f       	sbci	r31, 0xF6	; 246
    4f0e:	80 81       	ld	r24, Z
    4f10:	86 ff       	sbrs	r24, 6
    4f12:	20 c0       	rjmp	.+64     	; 0x4f54 <handle_interrupts(timer16_Sequence_t, unsigned int volatile*, unsigned int volatile*)+0x162>
    4f14:	88 81       	ld	r24, Y
    4f16:	08 0f       	add	r16, r24
    4f18:	11 1d       	adc	r17, r1
    4f1a:	87 fd       	sbrc	r24, 7
    4f1c:	1a 95       	dec	r17
    4f1e:	f8 01       	movw	r30, r16
    4f20:	ee 0f       	add	r30, r30
    4f22:	ff 1f       	adc	r31, r31
    4f24:	e0 0f       	add	r30, r16
    4f26:	f1 1f       	adc	r31, r17
    4f28:	e7 5a       	subi	r30, 0xA7	; 167
    4f2a:	f6 4f       	sbci	r31, 0xF6	; 246
    4f2c:	80 81       	ld	r24, Z
    4f2e:	61 e0       	ldi	r22, 0x01	; 1
    4f30:	8f 73       	andi	r24, 0x3F	; 63
    4f32:	df 91       	pop	r29
    4f34:	cf 91       	pop	r28
    4f36:	1f 91       	pop	r17
    4f38:	0f 91       	pop	r16
    4f3a:	ff 90       	pop	r15
    4f3c:	ef 90       	pop	r14
    4f3e:	df 90       	pop	r13
    4f40:	cf 90       	pop	r12
    4f42:	0c 94 ac 32 	jmp	0x6558	; 0x6558 <digitalWrite>
    4f46:	80 e4       	ldi	r24, 0x40	; 64
    4f48:	9c e9       	ldi	r25, 0x9C	; 156
    4f4a:	f7 01       	movw	r30, r14
    4f4c:	91 83       	std	Z+1, r25	; 0x01
    4f4e:	80 83       	st	Z, r24
    4f50:	8f ef       	ldi	r24, 0xFF	; 255
    4f52:	88 83       	st	Y, r24
    4f54:	df 91       	pop	r29
    4f56:	cf 91       	pop	r28
    4f58:	1f 91       	pop	r17
    4f5a:	0f 91       	pop	r16
    4f5c:	ff 90       	pop	r15
    4f5e:	ef 90       	pop	r14
    4f60:	df 90       	pop	r13
    4f62:	cf 90       	pop	r12
    4f64:	08 95       	ret

00004f66 <__vector_13>:
__vector_13():
    4f66:	1f 92       	push	r1
    4f68:	0f 92       	push	r0
    4f6a:	0f b6       	in	r0, 0x3f	; 63
    4f6c:	0f 92       	push	r0
    4f6e:	11 24       	eor	r1, r1
    4f70:	0b b6       	in	r0, 0x3b	; 59
    4f72:	0f 92       	push	r0
    4f74:	2f 93       	push	r18
    4f76:	3f 93       	push	r19
    4f78:	4f 93       	push	r20
    4f7a:	5f 93       	push	r21
    4f7c:	6f 93       	push	r22
    4f7e:	7f 93       	push	r23
    4f80:	8f 93       	push	r24
    4f82:	9f 93       	push	r25
    4f84:	af 93       	push	r26
    4f86:	bf 93       	push	r27
    4f88:	ef 93       	push	r30
    4f8a:	ff 93       	push	r31
    4f8c:	48 e8       	ldi	r20, 0x88	; 136
    4f8e:	50 e0       	ldi	r21, 0x00	; 0
    4f90:	64 e8       	ldi	r22, 0x84	; 132
    4f92:	70 e0       	ldi	r23, 0x00	; 0
    4f94:	81 e0       	ldi	r24, 0x01	; 1
    4f96:	90 e0       	ldi	r25, 0x00	; 0
    4f98:	0e 94 f9 26 	call	0x4df2	; 0x4df2 <handle_interrupts(timer16_Sequence_t, unsigned int volatile*, unsigned int volatile*)>
    4f9c:	ff 91       	pop	r31
    4f9e:	ef 91       	pop	r30
    4fa0:	bf 91       	pop	r27
    4fa2:	af 91       	pop	r26
    4fa4:	9f 91       	pop	r25
    4fa6:	8f 91       	pop	r24
    4fa8:	7f 91       	pop	r23
    4faa:	6f 91       	pop	r22
    4fac:	5f 91       	pop	r21
    4fae:	4f 91       	pop	r20
    4fb0:	3f 91       	pop	r19
    4fb2:	2f 91       	pop	r18
    4fb4:	0f 90       	pop	r0
    4fb6:	0b be       	out	0x3b, r0	; 59
    4fb8:	0f 90       	pop	r0
    4fba:	0f be       	out	0x3f, r0	; 63
    4fbc:	0f 90       	pop	r0
    4fbe:	1f 90       	pop	r1
    4fc0:	18 95       	reti

00004fc2 <__vector_32>:
__vector_32():
    4fc2:	1f 92       	push	r1
    4fc4:	0f 92       	push	r0
    4fc6:	0f b6       	in	r0, 0x3f	; 63
    4fc8:	0f 92       	push	r0
    4fca:	11 24       	eor	r1, r1
    4fcc:	0b b6       	in	r0, 0x3b	; 59
    4fce:	0f 92       	push	r0
    4fd0:	2f 93       	push	r18
    4fd2:	3f 93       	push	r19
    4fd4:	4f 93       	push	r20
    4fd6:	5f 93       	push	r21
    4fd8:	6f 93       	push	r22
    4fda:	7f 93       	push	r23
    4fdc:	8f 93       	push	r24
    4fde:	9f 93       	push	r25
    4fe0:	af 93       	push	r26
    4fe2:	bf 93       	push	r27
    4fe4:	ef 93       	push	r30
    4fe6:	ff 93       	push	r31
    4fe8:	48 e9       	ldi	r20, 0x98	; 152
    4fea:	50 e0       	ldi	r21, 0x00	; 0
    4fec:	64 e9       	ldi	r22, 0x94	; 148
    4fee:	70 e0       	ldi	r23, 0x00	; 0
    4ff0:	90 e0       	ldi	r25, 0x00	; 0
    4ff2:	80 e0       	ldi	r24, 0x00	; 0
    4ff4:	0e 94 f9 26 	call	0x4df2	; 0x4df2 <handle_interrupts(timer16_Sequence_t, unsigned int volatile*, unsigned int volatile*)>
    4ff8:	ff 91       	pop	r31
    4ffa:	ef 91       	pop	r30
    4ffc:	bf 91       	pop	r27
    4ffe:	af 91       	pop	r26
    5000:	9f 91       	pop	r25
    5002:	8f 91       	pop	r24
    5004:	7f 91       	pop	r23
    5006:	6f 91       	pop	r22
    5008:	5f 91       	pop	r21
    500a:	4f 91       	pop	r20
    500c:	3f 91       	pop	r19
    500e:	2f 91       	pop	r18
    5010:	0f 90       	pop	r0
    5012:	0b be       	out	0x3b, r0	; 59
    5014:	0f 90       	pop	r0
    5016:	0f be       	out	0x3f, r0	; 63
    5018:	0f 90       	pop	r0
    501a:	1f 90       	pop	r1
    501c:	18 95       	reti

0000501e <Servo::Servo()>:
_ZN5ServoC2Ev():
    501e:	fc 01       	movw	r30, r24
    5020:	90 91 56 09 	lds	r25, 0x0956	; 0x800956 <ServoCount>
    5024:	98 31       	cpi	r25, 0x18	; 24
    5026:	98 f4       	brcc	.+38     	; 0x504e <Servo::Servo()+0x30>
    5028:	81 e0       	ldi	r24, 0x01	; 1
    502a:	89 0f       	add	r24, r25
    502c:	80 93 56 09 	sts	0x0956, r24	; 0x800956 <ServoCount>
    5030:	90 83       	st	Z, r25
    5032:	89 2f       	mov	r24, r25
    5034:	90 e0       	ldi	r25, 0x00	; 0
    5036:	fc 01       	movw	r30, r24
    5038:	ee 0f       	add	r30, r30
    503a:	ff 1f       	adc	r31, r31
    503c:	e8 0f       	add	r30, r24
    503e:	f9 1f       	adc	r31, r25
    5040:	e7 5a       	subi	r30, 0xA7	; 167
    5042:	f6 4f       	sbci	r31, 0xF6	; 246
    5044:	88 eb       	ldi	r24, 0xB8	; 184
    5046:	9b e0       	ldi	r25, 0x0B	; 11
    5048:	92 83       	std	Z+2, r25	; 0x02
    504a:	81 83       	std	Z+1, r24	; 0x01
    504c:	08 95       	ret
    504e:	8f ef       	ldi	r24, 0xFF	; 255
    5050:	80 83       	st	Z, r24
    5052:	08 95       	ret

00005054 <Servo::attach(int, int, int)>:
_ZN5Servo6attachEiii():
    5054:	df 92       	push	r13
    5056:	ef 92       	push	r14
    5058:	ff 92       	push	r15
    505a:	0f 93       	push	r16
    505c:	1f 93       	push	r17
    505e:	cf 93       	push	r28
    5060:	df 93       	push	r29
    5062:	ec 01       	movw	r28, r24
    5064:	d6 2e       	mov	r13, r22
    5066:	7a 01       	movw	r14, r20
    5068:	89 01       	movw	r16, r18
    506a:	88 81       	ld	r24, Y
    506c:	88 31       	cpi	r24, 0x18	; 24
    506e:	08 f0       	brcs	.+2      	; 0x5072 <Servo::attach(int, int, int)+0x1e>
    5070:	67 c0       	rjmp	.+206    	; 0x5140 <Servo::attach(int, int, int)+0xec>
    5072:	61 e0       	ldi	r22, 0x01	; 1
    5074:	8d 2d       	mov	r24, r13
    5076:	0e 94 70 32 	call	0x64e0	; 0x64e0 <pinMode>
    507a:	88 81       	ld	r24, Y
    507c:	28 2f       	mov	r18, r24
    507e:	30 e0       	ldi	r19, 0x00	; 0
    5080:	f9 01       	movw	r30, r18
    5082:	ee 0f       	add	r30, r30
    5084:	ff 1f       	adc	r31, r31
    5086:	e2 0f       	add	r30, r18
    5088:	f3 1f       	adc	r31, r19
    508a:	e7 5a       	subi	r30, 0xA7	; 167
    508c:	f6 4f       	sbci	r31, 0xF6	; 246
    508e:	9d 2d       	mov	r25, r13
    5090:	9f 73       	andi	r25, 0x3F	; 63
    5092:	60 81       	ld	r22, Z
    5094:	60 7c       	andi	r22, 0xC0	; 192
    5096:	69 2b       	or	r22, r25
    5098:	60 83       	st	Z, r22
    509a:	20 e2       	ldi	r18, 0x20	; 32
    509c:	32 e0       	ldi	r19, 0x02	; 2
    509e:	2e 19       	sub	r18, r14
    50a0:	3f 09       	sbc	r19, r15
    50a2:	37 ff       	sbrs	r19, 7
    50a4:	02 c0       	rjmp	.+4      	; 0x50aa <Servo::attach(int, int, int)+0x56>
    50a6:	2d 5f       	subi	r18, 0xFD	; 253
    50a8:	3f 4f       	sbci	r19, 0xFF	; 255
    50aa:	35 95       	asr	r19
    50ac:	27 95       	ror	r18
    50ae:	35 95       	asr	r19
    50b0:	27 95       	ror	r18
    50b2:	29 83       	std	Y+1, r18	; 0x01
    50b4:	20 e6       	ldi	r18, 0x60	; 96
    50b6:	39 e0       	ldi	r19, 0x09	; 9
    50b8:	20 1b       	sub	r18, r16
    50ba:	31 0b       	sbc	r19, r17
    50bc:	37 ff       	sbrs	r19, 7
    50be:	02 c0       	rjmp	.+4      	; 0x50c4 <Servo::attach(int, int, int)+0x70>
    50c0:	2d 5f       	subi	r18, 0xFD	; 253
    50c2:	3f 4f       	sbci	r19, 0xFF	; 255
    50c4:	35 95       	asr	r19
    50c6:	27 95       	ror	r18
    50c8:	35 95       	asr	r19
    50ca:	27 95       	ror	r18
    50cc:	2a 83       	std	Y+2, r18	; 0x02
    50ce:	2c e0       	ldi	r18, 0x0C	; 12
    50d0:	62 2f       	mov	r22, r18
    50d2:	0e 94 b1 35 	call	0x6b62	; 0x6b62 <__udivmodqi4>
isTimerActive():
    50d6:	82 9f       	mul	r24, r18
    50d8:	b0 01       	movw	r22, r0
    50da:	11 24       	eor	r1, r1
    50dc:	30 e0       	ldi	r19, 0x00	; 0
    50de:	20 e0       	ldi	r18, 0x00	; 0
    50e0:	ab 01       	movw	r20, r22
    50e2:	42 0f       	add	r20, r18
    50e4:	53 1f       	adc	r21, r19
    50e6:	fa 01       	movw	r30, r20
    50e8:	ee 0f       	add	r30, r30
    50ea:	ff 1f       	adc	r31, r31
    50ec:	e4 0f       	add	r30, r20
    50ee:	f5 1f       	adc	r31, r21
    50f0:	e7 5a       	subi	r30, 0xA7	; 167
    50f2:	f6 4f       	sbci	r31, 0xF6	; 246
    50f4:	90 81       	ld	r25, Z
    50f6:	96 fd       	sbrc	r25, 6
    50f8:	16 c0       	rjmp	.+44     	; 0x5126 <Servo::attach(int, int, int)+0xd2>
    50fa:	2f 5f       	subi	r18, 0xFF	; 255
    50fc:	3f 4f       	sbci	r19, 0xFF	; 255
    50fe:	2c 30       	cpi	r18, 0x0C	; 12
    5100:	31 05       	cpc	r19, r1
    5102:	71 f7       	brne	.-36     	; 0x50e0 <Servo::attach(int, int, int)+0x8c>
initISR():
    5104:	81 30       	cpi	r24, 0x01	; 1
    5106:	29 f5       	brne	.+74     	; 0x5152 <Servo::attach(int, int, int)+0xfe>
    5108:	10 92 80 00 	sts	0x0080, r1	; 0x800080 <__TEXT_REGION_LENGTH__+0x7e0080>
    510c:	82 e0       	ldi	r24, 0x02	; 2
    510e:	80 93 81 00 	sts	0x0081, r24	; 0x800081 <__TEXT_REGION_LENGTH__+0x7e0081>
    5112:	10 92 85 00 	sts	0x0085, r1	; 0x800085 <__TEXT_REGION_LENGTH__+0x7e0085>
    5116:	10 92 84 00 	sts	0x0084, r1	; 0x800084 <__TEXT_REGION_LENGTH__+0x7e0084>
    511a:	b1 9a       	sbi	0x16, 1	; 22
    511c:	80 91 6f 00 	lds	r24, 0x006F	; 0x80006f <__TEXT_REGION_LENGTH__+0x7e006f>
    5120:	82 60       	ori	r24, 0x02	; 2
    5122:	80 93 6f 00 	sts	0x006F, r24	; 0x80006f <__TEXT_REGION_LENGTH__+0x7e006f>
_ZN5Servo6attachEiii():
    5126:	e8 81       	ld	r30, Y
    5128:	8e 2f       	mov	r24, r30
    512a:	90 e0       	ldi	r25, 0x00	; 0
    512c:	fc 01       	movw	r30, r24
    512e:	ee 0f       	add	r30, r30
    5130:	ff 1f       	adc	r31, r31
    5132:	e8 0f       	add	r30, r24
    5134:	f9 1f       	adc	r31, r25
    5136:	e7 5a       	subi	r30, 0xA7	; 167
    5138:	f6 4f       	sbci	r31, 0xF6	; 246
    513a:	80 81       	ld	r24, Z
    513c:	80 64       	ori	r24, 0x40	; 64
    513e:	80 83       	st	Z, r24
    5140:	88 81       	ld	r24, Y
    5142:	df 91       	pop	r29
    5144:	cf 91       	pop	r28
    5146:	1f 91       	pop	r17
    5148:	0f 91       	pop	r16
    514a:	ff 90       	pop	r15
    514c:	ef 90       	pop	r14
    514e:	df 90       	pop	r13
    5150:	08 95       	ret
initISR():
    5152:	81 11       	cpse	r24, r1
    5154:	e8 cf       	rjmp	.-48     	; 0x5126 <Servo::attach(int, int, int)+0xd2>
    5156:	10 92 90 00 	sts	0x0090, r1	; 0x800090 <__TEXT_REGION_LENGTH__+0x7e0090>
    515a:	82 e0       	ldi	r24, 0x02	; 2
    515c:	80 93 91 00 	sts	0x0091, r24	; 0x800091 <__TEXT_REGION_LENGTH__+0x7e0091>
    5160:	10 92 95 00 	sts	0x0095, r1	; 0x800095 <__TEXT_REGION_LENGTH__+0x7e0095>
    5164:	10 92 94 00 	sts	0x0094, r1	; 0x800094 <__TEXT_REGION_LENGTH__+0x7e0094>
    5168:	88 bb       	out	0x18, r24	; 24
    516a:	80 93 71 00 	sts	0x0071, r24	; 0x800071 <__TEXT_REGION_LENGTH__+0x7e0071>
    516e:	db cf       	rjmp	.-74     	; 0x5126 <Servo::attach(int, int, int)+0xd2>

00005170 <Servo::attach(int)>:
_ZN5Servo6attachEi():
    5170:	20 e6       	ldi	r18, 0x60	; 96
    5172:	39 e0       	ldi	r19, 0x09	; 9
    5174:	40 e2       	ldi	r20, 0x20	; 32
    5176:	52 e0       	ldi	r21, 0x02	; 2
    5178:	0c 94 2a 28 	jmp	0x5054	; 0x5054 <Servo::attach(int, int, int)>

0000517c <Servo::writeMicroseconds(int)>:
_ZN5Servo17writeMicrosecondsEi():
/Users/jacobmajors/Library/Arduino15/packages/MightyCore/hardware/avr/3.1.0/libraries/Servo/src/Servo.cpp:277
  }
  this->writeMicroseconds(value);
}

void Servo::writeMicroseconds(int value)
{
    517c:	dc 01       	movw	r26, r24
/Users/jacobmajors/Library/Arduino15/packages/MightyCore/hardware/avr/3.1.0/libraries/Servo/src/Servo.cpp:279
  // calculate and store the values for the given channel
  byte channel = this->servoIndex;
    517e:	ec 91       	ld	r30, X
/Users/jacobmajors/Library/Arduino15/packages/MightyCore/hardware/avr/3.1.0/libraries/Servo/src/Servo.cpp:280
  if( (channel < MAX_SERVOS) )   // ensure channel is valid
    5180:	e8 31       	cpi	r30, 0x18	; 24
    5182:	90 f5       	brcc	.+100    	; 0x51e8 <Servo::writeMicroseconds(int)+0x6c>
/Users/jacobmajors/Library/Arduino15/packages/MightyCore/hardware/avr/3.1.0/libraries/Servo/src/Servo.cpp:282
  {
    if( value < SERVO_MIN() )          // ensure pulse width is valid
    5184:	11 96       	adiw	r26, 0x01	; 1
    5186:	8c 91       	ld	r24, X
    5188:	11 97       	sbiw	r26, 0x01	; 1
    518a:	28 e8       	ldi	r18, 0x88	; 136
    518c:	30 e0       	ldi	r19, 0x00	; 0
    518e:	28 1b       	sub	r18, r24
    5190:	31 09       	sbc	r19, r1
    5192:	87 fd       	sbrc	r24, 7
    5194:	33 95       	inc	r19
    5196:	22 0f       	add	r18, r18
    5198:	33 1f       	adc	r19, r19
    519a:	22 0f       	add	r18, r18
    519c:	33 1f       	adc	r19, r19
    519e:	62 17       	cp	r22, r18
    51a0:	73 07       	cpc	r23, r19
    51a2:	84 f0       	brlt	.+32     	; 0x51c4 <Servo::writeMicroseconds(int)+0x48>
/Users/jacobmajors/Library/Arduino15/packages/MightyCore/hardware/avr/3.1.0/libraries/Servo/src/Servo.cpp:284
      value = SERVO_MIN();
    else if( value > SERVO_MAX() )
    51a4:	12 96       	adiw	r26, 0x02	; 2
    51a6:	8c 91       	ld	r24, X
    51a8:	28 e5       	ldi	r18, 0x58	; 88
    51aa:	32 e0       	ldi	r19, 0x02	; 2
    51ac:	28 1b       	sub	r18, r24
    51ae:	31 09       	sbc	r19, r1
    51b0:	87 fd       	sbrc	r24, 7
    51b2:	33 95       	inc	r19
    51b4:	22 0f       	add	r18, r18
    51b6:	33 1f       	adc	r19, r19
    51b8:	22 0f       	add	r18, r18
    51ba:	33 1f       	adc	r19, r19
    51bc:	62 17       	cp	r22, r18
    51be:	73 07       	cpc	r23, r19
    51c0:	0c f4       	brge	.+2      	; 0x51c4 <Servo::writeMicroseconds(int)+0x48>
    51c2:	9b 01       	movw	r18, r22
/Users/jacobmajors/Library/Arduino15/packages/MightyCore/hardware/avr/3.1.0/libraries/Servo/src/Servo.cpp:287
      value = SERVO_MAX();

    value = value - TRIM_DURATION;
    51c4:	22 50       	subi	r18, 0x02	; 2
    51c6:	31 09       	sbc	r19, r1
/Users/jacobmajors/Library/Arduino15/packages/MightyCore/hardware/avr/3.1.0/libraries/Servo/src/Servo.cpp:288
    value = usToTicks(value);  // convert to ticks after compensating for interrupt overhead - 12 Aug 2009
    51c8:	22 0f       	add	r18, r18
    51ca:	33 1f       	adc	r19, r19
/Users/jacobmajors/Library/Arduino15/packages/MightyCore/hardware/avr/3.1.0/libraries/Servo/src/Servo.cpp:290

    uint8_t oldSREG = SREG;
    51cc:	4f b7       	in	r20, 0x3f	; 63
/Users/jacobmajors/Library/Arduino15/packages/MightyCore/hardware/avr/3.1.0/libraries/Servo/src/Servo.cpp:291
    cli();
    51ce:	f8 94       	cli
/Users/jacobmajors/Library/Arduino15/packages/MightyCore/hardware/avr/3.1.0/libraries/Servo/src/Servo.cpp:292
    servos[channel].ticks = value;
    51d0:	8e 2f       	mov	r24, r30
    51d2:	90 e0       	ldi	r25, 0x00	; 0
    51d4:	fc 01       	movw	r30, r24
    51d6:	ee 0f       	add	r30, r30
    51d8:	ff 1f       	adc	r31, r31
    51da:	e8 0f       	add	r30, r24
    51dc:	f9 1f       	adc	r31, r25
    51de:	e7 5a       	subi	r30, 0xA7	; 167
    51e0:	f6 4f       	sbci	r31, 0xF6	; 246
    51e2:	32 83       	std	Z+2, r19	; 0x02
    51e4:	21 83       	std	Z+1, r18	; 0x01
/Users/jacobmajors/Library/Arduino15/packages/MightyCore/hardware/avr/3.1.0/libraries/Servo/src/Servo.cpp:293
    SREG = oldSREG;
    51e6:	4f bf       	out	0x3f, r20	; 63
/Users/jacobmajors/Library/Arduino15/packages/MightyCore/hardware/avr/3.1.0/libraries/Servo/src/Servo.cpp:295
  }
}
    51e8:	08 95       	ret

000051ea <Servo::write(int)>:
_ZN5Servo5writeEi():
/Users/jacobmajors/Library/Arduino15/packages/MightyCore/hardware/avr/3.1.0/libraries/Servo/src/Servo.cpp:266
    finISR(timer);
  }
}

void Servo::write(int value)
{
    51ea:	af 92       	push	r10
    51ec:	bf 92       	push	r11
    51ee:	cf 92       	push	r12
    51f0:	df 92       	push	r13
    51f2:	ef 92       	push	r14
    51f4:	ff 92       	push	r15
    51f6:	0f 93       	push	r16
    51f8:	1f 93       	push	r17
    51fa:	cf 93       	push	r28
    51fc:	df 93       	push	r29
    51fe:	ec 01       	movw	r28, r24
/Users/jacobmajors/Library/Arduino15/packages/MightyCore/hardware/avr/3.1.0/libraries/Servo/src/Servo.cpp:267
  if(value < MIN_PULSE_WIDTH)
    5200:	60 32       	cpi	r22, 0x20	; 32
    5202:	82 e0       	ldi	r24, 0x02	; 2
    5204:	78 07       	cpc	r23, r24
    5206:	0c f0       	brlt	.+2      	; 0x520a <Servo::write(int)+0x20>
    5208:	3e c0       	rjmp	.+124    	; 0x5286 <Servo::write(int)+0x9c>
    520a:	65 3b       	cpi	r22, 0xB5	; 181
    520c:	71 05       	cpc	r23, r1
    520e:	14 f0       	brlt	.+4      	; 0x5214 <Servo::write(int)+0x2a>
    5210:	64 eb       	ldi	r22, 0xB4	; 180
    5212:	70 e0       	ldi	r23, 0x00	; 0
/Users/jacobmajors/Library/Arduino15/packages/MightyCore/hardware/avr/3.1.0/libraries/Servo/src/Servo.cpp:271
  {  // treat values less than 544 as angles in degrees (valid values in microseconds are handled as microseconds)
    if(value < 0) value = 0;
    if(value > 180) value = 180;
    value = map(value, 0, 180, SERVO_MIN(),  SERVO_MAX());
    5214:	89 81       	ldd	r24, Y+1	; 0x01
    5216:	48 e8       	ldi	r20, 0x88	; 136
    5218:	a4 2e       	mov	r10, r20
    521a:	b1 2c       	mov	r11, r1
    521c:	a8 1a       	sub	r10, r24
    521e:	b1 08       	sbc	r11, r1
    5220:	87 fd       	sbrc	r24, 7
    5222:	b3 94       	inc	r11
    5224:	aa 0c       	add	r10, r10
    5226:	bb 1c       	adc	r11, r11
    5228:	aa 0c       	add	r10, r10
    522a:	bb 1c       	adc	r11, r11
    522c:	0b 2c       	mov	r0, r11
    522e:	00 0c       	add	r0, r0
    5230:	cc 08       	sbc	r12, r12
    5232:	dd 08       	sbc	r13, r13
    5234:	77 ff       	sbrs	r23, 7
    5236:	02 c0       	rjmp	.+4      	; 0x523c <Servo::write(int)+0x52>
    5238:	70 e0       	ldi	r23, 0x00	; 0
    523a:	60 e0       	ldi	r22, 0x00	; 0
    523c:	07 2e       	mov	r0, r23
    523e:	00 0c       	add	r0, r0
    5240:	88 0b       	sbc	r24, r24
    5242:	99 0b       	sbc	r25, r25
    5244:	2a 81       	ldd	r18, Y+2	; 0x02
    5246:	08 e5       	ldi	r16, 0x58	; 88
    5248:	12 e0       	ldi	r17, 0x02	; 2
    524a:	02 1b       	sub	r16, r18
    524c:	11 09       	sbc	r17, r1
    524e:	27 fd       	sbrc	r18, 7
    5250:	13 95       	inc	r17
    5252:	00 0f       	add	r16, r16
    5254:	11 1f       	adc	r17, r17
    5256:	00 0f       	add	r16, r16
    5258:	11 1f       	adc	r17, r17
    525a:	01 2e       	mov	r0, r17
    525c:	00 0c       	add	r0, r0
    525e:	22 0b       	sbc	r18, r18
    5260:	33 0b       	sbc	r19, r19
    5262:	3f 93       	push	r19
    5264:	2f 93       	push	r18
    5266:	1f 93       	push	r17
    5268:	0f 93       	push	r16
    526a:	14 eb       	ldi	r17, 0xB4	; 180
    526c:	e1 2e       	mov	r14, r17
    526e:	f1 2c       	mov	r15, r1
    5270:	00 e0       	ldi	r16, 0x00	; 0
    5272:	10 e0       	ldi	r17, 0x00	; 0
    5274:	20 e0       	ldi	r18, 0x00	; 0
    5276:	30 e0       	ldi	r19, 0x00	; 0
    5278:	a9 01       	movw	r20, r18
    527a:	0e 94 f1 30 	call	0x61e2	; 0x61e2 <map(long, long, long, long, long)>
    527e:	0f 90       	pop	r0
    5280:	0f 90       	pop	r0
    5282:	0f 90       	pop	r0
    5284:	0f 90       	pop	r0
/Users/jacobmajors/Library/Arduino15/packages/MightyCore/hardware/avr/3.1.0/libraries/Servo/src/Servo.cpp:273
  }
  this->writeMicroseconds(value);
    5286:	ce 01       	movw	r24, r28
/Users/jacobmajors/Library/Arduino15/packages/MightyCore/hardware/avr/3.1.0/libraries/Servo/src/Servo.cpp:274
}
    5288:	df 91       	pop	r29
    528a:	cf 91       	pop	r28
    528c:	1f 91       	pop	r17
    528e:	0f 91       	pop	r16
    5290:	ff 90       	pop	r15
    5292:	ef 90       	pop	r14
    5294:	df 90       	pop	r13
    5296:	cf 90       	pop	r12
    5298:	bf 90       	pop	r11
    529a:	af 90       	pop	r10
/Users/jacobmajors/Library/Arduino15/packages/MightyCore/hardware/avr/3.1.0/libraries/Servo/src/Servo.cpp:273
  {  // treat values less than 544 as angles in degrees (valid values in microseconds are handled as microseconds)
    if(value < 0) value = 0;
    if(value > 180) value = 180;
    value = map(value, 0, 180, SERVO_MIN(),  SERVO_MAX());
  }
  this->writeMicroseconds(value);
    529c:	0c 94 be 28 	jmp	0x517c	; 0x517c <Servo::writeMicroseconds(int)>

000052a0 <TwoWire::available()>:
_ZN7TwoWire9availableEv():
/Users/jacobmajors/Library/Arduino15/packages/MightyCore/hardware/avr/3.1.0/libraries/Wire/src/Wire.cpp:378

// sets function called on slave read
void TwoWire::onRequest( void (*function)(void) )
{
  user_onRequest = function;
}
    52a0:	80 91 d0 09 	lds	r24, 0x09D0	; 0x8009d0 <TwoWire::rxBufferLength>
    52a4:	90 91 d1 09 	lds	r25, 0x09D1	; 0x8009d1 <TwoWire::rxBufferIndex>
    52a8:	89 1b       	sub	r24, r25
    52aa:	99 0b       	sbc	r25, r25
    52ac:	08 95       	ret

000052ae <TwoWire::read()>:
_ZN7TwoWire4readEv():
    52ae:	90 91 d1 09 	lds	r25, 0x09D1	; 0x8009d1 <TwoWire::rxBufferIndex>
    52b2:	80 91 d0 09 	lds	r24, 0x09D0	; 0x8009d0 <TwoWire::rxBufferLength>
    52b6:	2f ef       	ldi	r18, 0xFF	; 255
    52b8:	3f ef       	ldi	r19, 0xFF	; 255
    52ba:	98 17       	cp	r25, r24
    52bc:	48 f4       	brcc	.+18     	; 0x52d0 <TwoWire::read()+0x22>
    52be:	e9 2f       	mov	r30, r25
    52c0:	f0 e0       	ldi	r31, 0x00	; 0
    52c2:	ee 52       	subi	r30, 0x2E	; 46
    52c4:	f6 4f       	sbci	r31, 0xF6	; 246
    52c6:	20 81       	ld	r18, Z
    52c8:	30 e0       	ldi	r19, 0x00	; 0
    52ca:	9f 5f       	subi	r25, 0xFF	; 255
    52cc:	90 93 d1 09 	sts	0x09D1, r25	; 0x8009d1 <TwoWire::rxBufferIndex>
    52d0:	c9 01       	movw	r24, r18
    52d2:	08 95       	ret

000052d4 <TwoWire::peek()>:
_ZN7TwoWire4peekEv():
    52d4:	e0 91 d1 09 	lds	r30, 0x09D1	; 0x8009d1 <TwoWire::rxBufferIndex>
    52d8:	80 91 d0 09 	lds	r24, 0x09D0	; 0x8009d0 <TwoWire::rxBufferLength>
    52dc:	e8 17       	cp	r30, r24
    52de:	30 f4       	brcc	.+12     	; 0x52ec <TwoWire::peek()+0x18>
    52e0:	f0 e0       	ldi	r31, 0x00	; 0
    52e2:	ee 52       	subi	r30, 0x2E	; 46
    52e4:	f6 4f       	sbci	r31, 0xF6	; 246
    52e6:	80 81       	ld	r24, Z
    52e8:	90 e0       	ldi	r25, 0x00	; 0
    52ea:	08 95       	ret
    52ec:	8f ef       	ldi	r24, 0xFF	; 255
    52ee:	9f ef       	ldi	r25, 0xFF	; 255
    52f0:	08 95       	ret

000052f2 <TwoWire::flush()>:
_ZN7TwoWire5flushEv():
    52f2:	08 95       	ret

000052f4 <TwoWire::write(unsigned char)>:
_ZN7TwoWire5writeEh():
    52f4:	cf 93       	push	r28
    52f6:	df 93       	push	r29
    52f8:	1f 92       	push	r1
    52fa:	cd b7       	in	r28, 0x3d	; 61
    52fc:	de b7       	in	r29, 0x3e	; 62
    52fe:	69 83       	std	Y+1, r22	; 0x01
    5300:	20 91 ad 09 	lds	r18, 0x09AD	; 0x8009ad <TwoWire::transmitting>
    5304:	22 23       	and	r18, r18
    5306:	f9 f0       	breq	.+62     	; 0x5346 <TwoWire::write(unsigned char)+0x52>
    5308:	20 91 ae 09 	lds	r18, 0x09AE	; 0x8009ae <TwoWire::txBufferLength>
    530c:	20 32       	cpi	r18, 0x20	; 32
    530e:	58 f0       	brcs	.+22     	; 0x5326 <TwoWire::write(unsigned char)+0x32>
_ZN5Print13setWriteErrorEi():
    5310:	21 e0       	ldi	r18, 0x01	; 1
    5312:	30 e0       	ldi	r19, 0x00	; 0
    5314:	fc 01       	movw	r30, r24
    5316:	33 83       	std	Z+3, r19	; 0x03
    5318:	22 83       	std	Z+2, r18	; 0x02
_ZN7TwoWire5writeEh():
    531a:	90 e0       	ldi	r25, 0x00	; 0
    531c:	80 e0       	ldi	r24, 0x00	; 0
    531e:	0f 90       	pop	r0
    5320:	df 91       	pop	r29
    5322:	cf 91       	pop	r28
    5324:	08 95       	ret
    5326:	80 91 af 09 	lds	r24, 0x09AF	; 0x8009af <TwoWire::txBufferIndex>
    532a:	e8 2f       	mov	r30, r24
    532c:	f0 e0       	ldi	r31, 0x00	; 0
    532e:	e0 55       	subi	r30, 0x50	; 80
    5330:	f6 4f       	sbci	r31, 0xF6	; 246
    5332:	99 81       	ldd	r25, Y+1	; 0x01
    5334:	90 83       	st	Z, r25
    5336:	8f 5f       	subi	r24, 0xFF	; 255
    5338:	80 93 af 09 	sts	0x09AF, r24	; 0x8009af <TwoWire::txBufferIndex>
    533c:	80 93 ae 09 	sts	0x09AE, r24	; 0x8009ae <TwoWire::txBufferLength>
    5340:	81 e0       	ldi	r24, 0x01	; 1
    5342:	90 e0       	ldi	r25, 0x00	; 0
    5344:	ec cf       	rjmp	.-40     	; 0x531e <TwoWire::write(unsigned char)+0x2a>
    5346:	61 e0       	ldi	r22, 0x01	; 1
    5348:	ce 01       	movw	r24, r28
    534a:	01 96       	adiw	r24, 0x01	; 1
    534c:	0e 94 e7 29 	call	0x53ce	; 0x53ce <twi_transmit>
    5350:	f7 cf       	rjmp	.-18     	; 0x5340 <TwoWire::write(unsigned char)+0x4c>

00005352 <TwoWire::write(unsigned char const*, unsigned int)>:
_ZN7TwoWire5writeEPKhj():
    5352:	cf 92       	push	r12
    5354:	df 92       	push	r13
    5356:	ef 92       	push	r14
    5358:	ff 92       	push	r15
    535a:	0f 93       	push	r16
    535c:	1f 93       	push	r17
    535e:	cf 93       	push	r28
    5360:	df 93       	push	r29
    5362:	7c 01       	movw	r14, r24
    5364:	cb 01       	movw	r24, r22
    5366:	8a 01       	movw	r16, r20
    5368:	20 91 ad 09 	lds	r18, 0x09AD	; 0x8009ad <TwoWire::transmitting>
    536c:	22 23       	and	r18, r18
    536e:	89 f0       	breq	.+34     	; 0x5392 <TwoWire::write(unsigned char const*, unsigned int)+0x40>
    5370:	eb 01       	movw	r28, r22
    5372:	6b 01       	movw	r12, r22
    5374:	c4 0e       	add	r12, r20
    5376:	d5 1e       	adc	r13, r21
    5378:	cc 15       	cp	r28, r12
    537a:	dd 05       	cpc	r29, r13
    537c:	69 f0       	breq	.+26     	; 0x5398 <TwoWire::write(unsigned char const*, unsigned int)+0x46>
    537e:	69 91       	ld	r22, Y+
    5380:	d7 01       	movw	r26, r14
    5382:	ed 91       	ld	r30, X+
    5384:	fc 91       	ld	r31, X
    5386:	01 90       	ld	r0, Z+
    5388:	f0 81       	ld	r31, Z
    538a:	e0 2d       	mov	r30, r0
    538c:	c7 01       	movw	r24, r14
    538e:	09 95       	icall
    5390:	f3 cf       	rjmp	.-26     	; 0x5378 <TwoWire::write(unsigned char const*, unsigned int)+0x26>
    5392:	64 2f       	mov	r22, r20
    5394:	0e 94 e7 29 	call	0x53ce	; 0x53ce <twi_transmit>
    5398:	c8 01       	movw	r24, r16
    539a:	df 91       	pop	r29
    539c:	cf 91       	pop	r28
    539e:	1f 91       	pop	r17
    53a0:	0f 91       	pop	r16
    53a2:	ff 90       	pop	r15
    53a4:	ef 90       	pop	r14
    53a6:	df 90       	pop	r13
    53a8:	cf 90       	pop	r12
    53aa:	08 95       	ret

000053ac <_GLOBAL__sub_I__ZN7TwoWire8rxBufferE>:
_ZN5PrintC4Ev():
/Users/jacobmajors/Library/Arduino15/packages/MightyCore/hardware/avr/3.1.0/cores/MCUdude_corefiles/Print.h:46
    53ac:	e1 ea       	ldi	r30, 0xA1	; 161
    53ae:	f9 e0       	ldi	r31, 0x09	; 9
    53b0:	13 82       	std	Z+3, r1	; 0x03
    53b2:	12 82       	std	Z+2, r1	; 0x02
_ZN6StreamC4Ev():
/Users/jacobmajors/Library/Arduino15/packages/MightyCore/hardware/avr/3.1.0/cores/MCUdude_corefiles/Stream.h:63
  public:
    virtual int available() = 0;
    virtual int read() = 0;
    virtual int peek() = 0;

    Stream() {_timeout=1000;}
    53b4:	88 ee       	ldi	r24, 0xE8	; 232
    53b6:	93 e0       	ldi	r25, 0x03	; 3
    53b8:	a0 e0       	ldi	r26, 0x00	; 0
    53ba:	b0 e0       	ldi	r27, 0x00	; 0
    53bc:	84 83       	std	Z+4, r24	; 0x04
    53be:	95 83       	std	Z+5, r25	; 0x05
    53c0:	a6 83       	std	Z+6, r26	; 0x06
    53c2:	b7 83       	std	Z+7, r27	; 0x07
_ZN7TwoWireC4Ev():
/Users/jacobmajors/Library/Arduino15/packages/MightyCore/hardware/avr/3.1.0/libraries/Wire/src/Wire.cpp:53
void (*TwoWire::user_onRequest)(void);
void (*TwoWire::user_onReceive)(int);

// Constructors ////////////////////////////////////////////////////////////////

TwoWire::TwoWire()
    53c4:	85 e7       	ldi	r24, 0x75	; 117
    53c6:	93 e0       	ldi	r25, 0x03	; 3
    53c8:	91 83       	std	Z+1, r25	; 0x01
    53ca:	80 83       	st	Z, r24
_GLOBAL__sub_I__ZN7TwoWire8rxBufferE():
/Users/jacobmajors/Library/Arduino15/packages/MightyCore/hardware/avr/3.1.0/libraries/Wire/src/Wire.cpp:382
  user_onRequest = function;
}

// Preinstantiate Objects //////////////////////////////////////////////////////

TwoWire Wire = TwoWire();
    53cc:	08 95       	ret

000053ce <twi_transmit>:
twi_transmit():
/Users/jacobmajors/Library/Arduino15/packages/MightyCore/hardware/avr/3.1.0/libraries/Wire/src/utility/twi.c:531
  bool flag = twi_timed_out_flag;
  if (clear_flag){
    twi_timed_out_flag = false;
  }
  return(flag);
}
    53ce:	20 91 14 0a 	lds	r18, 0x0A14	; 0x800a14 <twi_txBufferLength>
    53d2:	26 0f       	add	r18, r22
    53d4:	33 27       	eor	r19, r19
    53d6:	33 1f       	adc	r19, r19
    53d8:	21 32       	cpi	r18, 0x21	; 33
    53da:	31 05       	cpc	r19, r1
    53dc:	ec f4       	brge	.+58     	; 0x5418 <twi_transmit+0x4a>
    53de:	20 91 41 0a 	lds	r18, 0x0A41	; 0x800a41 <twi_state>
    53e2:	fc 01       	movw	r30, r24
    53e4:	90 e0       	ldi	r25, 0x00	; 0
    53e6:	80 e0       	ldi	r24, 0x00	; 0
    53e8:	24 30       	cpi	r18, 0x04	; 4
    53ea:	69 f0       	breq	.+26     	; 0x5406 <twi_transmit+0x38>
    53ec:	82 e0       	ldi	r24, 0x02	; 2
    53ee:	08 95       	ret
    53f0:	a0 91 14 0a 	lds	r26, 0x0A14	; 0x800a14 <twi_txBufferLength>
    53f4:	21 91       	ld	r18, Z+
    53f6:	ac 01       	movw	r20, r24
    53f8:	4a 5e       	subi	r20, 0xEA	; 234
    53fa:	55 4f       	sbci	r21, 0xF5	; 245
    53fc:	a4 0f       	add	r26, r20
    53fe:	b5 2f       	mov	r27, r21
    5400:	b1 1d       	adc	r27, r1
    5402:	2c 93       	st	X, r18
    5404:	01 96       	adiw	r24, 0x01	; 1
    5406:	86 17       	cp	r24, r22
    5408:	98 f3       	brcs	.-26     	; 0x53f0 <twi_transmit+0x22>
    540a:	80 91 14 0a 	lds	r24, 0x0A14	; 0x800a14 <twi_txBufferLength>
    540e:	68 0f       	add	r22, r24
    5410:	60 93 14 0a 	sts	0x0A14, r22	; 0x800a14 <twi_txBufferLength>
    5414:	80 e0       	ldi	r24, 0x00	; 0
    5416:	08 95       	ret
    5418:	81 e0       	ldi	r24, 0x01	; 1
    541a:	08 95       	ret

0000541c <twi_stop>:
twi_stop():
    541c:	85 ed       	ldi	r24, 0xD5	; 213
    541e:	80 93 bc 00 	sts	0x00BC, r24	; 0x8000bc <__TEXT_REGION_LENGTH__+0x7e00bc>
    5422:	80 91 bc 00 	lds	r24, 0x00BC	; 0x8000bc <__TEXT_REGION_LENGTH__+0x7e00bc>
    5426:	84 fd       	sbrc	r24, 4
    5428:	fc cf       	rjmp	.-8      	; 0x5422 <twi_stop+0x6>
    542a:	10 92 41 0a 	sts	0x0A41, r1	; 0x800a41 <twi_state>
    542e:	08 95       	ret

00005430 <twi_releaseBus>:
twi_releaseBus():
    5430:	85 ec       	ldi	r24, 0xC5	; 197
    5432:	80 93 bc 00 	sts	0x00BC, r24	; 0x8000bc <__TEXT_REGION_LENGTH__+0x7e00bc>
    5436:	10 92 41 0a 	sts	0x0A41, r1	; 0x800a41 <twi_state>
    543a:	08 95       	ret

0000543c <__vector_26>:
__vector_26():
/Users/jacobmajors/Library/Arduino15/packages/MightyCore/hardware/avr/3.1.0/libraries/Wire/src/utility/twi.c:534

ISR(TWI_vect)
{
    543c:	1f 92       	push	r1
    543e:	0f 92       	push	r0
    5440:	0f b6       	in	r0, 0x3f	; 63
    5442:	0f 92       	push	r0
    5444:	11 24       	eor	r1, r1
    5446:	0b b6       	in	r0, 0x3b	; 59
    5448:	0f 92       	push	r0
    544a:	2f 93       	push	r18
    544c:	3f 93       	push	r19
    544e:	4f 93       	push	r20
    5450:	5f 93       	push	r21
    5452:	6f 93       	push	r22
    5454:	7f 93       	push	r23
    5456:	8f 93       	push	r24
    5458:	9f 93       	push	r25
    545a:	af 93       	push	r26
    545c:	bf 93       	push	r27
    545e:	ef 93       	push	r30
    5460:	ff 93       	push	r31
/Users/jacobmajors/Library/Arduino15/packages/MightyCore/hardware/avr/3.1.0/libraries/Wire/src/utility/twi.c:535
  switch(TW_STATUS){
    5462:	80 91 b9 00 	lds	r24, 0x00B9	; 0x8000b9 <__TEXT_REGION_LENGTH__+0x7e00b9>
    5466:	88 7f       	andi	r24, 0xF8	; 248
    5468:	80 36       	cpi	r24, 0x60	; 96
    546a:	09 f4       	brne	.+2      	; 0x546e <__vector_26+0x32>
    546c:	4e c0       	rjmp	.+156    	; 0x550a <__vector_26+0xce>
    546e:	08 f0       	brcs	.+2      	; 0x5472 <__vector_26+0x36>
    5470:	41 c0       	rjmp	.+130    	; 0x54f4 <__vector_26+0xb8>
    5472:	88 32       	cpi	r24, 0x28	; 40
    5474:	09 f4       	brne	.+2      	; 0x5478 <__vector_26+0x3c>
    5476:	aa c0       	rjmp	.+340    	; 0x55cc <__vector_26+0x190>
    5478:	28 f5       	brcc	.+74     	; 0x54c4 <__vector_26+0x88>
    547a:	80 31       	cpi	r24, 0x10	; 16
    547c:	09 f4       	brne	.+2      	; 0x5480 <__vector_26+0x44>
    547e:	9e c0       	rjmp	.+316    	; 0x55bc <__vector_26+0x180>
    5480:	c8 f4       	brcc	.+50     	; 0x54b4 <__vector_26+0x78>
    5482:	88 23       	and	r24, r24
    5484:	09 f4       	brne	.+2      	; 0x5488 <__vector_26+0x4c>
    5486:	07 c1       	rjmp	.+526    	; 0x5696 <__vector_26+0x25a>
    5488:	88 30       	cpi	r24, 0x08	; 8
    548a:	09 f4       	brne	.+2      	; 0x548e <__vector_26+0x52>
    548c:	97 c0       	rjmp	.+302    	; 0x55bc <__vector_26+0x180>
/Users/jacobmajors/Library/Arduino15/packages/MightyCore/hardware/avr/3.1.0/libraries/Wire/src/utility/twi.c:696
    case TW_BUS_ERROR: // bus error, illegal stop/start
      twi_error = TW_BUS_ERROR;
      twi_stop();
      break;
  }
}
    548e:	ff 91       	pop	r31
    5490:	ef 91       	pop	r30
    5492:	bf 91       	pop	r27
    5494:	af 91       	pop	r26
    5496:	9f 91       	pop	r25
    5498:	8f 91       	pop	r24
    549a:	7f 91       	pop	r23
    549c:	6f 91       	pop	r22
    549e:	5f 91       	pop	r21
    54a0:	4f 91       	pop	r20
    54a2:	3f 91       	pop	r19
    54a4:	2f 91       	pop	r18
    54a6:	0f 90       	pop	r0
    54a8:	0b be       	out	0x3b, r0	; 59
    54aa:	0f 90       	pop	r0
    54ac:	0f be       	out	0x3f, r0	; 63
    54ae:	0f 90       	pop	r0
    54b0:	1f 90       	pop	r1
    54b2:	18 95       	reti
/Users/jacobmajors/Library/Arduino15/packages/MightyCore/hardware/avr/3.1.0/libraries/Wire/src/utility/twi.c:535
  return(flag);
}

ISR(TWI_vect)
{
  switch(TW_STATUS){
    54b4:	88 31       	cpi	r24, 0x18	; 24
    54b6:	09 f4       	brne	.+2      	; 0x54ba <__vector_26+0x7e>
    54b8:	89 c0       	rjmp	.+274    	; 0x55cc <__vector_26+0x190>
    54ba:	80 32       	cpi	r24, 0x20	; 32
    54bc:	41 f7       	brne	.-48     	; 0x548e <__vector_26+0x52>
/Users/jacobmajors/Library/Arduino15/packages/MightyCore/hardware/avr/3.1.0/libraries/Wire/src/utility/twi.c:570
    case TW_MT_SLA_NACK:  // address sent, nack received
      twi_error = TW_MT_SLA_NACK;
      twi_stop();
      break;
    case TW_MT_DATA_NACK: // data sent, nack received
      twi_error = TW_MT_DATA_NACK;
    54be:	80 93 f2 09 	sts	0x09F2, r24	; 0x8009f2 <twi_error>
    54c2:	15 c0       	rjmp	.+42     	; 0x54ee <__vector_26+0xb2>
/Users/jacobmajors/Library/Arduino15/packages/MightyCore/hardware/avr/3.1.0/libraries/Wire/src/utility/twi.c:535
  return(flag);
}

ISR(TWI_vect)
{
  switch(TW_STATUS){
    54c4:	80 34       	cpi	r24, 0x40	; 64
    54c6:	09 f4       	brne	.+2      	; 0x54ca <__vector_26+0x8e>
    54c8:	a6 c0       	rjmp	.+332    	; 0x5616 <__vector_26+0x1da>
    54ca:	48 f4       	brcc	.+18     	; 0x54de <__vector_26+0xa2>
    54cc:	80 33       	cpi	r24, 0x30	; 48
    54ce:	b9 f3       	breq	.-18     	; 0x54be <__vector_26+0x82>
    54d0:	88 33       	cpi	r24, 0x38	; 56
    54d2:	e9 f6       	brne	.-70     	; 0x548e <__vector_26+0x52>
/Users/jacobmajors/Library/Arduino15/packages/MightyCore/hardware/avr/3.1.0/libraries/Wire/src/utility/twi.c:574
    case TW_MT_DATA_NACK: // data sent, nack received
      twi_error = TW_MT_DATA_NACK;
      twi_stop();
      break;
    case TW_MT_ARB_LOST: // lost bus arbitration
      twi_error = TW_MT_ARB_LOST;
    54d4:	80 93 f2 09 	sts	0x09F2, r24	; 0x8009f2 <twi_error>
/Users/jacobmajors/Library/Arduino15/packages/MightyCore/hardware/avr/3.1.0/libraries/Wire/src/utility/twi.c:575
      twi_releaseBus();
    54d8:	0e 94 18 2a 	call	0x5430	; 0x5430 <twi_releaseBus>
/Users/jacobmajors/Library/Arduino15/packages/MightyCore/hardware/avr/3.1.0/libraries/Wire/src/utility/twi.c:576
      break;
    54dc:	d8 cf       	rjmp	.-80     	; 0x548e <__vector_26+0x52>
/Users/jacobmajors/Library/Arduino15/packages/MightyCore/hardware/avr/3.1.0/libraries/Wire/src/utility/twi.c:535
  return(flag);
}

ISR(TWI_vect)
{
  switch(TW_STATUS){
    54de:	80 35       	cpi	r24, 0x50	; 80
    54e0:	09 f4       	brne	.+2      	; 0x54e4 <__vector_26+0xa8>
    54e2:	89 c0       	rjmp	.+274    	; 0x55f6 <__vector_26+0x1ba>
    54e4:	88 35       	cpi	r24, 0x58	; 88
    54e6:	09 f4       	brne	.+2      	; 0x54ea <__vector_26+0xae>
    54e8:	9e c0       	rjmp	.+316    	; 0x5626 <__vector_26+0x1ea>
    54ea:	88 34       	cpi	r24, 0x48	; 72
    54ec:	81 f6       	brne	.-96     	; 0x548e <__vector_26+0x52>
/Users/jacobmajors/Library/Arduino15/packages/MightyCore/hardware/avr/3.1.0/libraries/Wire/src/utility/twi.c:693
    // All
    case TW_NO_INFO:   // no state information
      break;
    case TW_BUS_ERROR: // bus error, illegal stop/start
      twi_error = TW_BUS_ERROR;
      twi_stop();
    54ee:	0e 94 0e 2a 	call	0x541c	; 0x541c <twi_stop>
/Users/jacobmajors/Library/Arduino15/packages/MightyCore/hardware/avr/3.1.0/libraries/Wire/src/utility/twi.c:696
      break;
  }
}
    54f2:	cd cf       	rjmp	.-102    	; 0x548e <__vector_26+0x52>
/Users/jacobmajors/Library/Arduino15/packages/MightyCore/hardware/avr/3.1.0/libraries/Wire/src/utility/twi.c:535
  return(flag);
}

ISR(TWI_vect)
{
  switch(TW_STATUS){
    54f4:	88 39       	cpi	r24, 0x98	; 152
    54f6:	09 f4       	brne	.+2      	; 0x54fa <__vector_26+0xbe>
    54f8:	94 c0       	rjmp	.+296    	; 0x5622 <__vector_26+0x1e6>
    54fa:	38 f5       	brcc	.+78     	; 0x554a <__vector_26+0x10e>
    54fc:	88 37       	cpi	r24, 0x78	; 120
    54fe:	29 f0       	breq	.+10     	; 0x550a <__vector_26+0xce>
    5500:	50 f4       	brcc	.+20     	; 0x5516 <__vector_26+0xda>
    5502:	88 36       	cpi	r24, 0x68	; 104
    5504:	11 f0       	breq	.+4      	; 0x550a <__vector_26+0xce>
    5506:	80 37       	cpi	r24, 0x70	; 112
    5508:	11 f6       	brne	.-124    	; 0x548e <__vector_26+0x52>
/Users/jacobmajors/Library/Arduino15/packages/MightyCore/hardware/avr/3.1.0/libraries/Wire/src/utility/twi.c:616
    case TW_SR_SLA_ACK:   // addressed, returned ack
    case TW_SR_GCALL_ACK: // addressed generally, returned ack
    case TW_SR_ARB_LOST_SLA_ACK:   // lost arbitration, returned ack
    case TW_SR_ARB_LOST_GCALL_ACK: // lost arbitration, returned ack
      // enter slave receiver mode
      twi_state = TWI_SRX;
    550a:	83 e0       	ldi	r24, 0x03	; 3
    550c:	80 93 41 0a 	sts	0x0A41, r24	; 0x800a41 <twi_state>
/Users/jacobmajors/Library/Arduino15/packages/MightyCore/hardware/avr/3.1.0/libraries/Wire/src/utility/twi.c:618
      // indicate that rx buffer can be overwritten and ack
      twi_rxBufferIndex = 0;
    5510:	10 92 f3 09 	sts	0x09F3, r1	; 0x8009f3 <twi_rxBufferIndex>
    5514:	57 c0       	rjmp	.+174    	; 0x55c4 <__vector_26+0x188>
/Users/jacobmajors/Library/Arduino15/packages/MightyCore/hardware/avr/3.1.0/libraries/Wire/src/utility/twi.c:535
  return(flag);
}

ISR(TWI_vect)
{
  switch(TW_STATUS){
    5516:	88 38       	cpi	r24, 0x88	; 136
    5518:	09 f4       	brne	.+2      	; 0x551c <__vector_26+0xe0>
    551a:	83 c0       	rjmp	.+262    	; 0x5622 <__vector_26+0x1e6>
    551c:	80 39       	cpi	r24, 0x90	; 144
    551e:	19 f0       	breq	.+6      	; 0x5526 <__vector_26+0xea>
    5520:	80 38       	cpi	r24, 0x80	; 128
    5522:	09 f0       	breq	.+2      	; 0x5526 <__vector_26+0xea>
    5524:	b4 cf       	rjmp	.-152    	; 0x548e <__vector_26+0x52>
/Users/jacobmajors/Library/Arduino15/packages/MightyCore/hardware/avr/3.1.0/libraries/Wire/src/utility/twi.c:624
      twi_reply(1);
      break;
    case TW_SR_DATA_ACK:       // data received, returned ack
    case TW_SR_GCALL_DATA_ACK: // data received generally, returned ack
      // if there is still room in the rx buffer
      if(twi_rxBufferIndex < TWI_BUFFER_SIZE){
    5526:	80 91 f3 09 	lds	r24, 0x09F3	; 0x8009f3 <twi_rxBufferIndex>
    552a:	80 32       	cpi	r24, 0x20	; 32
    552c:	08 f0       	brcs	.+2      	; 0x5530 <__vector_26+0xf4>
    552e:	79 c0       	rjmp	.+242    	; 0x5622 <__vector_26+0x1e6>
/Users/jacobmajors/Library/Arduino15/packages/MightyCore/hardware/avr/3.1.0/libraries/Wire/src/utility/twi.c:626
        // put byte in buffer and ack
        twi_rxBuffer[twi_rxBufferIndex++] = TWDR;
    5530:	e0 91 f3 09 	lds	r30, 0x09F3	; 0x8009f3 <twi_rxBufferIndex>
    5534:	81 e0       	ldi	r24, 0x01	; 1
    5536:	8e 0f       	add	r24, r30
    5538:	80 93 f3 09 	sts	0x09F3, r24	; 0x8009f3 <twi_rxBufferIndex>
    553c:	80 91 bb 00 	lds	r24, 0x00BB	; 0x8000bb <__TEXT_REGION_LENGTH__+0x7e00bb>
    5540:	f0 e0       	ldi	r31, 0x00	; 0
    5542:	ec 50       	subi	r30, 0x0C	; 12
    5544:	f6 4f       	sbci	r31, 0xF6	; 246
    5546:	80 83       	st	Z, r24
    5548:	3d c0       	rjmp	.+122    	; 0x55c4 <__vector_26+0x188>
/Users/jacobmajors/Library/Arduino15/packages/MightyCore/hardware/avr/3.1.0/libraries/Wire/src/utility/twi.c:535
  return(flag);
}

ISR(TWI_vect)
{
  switch(TW_STATUS){
    554a:	80 3b       	cpi	r24, 0xB0	; 176
    554c:	39 f0       	breq	.+14     	; 0x555c <__vector_26+0x120>
    554e:	e0 f4       	brcc	.+56     	; 0x5588 <__vector_26+0x14c>
    5550:	80 3a       	cpi	r24, 0xA0	; 160
    5552:	09 f4       	brne	.+2      	; 0x5556 <__vector_26+0x11a>
    5554:	85 c0       	rjmp	.+266    	; 0x5660 <__vector_26+0x224>
    5556:	88 3a       	cpi	r24, 0xA8	; 168
    5558:	09 f0       	breq	.+2      	; 0x555c <__vector_26+0x120>
    555a:	99 cf       	rjmp	.-206    	; 0x548e <__vector_26+0x52>
/Users/jacobmajors/Library/Arduino15/packages/MightyCore/hardware/avr/3.1.0/libraries/Wire/src/utility/twi.c:655

    // Slave Transmitter
    case TW_ST_SLA_ACK:          // addressed, returned ack
    case TW_ST_ARB_LOST_SLA_ACK: // arbitration lost, returned ack
      // enter slave transmitter mode
      twi_state = TWI_STX;
    555c:	84 e0       	ldi	r24, 0x04	; 4
    555e:	80 93 41 0a 	sts	0x0A41, r24	; 0x800a41 <twi_state>
/Users/jacobmajors/Library/Arduino15/packages/MightyCore/hardware/avr/3.1.0/libraries/Wire/src/utility/twi.c:657
      // ready the tx buffer index for iteration
      twi_txBufferIndex = 0;
    5562:	10 92 15 0a 	sts	0x0A15, r1	; 0x800a15 <twi_txBufferIndex>
/Users/jacobmajors/Library/Arduino15/packages/MightyCore/hardware/avr/3.1.0/libraries/Wire/src/utility/twi.c:659
      // set tx buffer length to be zero, to verify if user changes it
      twi_txBufferLength = 0;
    5566:	10 92 14 0a 	sts	0x0A14, r1	; 0x800a14 <twi_txBufferLength>
/Users/jacobmajors/Library/Arduino15/packages/MightyCore/hardware/avr/3.1.0/libraries/Wire/src/utility/twi.c:662
      // request for txBuffer to be filled and length to be set
      // note: user must call twi_transmit(bytes, length) to do this
      twi_onSlaveTransmit();
    556a:	e0 91 3c 0a 	lds	r30, 0x0A3C	; 0x800a3c <twi_onSlaveTransmit>
    556e:	f0 91 3d 0a 	lds	r31, 0x0A3D	; 0x800a3d <twi_onSlaveTransmit+0x1>
    5572:	09 95       	icall
/Users/jacobmajors/Library/Arduino15/packages/MightyCore/hardware/avr/3.1.0/libraries/Wire/src/utility/twi.c:664
      // if they didn't change buffer & length, initialize it
      if(0 == twi_txBufferLength){
    5574:	80 91 14 0a 	lds	r24, 0x0A14	; 0x800a14 <twi_txBufferLength>
    5578:	81 11       	cpse	r24, r1
    557a:	0f c0       	rjmp	.+30     	; 0x559a <__vector_26+0x15e>
/Users/jacobmajors/Library/Arduino15/packages/MightyCore/hardware/avr/3.1.0/libraries/Wire/src/utility/twi.c:665
        twi_txBufferLength = 1;
    557c:	81 e0       	ldi	r24, 0x01	; 1
    557e:	80 93 14 0a 	sts	0x0A14, r24	; 0x800a14 <twi_txBufferLength>
/Users/jacobmajors/Library/Arduino15/packages/MightyCore/hardware/avr/3.1.0/libraries/Wire/src/utility/twi.c:666
        twi_txBuffer[0] = 0x00;
    5582:	10 92 16 0a 	sts	0x0A16, r1	; 0x800a16 <twi_txBuffer>
    5586:	09 c0       	rjmp	.+18     	; 0x559a <__vector_26+0x15e>
/Users/jacobmajors/Library/Arduino15/packages/MightyCore/hardware/avr/3.1.0/libraries/Wire/src/utility/twi.c:535
  return(flag);
}

ISR(TWI_vect)
{
  switch(TW_STATUS){
    5588:	80 3c       	cpi	r24, 0xC0	; 192
    558a:	09 f4       	brne	.+2      	; 0x558e <__vector_26+0x152>
    558c:	82 c0       	rjmp	.+260    	; 0x5692 <__vector_26+0x256>
    558e:	88 3c       	cpi	r24, 0xC8	; 200
    5590:	09 f4       	brne	.+2      	; 0x5594 <__vector_26+0x158>
    5592:	7f c0       	rjmp	.+254    	; 0x5692 <__vector_26+0x256>
    5594:	88 3b       	cpi	r24, 0xB8	; 184
    5596:	09 f0       	breq	.+2      	; 0x559a <__vector_26+0x15e>
    5598:	7a cf       	rjmp	.-268    	; 0x548e <__vector_26+0x52>
/Users/jacobmajors/Library/Arduino15/packages/MightyCore/hardware/avr/3.1.0/libraries/Wire/src/utility/twi.c:672
      }
      // transmit first byte from buffer, fall
      /* fall through */
    case TW_ST_DATA_ACK: // byte sent, ack returned
      // copy data to output register
      TWDR = twi_txBuffer[twi_txBufferIndex++];
    559a:	e0 91 15 0a 	lds	r30, 0x0A15	; 0x800a15 <twi_txBufferIndex>
    559e:	81 e0       	ldi	r24, 0x01	; 1
    55a0:	8e 0f       	add	r24, r30
    55a2:	80 93 15 0a 	sts	0x0A15, r24	; 0x800a15 <twi_txBufferIndex>
    55a6:	f0 e0       	ldi	r31, 0x00	; 0
    55a8:	ea 5e       	subi	r30, 0xEA	; 234
    55aa:	f5 4f       	sbci	r31, 0xF5	; 245
    55ac:	80 81       	ld	r24, Z
    55ae:	80 93 bb 00 	sts	0x00BB, r24	; 0x8000bb <__TEXT_REGION_LENGTH__+0x7e00bb>
/Users/jacobmajors/Library/Arduino15/packages/MightyCore/hardware/avr/3.1.0/libraries/Wire/src/utility/twi.c:674
      // if there is more to send, ack, otherwise nack
      if(twi_txBufferIndex < twi_txBufferLength){
    55b2:	90 91 15 0a 	lds	r25, 0x0A15	; 0x800a15 <twi_txBufferIndex>
    55b6:	80 91 14 0a 	lds	r24, 0x0A14	; 0x800a14 <twi_txBufferLength>
    55ba:	31 c0       	rjmp	.+98     	; 0x561e <__vector_26+0x1e2>
/Users/jacobmajors/Library/Arduino15/packages/MightyCore/hardware/avr/3.1.0/libraries/Wire/src/utility/twi.c:540
  switch(TW_STATUS){
    // All Master
    case TW_START:     // sent start condition
    case TW_REP_START: // sent repeated start condition
      // copy device address and r/w bit to output register and ack
      TWDR = twi_slarw;
    55bc:	80 91 40 0a 	lds	r24, 0x0A40	; 0x800a40 <twi_slarw>
/Users/jacobmajors/Library/Arduino15/packages/MightyCore/hardware/avr/3.1.0/libraries/Wire/src/utility/twi.c:550
    case TW_MT_SLA_ACK:  // slave receiver acked address
    case TW_MT_DATA_ACK: // slave receiver acked data
      // if there is data to send, send it, otherwise stop
      if(twi_masterBufferIndex < twi_masterBufferLength){
        // copy data to output register and ack
        TWDR = twi_masterBuffer[twi_masterBufferIndex++];
    55c0:	80 93 bb 00 	sts	0x00BB, r24	; 0x8000bb <__TEXT_REGION_LENGTH__+0x7e00bb>
twi_reply():
/Users/jacobmajors/Library/Arduino15/packages/MightyCore/hardware/avr/3.1.0/libraries/Wire/src/utility/twi.c:421
 */
void twi_reply(uint8_t ack)
{
  // transmit master read ready signal, with or without ack
  if(ack){
    TWCR = _BV(TWEN) | _BV(TWIE) | _BV(TWINT) | _BV(TWEA);
    55c4:	85 ec       	ldi	r24, 0xC5	; 197
/Users/jacobmajors/Library/Arduino15/packages/MightyCore/hardware/avr/3.1.0/libraries/Wire/src/utility/twi.c:423
  }else{
    TWCR = _BV(TWEN) | _BV(TWIE) | _BV(TWINT);
    55c6:	80 93 bc 00 	sts	0x00BC, r24	; 0x8000bc <__TEXT_REGION_LENGTH__+0x7e00bc>
    55ca:	61 cf       	rjmp	.-318    	; 0x548e <__vector_26+0x52>
__vector_26():
/Users/jacobmajors/Library/Arduino15/packages/MightyCore/hardware/avr/3.1.0/libraries/Wire/src/utility/twi.c:548

    // Master Transmitter
    case TW_MT_SLA_ACK:  // slave receiver acked address
    case TW_MT_DATA_ACK: // slave receiver acked data
      // if there is data to send, send it, otherwise stop
      if(twi_masterBufferIndex < twi_masterBufferLength){
    55cc:	90 91 37 0a 	lds	r25, 0x0A37	; 0x800a37 <twi_masterBufferIndex>
    55d0:	80 91 36 0a 	lds	r24, 0x0A36	; 0x800a36 <twi_masterBufferLength>
    55d4:	98 17       	cp	r25, r24
    55d6:	b8 f5       	brcc	.+110    	; 0x5646 <__vector_26+0x20a>
/Users/jacobmajors/Library/Arduino15/packages/MightyCore/hardware/avr/3.1.0/libraries/Wire/src/utility/twi.c:550
        // copy data to output register and ack
        TWDR = twi_masterBuffer[twi_masterBufferIndex++];
    55d8:	80 91 38 0a 	lds	r24, 0x0A38	; 0x800a38 <twi_masterBuffer>
    55dc:	90 91 39 0a 	lds	r25, 0x0A39	; 0x800a39 <twi_masterBuffer+0x1>
    55e0:	e0 91 37 0a 	lds	r30, 0x0A37	; 0x800a37 <twi_masterBufferIndex>
    55e4:	21 e0       	ldi	r18, 0x01	; 1
    55e6:	2e 0f       	add	r18, r30
    55e8:	20 93 37 0a 	sts	0x0A37, r18	; 0x800a37 <twi_masterBufferIndex>
    55ec:	e8 0f       	add	r30, r24
    55ee:	f9 2f       	mov	r31, r25
    55f0:	f1 1d       	adc	r31, r1
    55f2:	80 81       	ld	r24, Z
    55f4:	e5 cf       	rjmp	.-54     	; 0x55c0 <__vector_26+0x184>
/Users/jacobmajors/Library/Arduino15/packages/MightyCore/hardware/avr/3.1.0/libraries/Wire/src/utility/twi.c:581
      break;

    // Master Receiver
    case TW_MR_DATA_ACK: // data received, ack sent
      // put byte into buffer
      twi_masterBuffer[twi_masterBufferIndex++] = TWDR;
    55f6:	20 91 38 0a 	lds	r18, 0x0A38	; 0x800a38 <twi_masterBuffer>
    55fa:	30 91 39 0a 	lds	r19, 0x0A39	; 0x800a39 <twi_masterBuffer+0x1>
    55fe:	e0 91 37 0a 	lds	r30, 0x0A37	; 0x800a37 <twi_masterBufferIndex>
    5602:	81 e0       	ldi	r24, 0x01	; 1
    5604:	8e 0f       	add	r24, r30
    5606:	80 93 37 0a 	sts	0x0A37, r24	; 0x800a37 <twi_masterBufferIndex>
    560a:	80 91 bb 00 	lds	r24, 0x00BB	; 0x8000bb <__TEXT_REGION_LENGTH__+0x7e00bb>
    560e:	e2 0f       	add	r30, r18
    5610:	f3 2f       	mov	r31, r19
    5612:	f1 1d       	adc	r31, r1
    5614:	80 83       	st	Z, r24
/Users/jacobmajors/Library/Arduino15/packages/MightyCore/hardware/avr/3.1.0/libraries/Wire/src/utility/twi.c:585
      /* fall through */
    case TW_MR_SLA_ACK:  // address sent, ack received
      // ack if more bytes are expected, otherwise nack
      if(twi_masterBufferIndex < twi_masterBufferLength){
    5616:	90 91 37 0a 	lds	r25, 0x0A37	; 0x800a37 <twi_masterBufferIndex>
    561a:	80 91 36 0a 	lds	r24, 0x0A36	; 0x800a36 <twi_masterBufferLength>
/Users/jacobmajors/Library/Arduino15/packages/MightyCore/hardware/avr/3.1.0/libraries/Wire/src/utility/twi.c:674
      /* fall through */
    case TW_ST_DATA_ACK: // byte sent, ack returned
      // copy data to output register
      TWDR = twi_txBuffer[twi_txBufferIndex++];
      // if there is more to send, ack, otherwise nack
      if(twi_txBufferIndex < twi_txBufferLength){
    561e:	98 17       	cp	r25, r24
    5620:	88 f2       	brcs	.-94     	; 0x55c4 <__vector_26+0x188>
twi_reply():
/Users/jacobmajors/Library/Arduino15/packages/MightyCore/hardware/avr/3.1.0/libraries/Wire/src/utility/twi.c:423
{
  // transmit master read ready signal, with or without ack
  if(ack){
    TWCR = _BV(TWEN) | _BV(TWIE) | _BV(TWINT) | _BV(TWEA);
  }else{
    TWCR = _BV(TWEN) | _BV(TWIE) | _BV(TWINT);
    5622:	85 e8       	ldi	r24, 0x85	; 133
    5624:	d0 cf       	rjmp	.-96     	; 0x55c6 <__vector_26+0x18a>
__vector_26():
/Users/jacobmajors/Library/Arduino15/packages/MightyCore/hardware/avr/3.1.0/libraries/Wire/src/utility/twi.c:593
        twi_reply(0);
      }
      break;
    case TW_MR_DATA_NACK: // data received, nack sent
      // put final byte into buffer
      twi_masterBuffer[twi_masterBufferIndex++] = TWDR;
    5626:	20 91 38 0a 	lds	r18, 0x0A38	; 0x800a38 <twi_masterBuffer>
    562a:	30 91 39 0a 	lds	r19, 0x0A39	; 0x800a39 <twi_masterBuffer+0x1>
    562e:	e0 91 37 0a 	lds	r30, 0x0A37	; 0x800a37 <twi_masterBufferIndex>
    5632:	81 e0       	ldi	r24, 0x01	; 1
    5634:	8e 0f       	add	r24, r30
    5636:	80 93 37 0a 	sts	0x0A37, r24	; 0x800a37 <twi_masterBufferIndex>
    563a:	80 91 bb 00 	lds	r24, 0x00BB	; 0x8000bb <__TEXT_REGION_LENGTH__+0x7e00bb>
    563e:	e2 0f       	add	r30, r18
    5640:	f3 2f       	mov	r31, r19
    5642:	f1 1d       	adc	r31, r1
    5644:	80 83       	st	Z, r24
/Users/jacobmajors/Library/Arduino15/packages/MightyCore/hardware/avr/3.1.0/libraries/Wire/src/utility/twi.c:594
  if (twi_sendStop)
    5646:	80 91 3f 0a 	lds	r24, 0x0A3F	; 0x800a3f <twi_sendStop>
    564a:	81 11       	cpse	r24, r1
    564c:	50 cf       	rjmp	.-352    	; 0x54ee <__vector_26+0xb2>
/Users/jacobmajors/Library/Arduino15/packages/MightyCore/hardware/avr/3.1.0/libraries/Wire/src/utility/twi.c:597
          twi_stop();
  else {
    twi_inRepStart = true;  // we're going to send the START
    564e:	81 e0       	ldi	r24, 0x01	; 1
    5650:	80 93 3e 0a 	sts	0x0A3E, r24	; 0x800a3e <twi_inRepStart>
/Users/jacobmajors/Library/Arduino15/packages/MightyCore/hardware/avr/3.1.0/libraries/Wire/src/utility/twi.c:601
    // don't enable the interrupt. We'll generate the start, but we
    // avoid handling the interrupt until we're in the next transaction,
    // at the point where we would normally issue the start.
    TWCR = _BV(TWINT) | _BV(TWSTA)| _BV(TWEN) ;
    5654:	84 ea       	ldi	r24, 0xA4	; 164
twi_reply():
/Users/jacobmajors/Library/Arduino15/packages/MightyCore/hardware/avr/3.1.0/libraries/Wire/src/utility/twi.c:421
 */
void twi_reply(uint8_t ack)
{
  // transmit master read ready signal, with or without ack
  if(ack){
    TWCR = _BV(TWEN) | _BV(TWIE) | _BV(TWINT) | _BV(TWEA);
    5656:	80 93 bc 00 	sts	0x00BC, r24	; 0x8000bc <__TEXT_REGION_LENGTH__+0x7e00bc>
__vector_26():
/Users/jacobmajors/Library/Arduino15/packages/MightyCore/hardware/avr/3.1.0/libraries/Wire/src/utility/twi.c:685
    case TW_ST_DATA_NACK: // received nack, we are done
    case TW_ST_LAST_DATA: // received ack, but we are done already!
      // ack future responses
      twi_reply(1);
      // leave slave receiver state
      twi_state = TWI_READY;
    565a:	10 92 41 0a 	sts	0x0A41, r1	; 0x800a41 <twi_state>
/Users/jacobmajors/Library/Arduino15/packages/MightyCore/hardware/avr/3.1.0/libraries/Wire/src/utility/twi.c:686
      break;
    565e:	17 cf       	rjmp	.-466    	; 0x548e <__vector_26+0x52>
/Users/jacobmajors/Library/Arduino15/packages/MightyCore/hardware/avr/3.1.0/libraries/Wire/src/utility/twi.c:635
        twi_reply(0);
      }
      break;
    case TW_SR_STOP: // stop or repeated start condition received
      // ack future responses and leave slave receiver state
      twi_releaseBus();
    5660:	0e 94 18 2a 	call	0x5430	; 0x5430 <twi_releaseBus>
/Users/jacobmajors/Library/Arduino15/packages/MightyCore/hardware/avr/3.1.0/libraries/Wire/src/utility/twi.c:637
      // put a null char after data if there's room
      if(twi_rxBufferIndex < TWI_BUFFER_SIZE){
    5664:	80 91 f3 09 	lds	r24, 0x09F3	; 0x8009f3 <twi_rxBufferIndex>
    5668:	80 32       	cpi	r24, 0x20	; 32
    566a:	30 f4       	brcc	.+12     	; 0x5678 <__vector_26+0x23c>
/Users/jacobmajors/Library/Arduino15/packages/MightyCore/hardware/avr/3.1.0/libraries/Wire/src/utility/twi.c:638
        twi_rxBuffer[twi_rxBufferIndex] = '\0';
    566c:	e0 91 f3 09 	lds	r30, 0x09F3	; 0x8009f3 <twi_rxBufferIndex>
    5670:	f0 e0       	ldi	r31, 0x00	; 0
    5672:	ec 50       	subi	r30, 0x0C	; 12
    5674:	f6 4f       	sbci	r31, 0xF6	; 246
    5676:	10 82       	st	Z, r1
/Users/jacobmajors/Library/Arduino15/packages/MightyCore/hardware/avr/3.1.0/libraries/Wire/src/utility/twi.c:641
      }
      // callback to user defined callback
      twi_onSlaveReceive(twi_rxBuffer, twi_rxBufferIndex);
    5678:	60 91 f3 09 	lds	r22, 0x09F3	; 0x8009f3 <twi_rxBufferIndex>
    567c:	70 e0       	ldi	r23, 0x00	; 0
    567e:	e0 91 3a 0a 	lds	r30, 0x0A3A	; 0x800a3a <twi_onSlaveReceive>
    5682:	f0 91 3b 0a 	lds	r31, 0x0A3B	; 0x800a3b <twi_onSlaveReceive+0x1>
    5686:	84 ef       	ldi	r24, 0xF4	; 244
    5688:	99 e0       	ldi	r25, 0x09	; 9
    568a:	09 95       	icall
/Users/jacobmajors/Library/Arduino15/packages/MightyCore/hardware/avr/3.1.0/libraries/Wire/src/utility/twi.c:643
      // since we submit rx buffer to "wire" library, we can reset it
      twi_rxBufferIndex = 0;
    568c:	10 92 f3 09 	sts	0x09F3, r1	; 0x8009f3 <twi_rxBufferIndex>
/Users/jacobmajors/Library/Arduino15/packages/MightyCore/hardware/avr/3.1.0/libraries/Wire/src/utility/twi.c:644
      break;
    5690:	fe ce       	rjmp	.-516    	; 0x548e <__vector_26+0x52>
twi_reply():
/Users/jacobmajors/Library/Arduino15/packages/MightyCore/hardware/avr/3.1.0/libraries/Wire/src/utility/twi.c:421
 */
void twi_reply(uint8_t ack)
{
  // transmit master read ready signal, with or without ack
  if(ack){
    TWCR = _BV(TWEN) | _BV(TWIE) | _BV(TWINT) | _BV(TWEA);
    5692:	85 ec       	ldi	r24, 0xC5	; 197
    5694:	e0 cf       	rjmp	.-64     	; 0x5656 <__vector_26+0x21a>
__vector_26():
/Users/jacobmajors/Library/Arduino15/packages/MightyCore/hardware/avr/3.1.0/libraries/Wire/src/utility/twi.c:692

    // All
    case TW_NO_INFO:   // no state information
      break;
    case TW_BUS_ERROR: // bus error, illegal stop/start
      twi_error = TW_BUS_ERROR;
    5696:	10 92 f2 09 	sts	0x09F2, r1	; 0x8009f2 <twi_error>
    569a:	29 cf       	rjmp	.-430    	; 0x54ee <__vector_26+0xb2>

0000569c <HardwareSerial::available()>:
_ZN14HardwareSerial9availableEv():
/Users/jacobmajors/Library/Arduino15/packages/MightyCore/hardware/avr/3.1.0/cores/MCUdude_corefiles/HardwareSerial.cpp:164
  // clear any received data
  _rx_buffer_head = _rx_buffer_tail;
}

int HardwareSerial::available(void)
{
    569c:	fc 01       	movw	r30, r24
/Users/jacobmajors/Library/Arduino15/packages/MightyCore/hardware/avr/3.1.0/cores/MCUdude_corefiles/HardwareSerial.cpp:165
  return ((unsigned int)(SERIAL_RX_BUFFER_SIZE + _rx_buffer_head - _rx_buffer_tail)) % SERIAL_RX_BUFFER_SIZE;
    569e:	91 8d       	ldd	r25, Z+25	; 0x19
    56a0:	22 8d       	ldd	r18, Z+26	; 0x1a
    56a2:	89 2f       	mov	r24, r25
    56a4:	90 e0       	ldi	r25, 0x00	; 0
    56a6:	80 5c       	subi	r24, 0xC0	; 192
    56a8:	9f 4f       	sbci	r25, 0xFF	; 255
    56aa:	82 1b       	sub	r24, r18
    56ac:	91 09       	sbc	r25, r1
/Users/jacobmajors/Library/Arduino15/packages/MightyCore/hardware/avr/3.1.0/cores/MCUdude_corefiles/HardwareSerial.cpp:166
}
    56ae:	8f 73       	andi	r24, 0x3F	; 63
    56b0:	99 27       	eor	r25, r25
    56b2:	08 95       	ret

000056b4 <HardwareSerial::peek()>:
_ZN14HardwareSerial4peekEv():
/Users/jacobmajors/Library/Arduino15/packages/MightyCore/hardware/avr/3.1.0/cores/MCUdude_corefiles/HardwareSerial.cpp:169

int HardwareSerial::peek(void)
{
    56b4:	fc 01       	movw	r30, r24
/Users/jacobmajors/Library/Arduino15/packages/MightyCore/hardware/avr/3.1.0/cores/MCUdude_corefiles/HardwareSerial.cpp:170
  if (_rx_buffer_head == _rx_buffer_tail) {
    56b6:	91 8d       	ldd	r25, Z+25	; 0x19
    56b8:	82 8d       	ldd	r24, Z+26	; 0x1a
    56ba:	98 17       	cp	r25, r24
    56bc:	31 f0       	breq	.+12     	; 0x56ca <HardwareSerial::peek()+0x16>
/Users/jacobmajors/Library/Arduino15/packages/MightyCore/hardware/avr/3.1.0/cores/MCUdude_corefiles/HardwareSerial.cpp:173
    return -1;
  } else {
    return _rx_buffer[_rx_buffer_tail];
    56be:	82 8d       	ldd	r24, Z+26	; 0x1a
    56c0:	e8 0f       	add	r30, r24
    56c2:	f1 1d       	adc	r31, r1
    56c4:	85 8d       	ldd	r24, Z+29	; 0x1d
    56c6:	90 e0       	ldi	r25, 0x00	; 0
    56c8:	08 95       	ret
/Users/jacobmajors/Library/Arduino15/packages/MightyCore/hardware/avr/3.1.0/cores/MCUdude_corefiles/HardwareSerial.cpp:171
}

int HardwareSerial::peek(void)
{
  if (_rx_buffer_head == _rx_buffer_tail) {
    return -1;
    56ca:	8f ef       	ldi	r24, 0xFF	; 255
    56cc:	9f ef       	ldi	r25, 0xFF	; 255
/Users/jacobmajors/Library/Arduino15/packages/MightyCore/hardware/avr/3.1.0/cores/MCUdude_corefiles/HardwareSerial.cpp:175
  } else {
    return _rx_buffer[_rx_buffer_tail];
  }
}
    56ce:	08 95       	ret

000056d0 <HardwareSerial::read()>:
_ZN14HardwareSerial4readEv():
/Users/jacobmajors/Library/Arduino15/packages/MightyCore/hardware/avr/3.1.0/cores/MCUdude_corefiles/HardwareSerial.cpp:178

int HardwareSerial::read(void)
{
    56d0:	fc 01       	movw	r30, r24
/Users/jacobmajors/Library/Arduino15/packages/MightyCore/hardware/avr/3.1.0/cores/MCUdude_corefiles/HardwareSerial.cpp:180
  // if the head isn't ahead of the tail, we don't have any characters
  if (_rx_buffer_head == _rx_buffer_tail) {
    56d2:	91 8d       	ldd	r25, Z+25	; 0x19
    56d4:	82 8d       	ldd	r24, Z+26	; 0x1a
    56d6:	98 17       	cp	r25, r24
    56d8:	61 f0       	breq	.+24     	; 0x56f2 <HardwareSerial::read()+0x22>
/Users/jacobmajors/Library/Arduino15/packages/MightyCore/hardware/avr/3.1.0/cores/MCUdude_corefiles/HardwareSerial.cpp:183
    return -1;
  } else {
    unsigned char c = _rx_buffer[_rx_buffer_tail];
    56da:	a2 8d       	ldd	r26, Z+26	; 0x1a
    56dc:	ae 0f       	add	r26, r30
    56de:	bf 2f       	mov	r27, r31
    56e0:	b1 1d       	adc	r27, r1
    56e2:	5d 96       	adiw	r26, 0x1d	; 29
    56e4:	8c 91       	ld	r24, X
/Users/jacobmajors/Library/Arduino15/packages/MightyCore/hardware/avr/3.1.0/cores/MCUdude_corefiles/HardwareSerial.cpp:184
    _rx_buffer_tail = (rx_buffer_index_t)(_rx_buffer_tail + 1) % SERIAL_RX_BUFFER_SIZE;
    56e6:	92 8d       	ldd	r25, Z+26	; 0x1a
    56e8:	9f 5f       	subi	r25, 0xFF	; 255
    56ea:	9f 73       	andi	r25, 0x3F	; 63
    56ec:	92 8f       	std	Z+26, r25	; 0x1a
/Users/jacobmajors/Library/Arduino15/packages/MightyCore/hardware/avr/3.1.0/cores/MCUdude_corefiles/HardwareSerial.cpp:185
    return c;
    56ee:	90 e0       	ldi	r25, 0x00	; 0
    56f0:	08 95       	ret
/Users/jacobmajors/Library/Arduino15/packages/MightyCore/hardware/avr/3.1.0/cores/MCUdude_corefiles/HardwareSerial.cpp:181

int HardwareSerial::read(void)
{
  // if the head isn't ahead of the tail, we don't have any characters
  if (_rx_buffer_head == _rx_buffer_tail) {
    return -1;
    56f2:	8f ef       	ldi	r24, 0xFF	; 255
    56f4:	9f ef       	ldi	r25, 0xFF	; 255
/Users/jacobmajors/Library/Arduino15/packages/MightyCore/hardware/avr/3.1.0/cores/MCUdude_corefiles/HardwareSerial.cpp:187
  } else {
    unsigned char c = _rx_buffer[_rx_buffer_tail];
    _rx_buffer_tail = (rx_buffer_index_t)(_rx_buffer_tail + 1) % SERIAL_RX_BUFFER_SIZE;
    return c;
  }
}
    56f6:	08 95       	ret

000056f8 <HardwareSerial::availableForWrite()>:
_ZN14HardwareSerial17availableForWriteEv():
/Users/jacobmajors/Library/Arduino15/packages/MightyCore/hardware/avr/3.1.0/cores/MCUdude_corefiles/HardwareSerial.cpp:195
{
  tx_buffer_index_t head;
  tx_buffer_index_t tail;

  TX_BUFFER_ATOMIC {
    head = _tx_buffer_head;
    56f8:	fc 01       	movw	r30, r24
    56fa:	53 8d       	ldd	r21, Z+27	; 0x1b
/Users/jacobmajors/Library/Arduino15/packages/MightyCore/hardware/avr/3.1.0/cores/MCUdude_corefiles/HardwareSerial.cpp:196
    tail = _tx_buffer_tail;
    56fc:	44 8d       	ldd	r20, Z+28	; 0x1c
    56fe:	25 2f       	mov	r18, r21
    5700:	30 e0       	ldi	r19, 0x00	; 0
    5702:	84 2f       	mov	r24, r20
    5704:	90 e0       	ldi	r25, 0x00	; 0
/Users/jacobmajors/Library/Arduino15/packages/MightyCore/hardware/avr/3.1.0/cores/MCUdude_corefiles/HardwareSerial.cpp:198
  }
  if (head >= tail) return SERIAL_TX_BUFFER_SIZE - 1 - head + tail;
    5706:	82 1b       	sub	r24, r18
    5708:	93 0b       	sbc	r25, r19
    570a:	54 17       	cp	r21, r20
    570c:	10 f0       	brcs	.+4      	; 0x5712 <HardwareSerial::availableForWrite()+0x1a>
/Users/jacobmajors/Library/Arduino15/packages/MightyCore/hardware/avr/3.1.0/cores/MCUdude_corefiles/HardwareSerial.cpp:198 (discriminator 1)
    570e:	cf 96       	adiw	r24, 0x3f	; 63
    5710:	08 95       	ret
/Users/jacobmajors/Library/Arduino15/packages/MightyCore/hardware/avr/3.1.0/cores/MCUdude_corefiles/HardwareSerial.cpp:199
  return tail - head - 1;
    5712:	01 97       	sbiw	r24, 0x01	; 1
/Users/jacobmajors/Library/Arduino15/packages/MightyCore/hardware/avr/3.1.0/cores/MCUdude_corefiles/HardwareSerial.cpp:200
}
    5714:	08 95       	ret

00005716 <serialEventRun()>:
_Z14serialEventRunv():
/Users/jacobmajors/Library/Arduino15/packages/MightyCore/hardware/avr/3.1.0/cores/MCUdude_corefiles/HardwareSerial.cpp:67
#endif

void serialEventRun(void)
{
#if defined(HAVE_HWSERIAL0)
  if (Serial0_available && serialEvent && Serial0_available()) serialEvent();
    5716:	8d ee       	ldi	r24, 0xED	; 237
    5718:	9c e2       	ldi	r25, 0x2C	; 44
    571a:	89 2b       	or	r24, r25
    571c:	49 f0       	breq	.+18     	; 0x5730 <serialEventRun()+0x1a>
/Users/jacobmajors/Library/Arduino15/packages/MightyCore/hardware/avr/3.1.0/cores/MCUdude_corefiles/HardwareSerial.cpp:67 (discriminator 1)
    571e:	80 e0       	ldi	r24, 0x00	; 0
    5720:	90 e0       	ldi	r25, 0x00	; 0
    5722:	89 2b       	or	r24, r25
    5724:	29 f0       	breq	.+10     	; 0x5730 <serialEventRun()+0x1a>
/Users/jacobmajors/Library/Arduino15/packages/MightyCore/hardware/avr/3.1.0/cores/MCUdude_corefiles/HardwareSerial.cpp:67 (discriminator 3)
    5726:	0e 94 ed 2c 	call	0x59da	; 0x59da <Serial0_available()>
    572a:	81 11       	cpse	r24, r1
/Users/jacobmajors/Library/Arduino15/packages/MightyCore/hardware/avr/3.1.0/cores/MCUdude_corefiles/HardwareSerial.cpp:67
    572c:	0e 94 00 00 	call	0	; 0x0 <__vectors>
/Users/jacobmajors/Library/Arduino15/packages/MightyCore/hardware/avr/3.1.0/cores/MCUdude_corefiles/HardwareSerial.cpp:70
#endif
#if defined(HAVE_HWSERIAL1)
  if (Serial1_available && serialEvent1 && Serial1_available()) serialEvent1();
    5730:	80 e0       	ldi	r24, 0x00	; 0
    5732:	90 e0       	ldi	r25, 0x00	; 0
    5734:	89 2b       	or	r24, r25
    5736:	49 f0       	breq	.+18     	; 0x574a <serialEventRun()+0x34>
/Users/jacobmajors/Library/Arduino15/packages/MightyCore/hardware/avr/3.1.0/cores/MCUdude_corefiles/HardwareSerial.cpp:70 (discriminator 1)
    5738:	80 e0       	ldi	r24, 0x00	; 0
    573a:	90 e0       	ldi	r25, 0x00	; 0
    573c:	89 2b       	or	r24, r25
    573e:	29 f0       	breq	.+10     	; 0x574a <serialEventRun()+0x34>
/Users/jacobmajors/Library/Arduino15/packages/MightyCore/hardware/avr/3.1.0/cores/MCUdude_corefiles/HardwareSerial.cpp:70 (discriminator 3)
    5740:	0e 94 00 00 	call	0	; 0x0 <__vectors>
    5744:	81 11       	cpse	r24, r1
/Users/jacobmajors/Library/Arduino15/packages/MightyCore/hardware/avr/3.1.0/cores/MCUdude_corefiles/HardwareSerial.cpp:70
    5746:	0c 94 00 00 	jmp	0	; 0x0 <__vectors>
/Users/jacobmajors/Library/Arduino15/packages/MightyCore/hardware/avr/3.1.0/cores/MCUdude_corefiles/HardwareSerial.cpp:78
  if (Serial2_available && serialEvent2 && Serial2_available()) serialEvent2();
#endif
#if defined(HAVE_HWSERIAL3)
  if (Serial3_available && serialEvent3 && Serial3_available()) serialEvent3();
#endif
}
    574a:	08 95       	ret

0000574c <HardwareSerial::_tx_udr_empty_irq()>:
_ZN14HardwareSerial17_tx_udr_empty_irqEv():
/Users/jacobmajors/Library/Arduino15/packages/MightyCore/hardware/avr/3.1.0/cores/MCUdude_corefiles/HardwareSerial.cpp:90
#endif

// Actual interrupt handlers //////////////////////////////////////////////////////////////

void HardwareSerial::_tx_udr_empty_irq(void)
{
    574c:	fc 01       	movw	r30, r24
/Users/jacobmajors/Library/Arduino15/packages/MightyCore/hardware/avr/3.1.0/cores/MCUdude_corefiles/HardwareSerial.cpp:93
  // If interrupts are enabled, there must be more data in the output
  // buffer. Send the next byte
  unsigned char c = _tx_buffer[_tx_buffer_tail];
    574e:	a4 8d       	ldd	r26, Z+28	; 0x1c
    5750:	a8 0f       	add	r26, r24
    5752:	b9 2f       	mov	r27, r25
    5754:	b1 1d       	adc	r27, r1
    5756:	a3 5a       	subi	r26, 0xA3	; 163
    5758:	bf 4f       	sbci	r27, 0xFF	; 255
    575a:	2c 91       	ld	r18, X
/Users/jacobmajors/Library/Arduino15/packages/MightyCore/hardware/avr/3.1.0/cores/MCUdude_corefiles/HardwareSerial.cpp:94
  _tx_buffer_tail = (_tx_buffer_tail + 1) % SERIAL_TX_BUFFER_SIZE;
    575c:	84 8d       	ldd	r24, Z+28	; 0x1c
    575e:	90 e0       	ldi	r25, 0x00	; 0
    5760:	01 96       	adiw	r24, 0x01	; 1
    5762:	8f 73       	andi	r24, 0x3F	; 63
    5764:	99 27       	eor	r25, r25
    5766:	84 8f       	std	Z+28, r24	; 0x1c
/Users/jacobmajors/Library/Arduino15/packages/MightyCore/hardware/avr/3.1.0/cores/MCUdude_corefiles/HardwareSerial.cpp:96

  *_udr = c;
    5768:	a6 89       	ldd	r26, Z+22	; 0x16
    576a:	b7 89       	ldd	r27, Z+23	; 0x17
    576c:	2c 93       	st	X, r18
/Users/jacobmajors/Library/Arduino15/packages/MightyCore/hardware/avr/3.1.0/cores/MCUdude_corefiles/HardwareSerial.cpp:104
  // location". This makes sure flush() won't return until the bytes
  // actually got written. Other r/w bits are preserved, and zeroes
  // written to the rest.

  #ifdef MPCM0
    *_ucsra = ((*_ucsra) & ((1 << U2X0) | (1 << MPCM0))) | (1 << TXC0);
    576e:	a0 89       	ldd	r26, Z+16	; 0x10
    5770:	b1 89       	ldd	r27, Z+17	; 0x11
    5772:	8c 91       	ld	r24, X
    5774:	83 70       	andi	r24, 0x03	; 3
    5776:	80 64       	ori	r24, 0x40	; 64
    5778:	8c 93       	st	X, r24
/Users/jacobmajors/Library/Arduino15/packages/MightyCore/hardware/avr/3.1.0/cores/MCUdude_corefiles/HardwareSerial.cpp:109
  #else
    *_ucsra = ((*_ucsra) & ((1 << U2X0) | (1 << TXC0)));
  #endif

  if (_tx_buffer_head == _tx_buffer_tail) {
    577a:	93 8d       	ldd	r25, Z+27	; 0x1b
    577c:	84 8d       	ldd	r24, Z+28	; 0x1c
    577e:	98 13       	cpse	r25, r24
    5780:	06 c0       	rjmp	.+12     	; 0x578e <HardwareSerial::_tx_udr_empty_irq()+0x42>
/Users/jacobmajors/Library/Arduino15/packages/MightyCore/hardware/avr/3.1.0/cores/MCUdude_corefiles/HardwareSerial.cpp:111
    // Buffer empty, so disable interrupts
    *_ucsrb &= ~_BV(UDRIE0);
    5782:	02 88       	ldd	r0, Z+18	; 0x12
    5784:	f3 89       	ldd	r31, Z+19	; 0x13
    5786:	e0 2d       	mov	r30, r0
    5788:	80 81       	ld	r24, Z
    578a:	8f 7d       	andi	r24, 0xDF	; 223
    578c:	80 83       	st	Z, r24
/Users/jacobmajors/Library/Arduino15/packages/MightyCore/hardware/avr/3.1.0/cores/MCUdude_corefiles/HardwareSerial.cpp:113
  }
}
    578e:	08 95       	ret

00005790 <HardwareSerial::flush()>:
_ZN14HardwareSerial5flushEv():
/Users/jacobmajors/Library/Arduino15/packages/MightyCore/hardware/avr/3.1.0/cores/MCUdude_corefiles/HardwareSerial.cpp:203
  if (head >= tail) return SERIAL_TX_BUFFER_SIZE - 1 - head + tail;
  return tail - head - 1;
}

void HardwareSerial::flush()
{
    5790:	cf 93       	push	r28
    5792:	df 93       	push	r29
    5794:	ec 01       	movw	r28, r24
/Users/jacobmajors/Library/Arduino15/packages/MightyCore/hardware/avr/3.1.0/cores/MCUdude_corefiles/HardwareSerial.cpp:207
  // If we have never written a byte, no need to flush. This special
  // case is needed since there is no way to force the TXC (transmit
  // complete) bit to 1 during initialization
  if (!_written)
    5796:	88 8d       	ldd	r24, Y+24	; 0x18
    5798:	88 23       	and	r24, r24
    579a:	b9 f0       	breq	.+46     	; 0x57ca <HardwareSerial::flush()+0x3a>
/Users/jacobmajors/Library/Arduino15/packages/MightyCore/hardware/avr/3.1.0/cores/MCUdude_corefiles/HardwareSerial.cpp:210
    return;

  while (bit_is_set(*_ucsrb, UDRIE0) || bit_is_clear(*_ucsra, TXC0)) {
    579c:	aa 89       	ldd	r26, Y+18	; 0x12
    579e:	bb 89       	ldd	r27, Y+19	; 0x13
    57a0:	e8 89       	ldd	r30, Y+16	; 0x10
    57a2:	f9 89       	ldd	r31, Y+17	; 0x11
    57a4:	8c 91       	ld	r24, X
    57a6:	85 fd       	sbrc	r24, 5
    57a8:	03 c0       	rjmp	.+6      	; 0x57b0 <HardwareSerial::flush()+0x20>
    57aa:	80 81       	ld	r24, Z
    57ac:	86 fd       	sbrc	r24, 6
    57ae:	0d c0       	rjmp	.+26     	; 0x57ca <HardwareSerial::flush()+0x3a>
/Users/jacobmajors/Library/Arduino15/packages/MightyCore/hardware/avr/3.1.0/cores/MCUdude_corefiles/HardwareSerial.cpp:211
    if (bit_is_clear(SREG, SREG_I) && bit_is_set(*_ucsrb, UDRIE0))
    57b0:	0f b6       	in	r0, 0x3f	; 63
    57b2:	07 fc       	sbrc	r0, 7
    57b4:	f7 cf       	rjmp	.-18     	; 0x57a4 <HardwareSerial::flush()+0x14>
    57b6:	8c 91       	ld	r24, X
    57b8:	85 ff       	sbrs	r24, 5
    57ba:	f2 cf       	rjmp	.-28     	; 0x57a0 <HardwareSerial::flush()+0x10>
/Users/jacobmajors/Library/Arduino15/packages/MightyCore/hardware/avr/3.1.0/cores/MCUdude_corefiles/HardwareSerial.cpp:215
      // Interrupts are globally disabled, but the DR empty
      // interrupt should be enabled, so poll the DR empty flag to
      // prevent deadlock
      if (bit_is_set(*_ucsra, UDRE0))
    57bc:	80 81       	ld	r24, Z
    57be:	85 ff       	sbrs	r24, 5
    57c0:	ed cf       	rjmp	.-38     	; 0x579c <HardwareSerial::flush()+0xc>
/Users/jacobmajors/Library/Arduino15/packages/MightyCore/hardware/avr/3.1.0/cores/MCUdude_corefiles/HardwareSerial.cpp:216
        _tx_udr_empty_irq();
    57c2:	ce 01       	movw	r24, r28
    57c4:	0e 94 a6 2b 	call	0x574c	; 0x574c <HardwareSerial::_tx_udr_empty_irq()>
    57c8:	e9 cf       	rjmp	.-46     	; 0x579c <HardwareSerial::flush()+0xc>
/Users/jacobmajors/Library/Arduino15/packages/MightyCore/hardware/avr/3.1.0/cores/MCUdude_corefiles/HardwareSerial.cpp:220
  }
  // If we get here, nothing is queued anymore (DRIE is disabled) and
  // the hardware finished tranmission (TXC is set).
}
    57ca:	df 91       	pop	r29
    57cc:	cf 91       	pop	r28
    57ce:	08 95       	ret

000057d0 <HardwareSerial::write(unsigned char)>:
_ZN14HardwareSerial5writeEh():
/Users/jacobmajors/Library/Arduino15/packages/MightyCore/hardware/avr/3.1.0/cores/MCUdude_corefiles/HardwareSerial.cpp:223

size_t HardwareSerial::write(uint8_t c)
{
    57d0:	ef 92       	push	r14
    57d2:	ff 92       	push	r15
    57d4:	0f 93       	push	r16
    57d6:	1f 93       	push	r17
    57d8:	cf 93       	push	r28
    57da:	df 93       	push	r29
    57dc:	ec 01       	movw	r28, r24
/Users/jacobmajors/Library/Arduino15/packages/MightyCore/hardware/avr/3.1.0/cores/MCUdude_corefiles/HardwareSerial.cpp:224
  _written = true;
    57de:	81 e0       	ldi	r24, 0x01	; 1
    57e0:	88 8f       	std	Y+24, r24	; 0x18
/Users/jacobmajors/Library/Arduino15/packages/MightyCore/hardware/avr/3.1.0/cores/MCUdude_corefiles/HardwareSerial.cpp:229
  // If the buffer and the data register is empty, just write the byte
  // to the data register and be done. This shortcut helps
  // significantly improve the effective datarate at high (>
  // 500kbit/s) bitrates, where interrupt overhead becomes a slowdown.
  if (_tx_buffer_head == _tx_buffer_tail && bit_is_set(*_ucsra, UDRE0)) {
    57e2:	9b 8d       	ldd	r25, Y+27	; 0x1b
    57e4:	8c 8d       	ldd	r24, Y+28	; 0x1c
    57e6:	98 13       	cpse	r25, r24
    57e8:	1a c0       	rjmp	.+52     	; 0x581e <HardwareSerial::write(unsigned char)+0x4e>
/Users/jacobmajors/Library/Arduino15/packages/MightyCore/hardware/avr/3.1.0/cores/MCUdude_corefiles/HardwareSerial.cpp:229 (discriminator 1)
    57ea:	e8 89       	ldd	r30, Y+16	; 0x10
    57ec:	f9 89       	ldd	r31, Y+17	; 0x11
    57ee:	80 81       	ld	r24, Z
    57f0:	85 ff       	sbrs	r24, 5
    57f2:	15 c0       	rjmp	.+42     	; 0x581e <HardwareSerial::write(unsigned char)+0x4e>
/Users/jacobmajors/Library/Arduino15/packages/MightyCore/hardware/avr/3.1.0/cores/MCUdude_corefiles/HardwareSerial.cpp:238
    // So writing UDR must happen first.
    // Writing UDR and clearing TC must be done atomically, otherwise
    // interrupts might delay the TXC clear so the byte written to UDR
    // is transmitted (setting TXC) before clearing TXC. Then TXC will
    // be cleared when no bytes are left, causing flush() to hang
    ATOMIC_BLOCK(ATOMIC_RESTORESTATE) {
    57f4:	9f b7       	in	r25, 0x3f	; 63
__iCliRetVal():
/Users/jacobmajors/Library/Arduino15/packages/arduino/tools/avr-gcc/7.3.0-atmel3.6.1-arduino7/avr/include/util/atomic.h:50
    return 1;
}

static __inline__ uint8_t __iCliRetVal(void)
{
    cli();
    57f6:	f8 94       	cli
_ZN14HardwareSerial5writeEh():
/Users/jacobmajors/Library/Arduino15/packages/MightyCore/hardware/avr/3.1.0/cores/MCUdude_corefiles/HardwareSerial.cpp:239
      *_udr = c;
    57f8:	ee 89       	ldd	r30, Y+22	; 0x16
    57fa:	ff 89       	ldd	r31, Y+23	; 0x17
    57fc:	60 83       	st	Z, r22
/Users/jacobmajors/Library/Arduino15/packages/MightyCore/hardware/avr/3.1.0/cores/MCUdude_corefiles/HardwareSerial.cpp:241
      #ifdef MPCM0
        *_ucsra = ((*_ucsra) & ((1 << U2X0) | (1 << MPCM0))) | (1 << TXC0);
    57fe:	e8 89       	ldd	r30, Y+16	; 0x10
    5800:	f9 89       	ldd	r31, Y+17	; 0x11
    5802:	80 81       	ld	r24, Z
    5804:	83 70       	andi	r24, 0x03	; 3
    5806:	80 64       	ori	r24, 0x40	; 64
/Users/jacobmajors/Library/Arduino15/packages/MightyCore/hardware/avr/3.1.0/cores/MCUdude_corefiles/HardwareSerial.cpp:271
  // make atomic to prevent execution of ISR between setting the
  // head pointer and setting the interrupt flag resulting in buffer
  // retransmission
  ATOMIC_BLOCK(ATOMIC_RESTORESTATE) {
    _tx_buffer_head = i;
    *_ucsrb |= _BV(UDRIE0);
    5808:	80 83       	st	Z, r24
__iRestore():
/Users/jacobmajors/Library/Arduino15/packages/arduino/tools/avr-gcc/7.3.0-atmel3.6.1-arduino7/avr/include/util/atomic.h:70
    (void)__s;
}

static __inline__ void __iRestore(const  uint8_t *__s)
{
    SREG = *__s;
    580a:	9f bf       	out	0x3f, r25	; 63
_ZN14HardwareSerial5writeEh():
/Users/jacobmajors/Library/Arduino15/packages/MightyCore/hardware/avr/3.1.0/cores/MCUdude_corefiles/HardwareSerial.cpp:275
  }
  
  return 1;
}
    580c:	81 e0       	ldi	r24, 0x01	; 1
    580e:	90 e0       	ldi	r25, 0x00	; 0
    5810:	df 91       	pop	r29
    5812:	cf 91       	pop	r28
    5814:	1f 91       	pop	r17
    5816:	0f 91       	pop	r16
    5818:	ff 90       	pop	r15
    581a:	ef 90       	pop	r14
    581c:	08 95       	ret
    581e:	f6 2e       	mov	r15, r22
/Users/jacobmajors/Library/Arduino15/packages/MightyCore/hardware/avr/3.1.0/cores/MCUdude_corefiles/HardwareSerial.cpp:248
        *_ucsra = ((*_ucsra) & ((1 << U2X0) | (1 << TXC0)));
      #endif
    }
    return 1;
  }
  tx_buffer_index_t i = (_tx_buffer_head + 1) % SERIAL_TX_BUFFER_SIZE;
    5820:	0b 8d       	ldd	r16, Y+27	; 0x1b
    5822:	10 e0       	ldi	r17, 0x00	; 0
    5824:	0f 5f       	subi	r16, 0xFF	; 255
    5826:	1f 4f       	sbci	r17, 0xFF	; 255
    5828:	0f 73       	andi	r16, 0x3F	; 63
    582a:	11 27       	eor	r17, r17
    582c:	e0 2e       	mov	r14, r16
/Users/jacobmajors/Library/Arduino15/packages/MightyCore/hardware/avr/3.1.0/cores/MCUdude_corefiles/HardwareSerial.cpp:252

  // If the output buffer is full, there's nothing for it other than to 
  // wait for the interrupt handler to empty it a bit
  while (i == _tx_buffer_tail) {
    582e:	8c 8d       	ldd	r24, Y+28	; 0x1c
    5830:	8e 11       	cpse	r24, r14
    5832:	0c c0       	rjmp	.+24     	; 0x584c <HardwareSerial::write(unsigned char)+0x7c>
/Users/jacobmajors/Library/Arduino15/packages/MightyCore/hardware/avr/3.1.0/cores/MCUdude_corefiles/HardwareSerial.cpp:253
    if (bit_is_clear(SREG, SREG_I)) {
    5834:	0f b6       	in	r0, 0x3f	; 63
    5836:	07 fc       	sbrc	r0, 7
    5838:	fa cf       	rjmp	.-12     	; 0x582e <HardwareSerial::write(unsigned char)+0x5e>
/Users/jacobmajors/Library/Arduino15/packages/MightyCore/hardware/avr/3.1.0/cores/MCUdude_corefiles/HardwareSerial.cpp:258
      // Interrupts are disabled, so we'll have to poll the data
      // register empty flag ourselves. If it is set, pretend an
      // interrupt has happened and call the handler to free up
      // space for us.
      if(bit_is_set(*_ucsra, UDRE0))
    583a:	e8 89       	ldd	r30, Y+16	; 0x10
    583c:	f9 89       	ldd	r31, Y+17	; 0x11
    583e:	80 81       	ld	r24, Z
    5840:	85 ff       	sbrs	r24, 5
    5842:	f5 cf       	rjmp	.-22     	; 0x582e <HardwareSerial::write(unsigned char)+0x5e>
/Users/jacobmajors/Library/Arduino15/packages/MightyCore/hardware/avr/3.1.0/cores/MCUdude_corefiles/HardwareSerial.cpp:259
        _tx_udr_empty_irq();
    5844:	ce 01       	movw	r24, r28
    5846:	0e 94 a6 2b 	call	0x574c	; 0x574c <HardwareSerial::_tx_udr_empty_irq()>
    584a:	f1 cf       	rjmp	.-30     	; 0x582e <HardwareSerial::write(unsigned char)+0x5e>
/Users/jacobmajors/Library/Arduino15/packages/MightyCore/hardware/avr/3.1.0/cores/MCUdude_corefiles/HardwareSerial.cpp:265
    } else {
      // nop, the interrupt handler will free up space for us
    }
  }

  _tx_buffer[_tx_buffer_head] = c;
    584c:	eb 8d       	ldd	r30, Y+27	; 0x1b
    584e:	ec 0f       	add	r30, r28
    5850:	fd 2f       	mov	r31, r29
    5852:	f1 1d       	adc	r31, r1
    5854:	e3 5a       	subi	r30, 0xA3	; 163
    5856:	ff 4f       	sbci	r31, 0xFF	; 255
    5858:	f0 82       	st	Z, r15
/Users/jacobmajors/Library/Arduino15/packages/MightyCore/hardware/avr/3.1.0/cores/MCUdude_corefiles/HardwareSerial.cpp:269
  // make atomic to prevent execution of ISR between setting the
  // head pointer and setting the interrupt flag resulting in buffer
  // retransmission
  ATOMIC_BLOCK(ATOMIC_RESTORESTATE) {
    585a:	9f b7       	in	r25, 0x3f	; 63
__iCliRetVal():
/Users/jacobmajors/Library/Arduino15/packages/arduino/tools/avr-gcc/7.3.0-atmel3.6.1-arduino7/avr/include/util/atomic.h:50
    return 1;
}

static __inline__ uint8_t __iCliRetVal(void)
{
    cli();
    585c:	f8 94       	cli
_ZN14HardwareSerial5writeEh():
/Users/jacobmajors/Library/Arduino15/packages/MightyCore/hardware/avr/3.1.0/cores/MCUdude_corefiles/HardwareSerial.cpp:270
    _tx_buffer_head = i;
    585e:	0b 8f       	std	Y+27, r16	; 0x1b
/Users/jacobmajors/Library/Arduino15/packages/MightyCore/hardware/avr/3.1.0/cores/MCUdude_corefiles/HardwareSerial.cpp:271
    *_ucsrb |= _BV(UDRIE0);
    5860:	ea 89       	ldd	r30, Y+18	; 0x12
    5862:	fb 89       	ldd	r31, Y+19	; 0x13
    5864:	80 81       	ld	r24, Z
    5866:	80 62       	ori	r24, 0x20	; 32
    5868:	cf cf       	rjmp	.-98     	; 0x5808 <HardwareSerial::write(unsigned char)+0x38>

0000586a <HardwareSerial::begin(unsigned long, unsigned char)>:
_ZN14HardwareSerial5beginEmh():
/Users/jacobmajors/Library/Arduino15/packages/MightyCore/hardware/avr/3.1.0/cores/MCUdude_corefiles/HardwareSerial.cpp:118
}

// Public Methods //////////////////////////////////////////////////////////////

void HardwareSerial::begin(unsigned long baud, byte config)
{
    586a:	cf 92       	push	r12
    586c:	df 92       	push	r13
    586e:	ef 92       	push	r14
    5870:	ff 92       	push	r15
    5872:	1f 93       	push	r17
    5874:	cf 93       	push	r28
    5876:	df 93       	push	r29
    5878:	ec 01       	movw	r28, r24
    587a:	6a 01       	movw	r12, r20
    587c:	7b 01       	movw	r14, r22
    587e:	12 2f       	mov	r17, r18
/Users/jacobmajors/Library/Arduino15/packages/MightyCore/hardware/avr/3.1.0/cores/MCUdude_corefiles/HardwareSerial.cpp:121
  // Try u2x mode first
  uint16_t baud_setting = (F_CPU / 4 / baud - 1) / 2;
  *_ucsra = 1 << U2X0;
    5880:	e8 89       	ldd	r30, Y+16	; 0x10
    5882:	f9 89       	ldd	r31, Y+17	; 0x11
    5884:	82 e0       	ldi	r24, 0x02	; 2
    5886:	80 83       	st	Z, r24
/Users/jacobmajors/Library/Arduino15/packages/MightyCore/hardware/avr/3.1.0/cores/MCUdude_corefiles/HardwareSerial.cpp:128
  // hardcoded exception for 57600 for compatibility with the bootloader
  // shipped with the Duemilanove and previous boards and the firmware
  // on the 8U2 on the Uno and Mega 2560. Also, The baud_setting cannot
  // be > 4095, so switch back to non-u2x mode if the baud rate is too
  // low.
  if (((F_CPU == 16000000UL) && (baud == 57600)) || (baud_setting >4095))
    5888:	c1 14       	cp	r12, r1
    588a:	81 ee       	ldi	r24, 0xE1	; 225
    588c:	d8 06       	cpc	r13, r24
    588e:	e1 04       	cpc	r14, r1
    5890:	f1 04       	cpc	r15, r1
    5892:	a1 f0       	breq	.+40     	; 0x58bc <HardwareSerial::begin(unsigned long, unsigned char)+0x52>
/Users/jacobmajors/Library/Arduino15/packages/MightyCore/hardware/avr/3.1.0/cores/MCUdude_corefiles/HardwareSerial.cpp:120 (discriminator 1)
// Public Methods //////////////////////////////////////////////////////////////

void HardwareSerial::begin(unsigned long baud, byte config)
{
  // Try u2x mode first
  uint16_t baud_setting = (F_CPU / 4 / baud - 1) / 2;
    5894:	60 e0       	ldi	r22, 0x00	; 0
    5896:	79 e0       	ldi	r23, 0x09	; 9
    5898:	8d e3       	ldi	r24, 0x3D	; 61
    589a:	90 e0       	ldi	r25, 0x00	; 0
    589c:	a7 01       	movw	r20, r14
    589e:	96 01       	movw	r18, r12
    58a0:	0e 94 e5 35 	call	0x6bca	; 0x6bca <__udivmodsi4>
    58a4:	21 50       	subi	r18, 0x01	; 1
    58a6:	31 09       	sbc	r19, r1
    58a8:	41 09       	sbc	r20, r1
    58aa:	51 09       	sbc	r21, r1
    58ac:	56 95       	lsr	r21
    58ae:	47 95       	ror	r20
    58b0:	37 95       	ror	r19
    58b2:	27 95       	ror	r18
/Users/jacobmajors/Library/Arduino15/packages/MightyCore/hardware/avr/3.1.0/cores/MCUdude_corefiles/HardwareSerial.cpp:128 (discriminator 1)
  // hardcoded exception for 57600 for compatibility with the bootloader
  // shipped with the Duemilanove and previous boards and the firmware
  // on the 8U2 on the Uno and Mega 2560. Also, The baud_setting cannot
  // be > 4095, so switch back to non-u2x mode if the baud rate is too
  // low.
  if (((F_CPU == 16000000UL) && (baud == 57600)) || (baud_setting >4095))
    58b4:	21 15       	cp	r18, r1
    58b6:	80 e1       	ldi	r24, 0x10	; 16
    58b8:	38 07       	cpc	r19, r24
    58ba:	98 f0       	brcs	.+38     	; 0x58e2 <HardwareSerial::begin(unsigned long, unsigned char)+0x78>
/Users/jacobmajors/Library/Arduino15/packages/MightyCore/hardware/avr/3.1.0/cores/MCUdude_corefiles/HardwareSerial.cpp:130
  {
    *_ucsra = 0;
    58bc:	e8 89       	ldd	r30, Y+16	; 0x10
    58be:	f9 89       	ldd	r31, Y+17	; 0x11
    58c0:	10 82       	st	Z, r1
/Users/jacobmajors/Library/Arduino15/packages/MightyCore/hardware/avr/3.1.0/cores/MCUdude_corefiles/HardwareSerial.cpp:131
    baud_setting = (F_CPU / 8 / baud - 1) / 2;
    58c2:	60 e8       	ldi	r22, 0x80	; 128
    58c4:	74 e8       	ldi	r23, 0x84	; 132
    58c6:	8e e1       	ldi	r24, 0x1E	; 30
    58c8:	90 e0       	ldi	r25, 0x00	; 0
    58ca:	a7 01       	movw	r20, r14
    58cc:	96 01       	movw	r18, r12
    58ce:	0e 94 e5 35 	call	0x6bca	; 0x6bca <__udivmodsi4>
    58d2:	21 50       	subi	r18, 0x01	; 1
    58d4:	31 09       	sbc	r19, r1
    58d6:	41 09       	sbc	r20, r1
    58d8:	51 09       	sbc	r21, r1
    58da:	56 95       	lsr	r21
    58dc:	47 95       	ror	r20
    58de:	37 95       	ror	r19
    58e0:	27 95       	ror	r18
/Users/jacobmajors/Library/Arduino15/packages/MightyCore/hardware/avr/3.1.0/cores/MCUdude_corefiles/HardwareSerial.cpp:135
  }

  // assign the baud_setting, a.k.a. ubrr (USART Baud Rate Register)
  *_ubrrh = baud_setting >> 8;
    58e2:	ec 85       	ldd	r30, Y+12	; 0x0c
    58e4:	fd 85       	ldd	r31, Y+13	; 0x0d
    58e6:	30 83       	st	Z, r19
/Users/jacobmajors/Library/Arduino15/packages/MightyCore/hardware/avr/3.1.0/cores/MCUdude_corefiles/HardwareSerial.cpp:136
  *_ubrrl = baud_setting;
    58e8:	ee 85       	ldd	r30, Y+14	; 0x0e
    58ea:	ff 85       	ldd	r31, Y+15	; 0x0f
    58ec:	20 83       	st	Z, r18
/Users/jacobmajors/Library/Arduino15/packages/MightyCore/hardware/avr/3.1.0/cores/MCUdude_corefiles/HardwareSerial.cpp:138

  _written = false;
    58ee:	18 8e       	std	Y+24, r1	; 0x18
/Users/jacobmajors/Library/Arduino15/packages/MightyCore/hardware/avr/3.1.0/cores/MCUdude_corefiles/HardwareSerial.cpp:146
#if defined(__AVR_ATmega8__) || defined(__AVR_ATmega8515__) || defined(__AVR_ATmega162__) \
|| defined(__AVR_ATmega8535__) || defined(__AVR_ATmega16__)|| defined(__AVR_ATmega32__)   \
|| defined(__AVR_ATmega162__)
  config |= 0x80; // select UCSRC register (shared with UBRRH)
#endif
  *_ucsrc = config;
    58f0:	ec 89       	ldd	r30, Y+20	; 0x14
    58f2:	fd 89       	ldd	r31, Y+21	; 0x15
    58f4:	10 83       	st	Z, r17
/Users/jacobmajors/Library/Arduino15/packages/MightyCore/hardware/avr/3.1.0/cores/MCUdude_corefiles/HardwareSerial.cpp:148
  
  *_ucsrb |= _BV(RXEN0) | _BV(TXEN0) | _BV(RXCIE0);
    58f6:	ea 89       	ldd	r30, Y+18	; 0x12
    58f8:	fb 89       	ldd	r31, Y+19	; 0x13
    58fa:	80 81       	ld	r24, Z
    58fc:	88 69       	ori	r24, 0x98	; 152
    58fe:	80 83       	st	Z, r24
/Users/jacobmajors/Library/Arduino15/packages/MightyCore/hardware/avr/3.1.0/cores/MCUdude_corefiles/HardwareSerial.cpp:149
  *_ucsrb &= ~_BV(UDRIE0);
    5900:	ea 89       	ldd	r30, Y+18	; 0x12
    5902:	fb 89       	ldd	r31, Y+19	; 0x13
    5904:	80 81       	ld	r24, Z
    5906:	8f 7d       	andi	r24, 0xDF	; 223
    5908:	80 83       	st	Z, r24
/Users/jacobmajors/Library/Arduino15/packages/MightyCore/hardware/avr/3.1.0/cores/MCUdude_corefiles/HardwareSerial.cpp:150
}
    590a:	df 91       	pop	r29
    590c:	cf 91       	pop	r28
    590e:	1f 91       	pop	r17
    5910:	ff 90       	pop	r15
    5912:	ef 90       	pop	r14
    5914:	df 90       	pop	r13
    5916:	cf 90       	pop	r12
    5918:	08 95       	ret

0000591a <__vector_20>:
__vector_20():
/Users/jacobmajors/Library/Arduino15/packages/MightyCore/hardware/avr/3.1.0/cores/MCUdude_corefiles/HardwareSerial0.cpp:50
#elif defined(USART_RX_vect)
  ISR(USART_RX_vect)
#else
  #error "Don't know what the Data Received vector is called for Serial"
#endif
  {
    591a:	1f 92       	push	r1
    591c:	0f 92       	push	r0
    591e:	0f b6       	in	r0, 0x3f	; 63
    5920:	0f 92       	push	r0
    5922:	11 24       	eor	r1, r1
    5924:	0b b6       	in	r0, 0x3b	; 59
    5926:	0f 92       	push	r0
    5928:	2f 93       	push	r18
    592a:	8f 93       	push	r24
    592c:	9f 93       	push	r25
    592e:	ef 93       	push	r30
    5930:	ff 93       	push	r31
_ZN14HardwareSerial16_rx_complete_irqEv():
/Users/jacobmajors/Library/Arduino15/packages/MightyCore/hardware/avr/3.1.0/cores/MCUdude_corefiles/HardwareSerial_private.h:100

// Actual interrupt handlers //////////////////////////////////////////////////////////////

void HardwareSerial::_rx_complete_irq(void)
{
  if (bit_is_clear(*_ucsra, UPE0)) {
    5932:	e0 91 52 0a 	lds	r30, 0x0A52	; 0x800a52 <Serial+0x10>
    5936:	f0 91 53 0a 	lds	r31, 0x0A53	; 0x800a53 <Serial+0x11>
    593a:	80 81       	ld	r24, Z
    593c:	e0 91 58 0a 	lds	r30, 0x0A58	; 0x800a58 <Serial+0x16>
    5940:	f0 91 59 0a 	lds	r31, 0x0A59	; 0x800a59 <Serial+0x17>
    5944:	82 fd       	sbrc	r24, 2
    5946:	1d c0       	rjmp	.+58     	; 0x5982 <__vector_20+0x68>
/Users/jacobmajors/Library/Arduino15/packages/MightyCore/hardware/avr/3.1.0/cores/MCUdude_corefiles/HardwareSerial_private.h:103
    // No Parity error, read byte and store it in the buffer if there is
    // room
    unsigned char c = *_udr;
    5948:	90 81       	ld	r25, Z
/Users/jacobmajors/Library/Arduino15/packages/MightyCore/hardware/avr/3.1.0/cores/MCUdude_corefiles/HardwareSerial_private.h:104
    rx_buffer_index_t i = (unsigned int)(_rx_buffer_head + 1) % SERIAL_RX_BUFFER_SIZE;
    594a:	80 91 5b 0a 	lds	r24, 0x0A5B	; 0x800a5b <Serial+0x19>
    594e:	8f 5f       	subi	r24, 0xFF	; 255
    5950:	8f 73       	andi	r24, 0x3F	; 63
/Users/jacobmajors/Library/Arduino15/packages/MightyCore/hardware/avr/3.1.0/cores/MCUdude_corefiles/HardwareSerial_private.h:110

    // if we should be storing the received character into the location
    // just before the tail (meaning that the head would advance to the
    // current location of the tail), we're about to overflow the buffer
    // and so we don't write the character or advance the head.
    if (i != _rx_buffer_tail) {
    5952:	20 91 5c 0a 	lds	r18, 0x0A5C	; 0x800a5c <Serial+0x1a>
    5956:	82 17       	cp	r24, r18
    5958:	41 f0       	breq	.+16     	; 0x596a <__vector_20+0x50>
/Users/jacobmajors/Library/Arduino15/packages/MightyCore/hardware/avr/3.1.0/cores/MCUdude_corefiles/HardwareSerial_private.h:111
      _rx_buffer[_rx_buffer_head] = c;
    595a:	e0 91 5b 0a 	lds	r30, 0x0A5B	; 0x800a5b <Serial+0x19>
    595e:	f0 e0       	ldi	r31, 0x00	; 0
    5960:	ee 5b       	subi	r30, 0xBE	; 190
    5962:	f5 4f       	sbci	r31, 0xF5	; 245
    5964:	95 8f       	std	Z+29, r25	; 0x1d
/Users/jacobmajors/Library/Arduino15/packages/MightyCore/hardware/avr/3.1.0/cores/MCUdude_corefiles/HardwareSerial_private.h:112
      _rx_buffer_head = i;
    5966:	80 93 5b 0a 	sts	0x0A5B, r24	; 0x800a5b <Serial+0x19>
__vector_20():
/Users/jacobmajors/Library/Arduino15/packages/MightyCore/hardware/avr/3.1.0/cores/MCUdude_corefiles/HardwareSerial0.cpp:52
    Serial._rx_complete_irq();
  }
    596a:	ff 91       	pop	r31
    596c:	ef 91       	pop	r30
    596e:	9f 91       	pop	r25
    5970:	8f 91       	pop	r24
    5972:	2f 91       	pop	r18
    5974:	0f 90       	pop	r0
    5976:	0b be       	out	0x3b, r0	; 59
    5978:	0f 90       	pop	r0
    597a:	0f be       	out	0x3f, r0	; 63
    597c:	0f 90       	pop	r0
    597e:	1f 90       	pop	r1
    5980:	18 95       	reti
_ZN14HardwareSerial16_rx_complete_irqEv():
/Users/jacobmajors/Library/Arduino15/packages/MightyCore/hardware/avr/3.1.0/cores/MCUdude_corefiles/HardwareSerial_private.h:116
    }
  } else {
    // Parity error, read byte but discard it
    *_udr;
    5982:	80 81       	ld	r24, Z
__vector_20():
/Users/jacobmajors/Library/Arduino15/packages/MightyCore/hardware/avr/3.1.0/cores/MCUdude_corefiles/HardwareSerial0.cpp:52
    5984:	f2 cf       	rjmp	.-28     	; 0x596a <__vector_20+0x50>

00005986 <__vector_21>:
__vector_21():
/Users/jacobmajors/Library/Arduino15/packages/MightyCore/hardware/avr/3.1.0/cores/MCUdude_corefiles/HardwareSerial0.cpp:63
#elif defined(USART0_UDRE_vect)
ISR(USART0_UDRE_vect)
#else
  #error "Don't know what the Data Register Empty vector is called for Serial"
#endif
{
    5986:	1f 92       	push	r1
    5988:	0f 92       	push	r0
    598a:	0f b6       	in	r0, 0x3f	; 63
    598c:	0f 92       	push	r0
    598e:	11 24       	eor	r1, r1
    5990:	0b b6       	in	r0, 0x3b	; 59
    5992:	0f 92       	push	r0
    5994:	2f 93       	push	r18
    5996:	3f 93       	push	r19
    5998:	4f 93       	push	r20
    599a:	5f 93       	push	r21
    599c:	6f 93       	push	r22
    599e:	7f 93       	push	r23
    59a0:	8f 93       	push	r24
    59a2:	9f 93       	push	r25
    59a4:	af 93       	push	r26
    59a6:	bf 93       	push	r27
    59a8:	ef 93       	push	r30
    59aa:	ff 93       	push	r31
/Users/jacobmajors/Library/Arduino15/packages/MightyCore/hardware/avr/3.1.0/cores/MCUdude_corefiles/HardwareSerial0.cpp:64
  Serial._tx_udr_empty_irq();
    59ac:	82 e4       	ldi	r24, 0x42	; 66
    59ae:	9a e0       	ldi	r25, 0x0A	; 10
    59b0:	0e 94 a6 2b 	call	0x574c	; 0x574c <HardwareSerial::_tx_udr_empty_irq()>
/Users/jacobmajors/Library/Arduino15/packages/MightyCore/hardware/avr/3.1.0/cores/MCUdude_corefiles/HardwareSerial0.cpp:65
}
    59b4:	ff 91       	pop	r31
    59b6:	ef 91       	pop	r30
    59b8:	bf 91       	pop	r27
    59ba:	af 91       	pop	r26
    59bc:	9f 91       	pop	r25
    59be:	8f 91       	pop	r24
    59c0:	7f 91       	pop	r23
    59c2:	6f 91       	pop	r22
    59c4:	5f 91       	pop	r21
    59c6:	4f 91       	pop	r20
    59c8:	3f 91       	pop	r19
    59ca:	2f 91       	pop	r18
    59cc:	0f 90       	pop	r0
    59ce:	0b be       	out	0x3b, r0	; 59
    59d0:	0f 90       	pop	r0
    59d2:	0f be       	out	0x3f, r0	; 63
    59d4:	0f 90       	pop	r0
    59d6:	1f 90       	pop	r1
    59d8:	18 95       	reti

000059da <Serial0_available()>:
_Z17Serial0_availablev():
/Users/jacobmajors/Library/Arduino15/packages/MightyCore/hardware/avr/3.1.0/cores/MCUdude_corefiles/HardwareSerial0.cpp:76
#endif

// Function that can be weakly referenced by serialEventRun to prevent
// pulling in this file if it's not otherwise used.
bool Serial0_available() {
  return Serial.available();
    59da:	82 e4       	ldi	r24, 0x42	; 66
    59dc:	9a e0       	ldi	r25, 0x0A	; 10
    59de:	0e 94 4e 2b 	call	0x569c	; 0x569c <HardwareSerial::available()>
    59e2:	21 e0       	ldi	r18, 0x01	; 1
    59e4:	89 2b       	or	r24, r25
    59e6:	09 f4       	brne	.+2      	; 0x59ea <Serial0_available()+0x10>
    59e8:	20 e0       	ldi	r18, 0x00	; 0
/Users/jacobmajors/Library/Arduino15/packages/MightyCore/hardware/avr/3.1.0/cores/MCUdude_corefiles/HardwareSerial0.cpp:77
}
    59ea:	82 2f       	mov	r24, r18
    59ec:	08 95       	ret

000059ee <_GLOBAL__sub_I___vector_20>:
_ZN5PrintC4Ev():
/Users/jacobmajors/Library/Arduino15/packages/MightyCore/hardware/avr/3.1.0/cores/MCUdude_corefiles/Print.h:46
    59ee:	e2 e4       	ldi	r30, 0x42	; 66
    59f0:	fa e0       	ldi	r31, 0x0A	; 10
    59f2:	13 82       	std	Z+3, r1	; 0x03
    59f4:	12 82       	std	Z+2, r1	; 0x02
_ZN6StreamC4Ev():
/Users/jacobmajors/Library/Arduino15/packages/MightyCore/hardware/avr/3.1.0/cores/MCUdude_corefiles/Stream.h:63
    59f6:	88 ee       	ldi	r24, 0xE8	; 232
    59f8:	93 e0       	ldi	r25, 0x03	; 3
    59fa:	a0 e0       	ldi	r26, 0x00	; 0
    59fc:	b0 e0       	ldi	r27, 0x00	; 0
    59fe:	84 83       	std	Z+4, r24	; 0x04
    5a00:	95 83       	std	Z+5, r25	; 0x05
    5a02:	a6 83       	std	Z+6, r26	; 0x06
    5a04:	b7 83       	std	Z+7, r27	; 0x07
_ZN14HardwareSerialC4EPVhS1_S1_S1_S1_S1_():
/Users/jacobmajors/Library/Arduino15/packages/MightyCore/hardware/avr/3.1.0/cores/MCUdude_corefiles/HardwareSerial_private.h:92
  volatile uint8_t *ucsrc, volatile uint8_t *udr) :
    _ubrrh(ubrrh), _ubrrl(ubrrl),
    _ucsra(ucsra), _ucsrb(ucsrb), _ucsrc(ucsrc),
    _udr(udr),
    _rx_buffer_head(0), _rx_buffer_tail(0),
    _tx_buffer_head(0), _tx_buffer_tail(0)
    5a06:	87 e8       	ldi	r24, 0x87	; 135
    5a08:	93 e0       	ldi	r25, 0x03	; 3
    5a0a:	91 83       	std	Z+1, r25	; 0x01
    5a0c:	80 83       	st	Z, r24
    5a0e:	85 ec       	ldi	r24, 0xC5	; 197
    5a10:	90 e0       	ldi	r25, 0x00	; 0
    5a12:	95 87       	std	Z+13, r25	; 0x0d
    5a14:	84 87       	std	Z+12, r24	; 0x0c
    5a16:	84 ec       	ldi	r24, 0xC4	; 196
    5a18:	90 e0       	ldi	r25, 0x00	; 0
    5a1a:	97 87       	std	Z+15, r25	; 0x0f
    5a1c:	86 87       	std	Z+14, r24	; 0x0e
    5a1e:	80 ec       	ldi	r24, 0xC0	; 192
    5a20:	90 e0       	ldi	r25, 0x00	; 0
    5a22:	91 8b       	std	Z+17, r25	; 0x11
    5a24:	80 8b       	std	Z+16, r24	; 0x10
    5a26:	81 ec       	ldi	r24, 0xC1	; 193
    5a28:	90 e0       	ldi	r25, 0x00	; 0
    5a2a:	93 8b       	std	Z+19, r25	; 0x13
    5a2c:	82 8b       	std	Z+18, r24	; 0x12
    5a2e:	82 ec       	ldi	r24, 0xC2	; 194
    5a30:	90 e0       	ldi	r25, 0x00	; 0
    5a32:	95 8b       	std	Z+21, r25	; 0x15
    5a34:	84 8b       	std	Z+20, r24	; 0x14
    5a36:	86 ec       	ldi	r24, 0xC6	; 198
    5a38:	90 e0       	ldi	r25, 0x00	; 0
    5a3a:	97 8b       	std	Z+23, r25	; 0x17
    5a3c:	86 8b       	std	Z+22, r24	; 0x16
    5a3e:	11 8e       	std	Z+25, r1	; 0x19
    5a40:	12 8e       	std	Z+26, r1	; 0x1a
    5a42:	13 8e       	std	Z+27, r1	; 0x1b
    5a44:	14 8e       	std	Z+28, r1	; 0x1c
_GLOBAL__sub_I___vector_20():
/Users/jacobmajors/Library/Arduino15/packages/MightyCore/hardware/avr/3.1.0/cores/MCUdude_corefiles/HardwareSerial0.cpp:77
    5a46:	08 95       	ret

00005a48 <Print::write(unsigned char const*, unsigned int)>:
_ZN5Print5writeEPKhj():
/Users/jacobmajors/Library/Arduino15/packages/MightyCore/hardware/avr/3.1.0/cores/MCUdude_corefiles/Print.cpp:123
  return n;
}

size_t Print::print(const Printable& x)
{
  return x.printTo(*this);
    5a48:	af 92       	push	r10
    5a4a:	bf 92       	push	r11
    5a4c:	cf 92       	push	r12
    5a4e:	df 92       	push	r13
    5a50:	ef 92       	push	r14
    5a52:	ff 92       	push	r15
    5a54:	0f 93       	push	r16
    5a56:	1f 93       	push	r17
    5a58:	cf 93       	push	r28
    5a5a:	df 93       	push	r29
    5a5c:	6c 01       	movw	r12, r24
    5a5e:	7b 01       	movw	r14, r22
    5a60:	8b 01       	movw	r16, r22
    5a62:	04 0f       	add	r16, r20
    5a64:	15 1f       	adc	r17, r21
    5a66:	eb 01       	movw	r28, r22
    5a68:	5e 01       	movw	r10, r28
    5a6a:	ae 18       	sub	r10, r14
    5a6c:	bf 08       	sbc	r11, r15
    5a6e:	c0 17       	cp	r28, r16
    5a70:	d1 07       	cpc	r29, r17
    5a72:	59 f0       	breq	.+22     	; 0x5a8a <Print::write(unsigned char const*, unsigned int)+0x42>
    5a74:	69 91       	ld	r22, Y+
    5a76:	d6 01       	movw	r26, r12
    5a78:	ed 91       	ld	r30, X+
    5a7a:	fc 91       	ld	r31, X
    5a7c:	01 90       	ld	r0, Z+
    5a7e:	f0 81       	ld	r31, Z
    5a80:	e0 2d       	mov	r30, r0
    5a82:	c6 01       	movw	r24, r12
    5a84:	09 95       	icall
    5a86:	89 2b       	or	r24, r25
    5a88:	79 f7       	brne	.-34     	; 0x5a68 <Print::write(unsigned char const*, unsigned int)+0x20>
    5a8a:	c5 01       	movw	r24, r10
    5a8c:	df 91       	pop	r29
    5a8e:	cf 91       	pop	r28
    5a90:	1f 91       	pop	r17
    5a92:	0f 91       	pop	r16
    5a94:	ff 90       	pop	r15
    5a96:	ef 90       	pop	r14
    5a98:	df 90       	pop	r13
    5a9a:	cf 90       	pop	r12
    5a9c:	bf 90       	pop	r11
    5a9e:	af 90       	pop	r10
    5aa0:	08 95       	ret

00005aa2 <Print::write(char const*) [clone .part.2]>:
_ZN5Print5writeEPKc():
    5aa2:	fb 01       	movw	r30, r22
    5aa4:	01 90       	ld	r0, Z+
    5aa6:	00 20       	and	r0, r0
    5aa8:	e9 f7       	brne	.-6      	; 0x5aa4 <Print::write(char const*) [clone .part.2]+0x2>
    5aaa:	31 97       	sbiw	r30, 0x01	; 1
    5aac:	af 01       	movw	r20, r30
    5aae:	46 1b       	sub	r20, r22
    5ab0:	57 0b       	sbc	r21, r23
    5ab2:	dc 01       	movw	r26, r24
    5ab4:	ed 91       	ld	r30, X+
    5ab6:	fc 91       	ld	r31, X
    5ab8:	02 80       	ldd	r0, Z+2	; 0x02
    5aba:	f3 81       	ldd	r31, Z+3	; 0x03
    5abc:	e0 2d       	mov	r30, r0
    5abe:	09 94       	ijmp

00005ac0 <Print::print(__FlashStringHelper const*)>:
_ZN5Print5printEPK19__FlashStringHelper():
    5ac0:	ef 92       	push	r14
    5ac2:	ff 92       	push	r15
    5ac4:	0f 93       	push	r16
    5ac6:	1f 93       	push	r17
    5ac8:	cf 93       	push	r28
    5aca:	df 93       	push	r29
    5acc:	8c 01       	movw	r16, r24
    5ace:	7b 01       	movw	r14, r22
    5ad0:	d0 e0       	ldi	r29, 0x00	; 0
    5ad2:	c0 e0       	ldi	r28, 0x00	; 0
    5ad4:	f7 01       	movw	r30, r14
    5ad6:	ec 0f       	add	r30, r28
    5ad8:	fd 1f       	adc	r31, r29
    5ada:	64 91       	lpm	r22, Z
    5adc:	66 23       	and	r22, r22
    5ade:	61 f0       	breq	.+24     	; 0x5af8 <Print::print(__FlashStringHelper const*)+0x38>
    5ae0:	d8 01       	movw	r26, r16
    5ae2:	ed 91       	ld	r30, X+
    5ae4:	fc 91       	ld	r31, X
    5ae6:	01 90       	ld	r0, Z+
    5ae8:	f0 81       	ld	r31, Z
    5aea:	e0 2d       	mov	r30, r0
    5aec:	c8 01       	movw	r24, r16
    5aee:	09 95       	icall
    5af0:	89 2b       	or	r24, r25
    5af2:	11 f0       	breq	.+4      	; 0x5af8 <Print::print(__FlashStringHelper const*)+0x38>
    5af4:	21 96       	adiw	r28, 0x01	; 1
    5af6:	ee cf       	rjmp	.-36     	; 0x5ad4 <Print::print(__FlashStringHelper const*)+0x14>
    5af8:	ce 01       	movw	r24, r28
    5afa:	df 91       	pop	r29
    5afc:	cf 91       	pop	r28
    5afe:	1f 91       	pop	r17
    5b00:	0f 91       	pop	r16
    5b02:	ff 90       	pop	r15
    5b04:	ef 90       	pop	r14
    5b06:	08 95       	ret

00005b08 <Print::println()>:
_ZN5Print5writeEPKc():
/Users/jacobmajors/Library/Arduino15/packages/MightyCore/hardware/avr/3.1.0/cores/MCUdude_corefiles/Print.cpp:127
}

size_t Print::println(void)
{
    5b08:	65 e9       	ldi	r22, 0x95	; 149
    5b0a:	73 e0       	ldi	r23, 0x03	; 3
    5b0c:	0c 94 51 2d 	jmp	0x5aa2	; 0x5aa2 <Print::write(char const*) [clone .part.2]>

00005b10 <Print::println(__FlashStringHelper const*)>:
_ZN5Print7printlnEPK19__FlashStringHelper():
/Users/jacobmajors/Library/Arduino15/packages/MightyCore/hardware/avr/3.1.0/cores/MCUdude_corefiles/Print.cpp:115
{
  return printFloat(n, digits);
}

size_t Print::println(const __FlashStringHelper *ifsh)
{
    5b10:	0f 93       	push	r16
    5b12:	1f 93       	push	r17
    5b14:	cf 93       	push	r28
    5b16:	df 93       	push	r29
    5b18:	ec 01       	movw	r28, r24
/Users/jacobmajors/Library/Arduino15/packages/MightyCore/hardware/avr/3.1.0/cores/MCUdude_corefiles/Print.cpp:116
  size_t n = print(ifsh);
    5b1a:	0e 94 60 2d 	call	0x5ac0	; 0x5ac0 <Print::print(__FlashStringHelper const*)>
    5b1e:	8c 01       	movw	r16, r24
/Users/jacobmajors/Library/Arduino15/packages/MightyCore/hardware/avr/3.1.0/cores/MCUdude_corefiles/Print.cpp:117
  n += println();
    5b20:	ce 01       	movw	r24, r28
    5b22:	0e 94 84 2d 	call	0x5b08	; 0x5b08 <Print::println()>
/Users/jacobmajors/Library/Arduino15/packages/MightyCore/hardware/avr/3.1.0/cores/MCUdude_corefiles/Print.cpp:119
  return n;
}
    5b26:	80 0f       	add	r24, r16
    5b28:	91 1f       	adc	r25, r17
    5b2a:	df 91       	pop	r29
    5b2c:	cf 91       	pop	r28
    5b2e:	1f 91       	pop	r17
    5b30:	0f 91       	pop	r16
    5b32:	08 95       	ret

00005b34 <tone(unsigned char, unsigned int, unsigned long)>:
_Z4tonehjm():
/Users/jacobmajors/Library/Arduino15/packages/MightyCore/hardware/avr/3.1.0/cores/MCUdude_corefiles/Tone.cpp:281


// Frequency (in hertz) and duration (in milliseconds).

void tone(uint8_t _pin, unsigned int frequency, unsigned long duration)
{
    5b34:	4f 92       	push	r4
    5b36:	5f 92       	push	r5
    5b38:	6f 92       	push	r6
    5b3a:	7f 92       	push	r7
    5b3c:	8f 92       	push	r8
    5b3e:	9f 92       	push	r9
    5b40:	af 92       	push	r10
    5b42:	bf 92       	push	r11
    5b44:	cf 92       	push	r12
    5b46:	df 92       	push	r13
    5b48:	ef 92       	push	r14
    5b4a:	ff 92       	push	r15
    5b4c:	0f 93       	push	r16
    5b4e:	1f 93       	push	r17
    5b50:	cf 93       	push	r28
    5b52:	df 93       	push	r29
    5b54:	00 d0       	rcall	.+0      	; 0x5b56 <tone(unsigned char, unsigned int, unsigned long)+0x22>
    5b56:	00 d0       	rcall	.+0      	; 0x5b58 <tone(unsigned char, unsigned int, unsigned long)+0x24>
    5b58:	1f 92       	push	r1
    5b5a:	cd b7       	in	r28, 0x3d	; 61
    5b5c:	de b7       	in	r29, 0x3e	; 62
    5b5e:	8b 01       	movw	r16, r22
    5b60:	29 01       	movw	r4, r18
    5b62:	3a 01       	movw	r6, r20
toneBegin():
/Users/jacobmajors/Library/Arduino15/packages/MightyCore/hardware/avr/3.1.0/cores/MCUdude_corefiles/Tone.cpp:171
{
  int8_t _timer = -1;

  // if we're already using the pin, the timer should be configured.
  for (int i = 0; i < AVAILABLE_TONE_PINS; i++) {
    if (tone_pins[i] == _pin) {
    5b64:	90 91 1d 01 	lds	r25, 0x011D	; 0x80011d <tone_pins>
    5b68:	89 17       	cp	r24, r25
    5b6a:	c9 f0       	breq	.+50     	; 0x5b9e <tone(unsigned char, unsigned int, unsigned long)+0x6a>
/Users/jacobmajors/Library/Arduino15/packages/MightyCore/hardware/avr/3.1.0/cores/MCUdude_corefiles/Tone.cpp:178
    }
  }

  // search for an unused timer.
  for (int i = 0; i < AVAILABLE_TONE_PINS; i++) {
    if (tone_pins[i] == 255) {
    5b6c:	9f 3f       	cpi	r25, 0xFF	; 255
    5b6e:	09 f4       	brne	.+2      	; 0x5b72 <tone(unsigned char, unsigned int, unsigned long)+0x3e>
    5b70:	b4 c0       	rjmp	.+360    	; 0x5cda <tone(unsigned char, unsigned int, unsigned long)+0x1a6>
_Z4tonehjm():
/Users/jacobmajors/Library/Arduino15/packages/MightyCore/hardware/avr/3.1.0/cores/MCUdude_corefiles/Tone.cpp:457
        break;
#endif

    }
  }
}
    5b72:	0f 90       	pop	r0
    5b74:	0f 90       	pop	r0
    5b76:	0f 90       	pop	r0
    5b78:	0f 90       	pop	r0
    5b7a:	0f 90       	pop	r0
    5b7c:	df 91       	pop	r29
    5b7e:	cf 91       	pop	r28
    5b80:	1f 91       	pop	r17
    5b82:	0f 91       	pop	r16
    5b84:	ff 90       	pop	r15
    5b86:	ef 90       	pop	r14
    5b88:	df 90       	pop	r13
    5b8a:	cf 90       	pop	r12
    5b8c:	bf 90       	pop	r11
    5b8e:	af 90       	pop	r10
    5b90:	9f 90       	pop	r9
    5b92:	8f 90       	pop	r8
    5b94:	7f 90       	pop	r7
    5b96:	6f 90       	pop	r6
    5b98:	5f 90       	pop	r5
    5b9a:	4f 90       	pop	r4
    5b9c:	08 95       	ret
toneBegin():
/Users/jacobmajors/Library/Arduino15/packages/MightyCore/hardware/avr/3.1.0/cores/MCUdude_corefiles/Tone.cpp:172
  int8_t _timer = -1;

  // if we're already using the pin, the timer should be configured.
  for (int i = 0; i < AVAILABLE_TONE_PINS; i++) {
    if (tone_pins[i] == _pin) {
      return pgm_read_byte(tone_pin_to_timer_PGM + i);
    5b9e:	ea ea       	ldi	r30, 0xAA	; 170
    5ba0:	fd e0       	ldi	r31, 0x0D	; 13
    5ba2:	94 91       	lpm	r25, Z
    5ba4:	9d 83       	std	Y+5, r25	; 0x05
_Z4tonehjm():
/Users/jacobmajors/Library/Arduino15/packages/MightyCore/hardware/avr/3.1.0/cores/MCUdude_corefiles/Tone.cpp:289
  uint32_t ocr = 0;
  int8_t _timer;

  _timer = toneBegin(_pin);

  if (_timer >= 0)
    5ba6:	97 fd       	sbrc	r25, 7
    5ba8:	e4 cf       	rjmp	.-56     	; 0x5b72 <tone(unsigned char, unsigned int, unsigned long)+0x3e>
/Users/jacobmajors/Library/Arduino15/packages/MightyCore/hardware/avr/3.1.0/cores/MCUdude_corefiles/Tone.cpp:292
  {
    // Set the pinMode as OUTPUT
    pinMode(_pin, OUTPUT);
    5baa:	61 e0       	ldi	r22, 0x01	; 1
    5bac:	0e 94 70 32 	call	0x64e0	; 0x64e0 <pinMode>
/Users/jacobmajors/Library/Arduino15/packages/MightyCore/hardware/avr/3.1.0/cores/MCUdude_corefiles/Tone.cpp:295

    // if we are using an 8 bit timer, scan through prescalars to find the best fit
    if (_timer == 0 || _timer == 2)
    5bb0:	8d 81       	ldd	r24, Y+5	; 0x05
    5bb2:	88 23       	and	r24, r24
    5bb4:	21 f0       	breq	.+8      	; 0x5bbe <tone(unsigned char, unsigned int, unsigned long)+0x8a>
/Users/jacobmajors/Library/Arduino15/packages/MightyCore/hardware/avr/3.1.0/cores/MCUdude_corefiles/Tone.cpp:295 (discriminator 1)
    5bb6:	9d 81       	ldd	r25, Y+5	; 0x05
    5bb8:	92 30       	cpi	r25, 0x02	; 2
    5bba:	09 f0       	breq	.+2      	; 0x5bbe <tone(unsigned char, unsigned int, unsigned long)+0x8a>
    5bbc:	8b c1       	rjmp	.+790    	; 0x5ed4 <tone(unsigned char, unsigned int, unsigned long)+0x3a0>
/Users/jacobmajors/Library/Arduino15/packages/MightyCore/hardware/avr/3.1.0/cores/MCUdude_corefiles/Tone.cpp:297
    {
      ocr = F_CPU / frequency / 2 - 1;
    5bbe:	48 01       	movw	r8, r16
    5bc0:	b1 2c       	mov	r11, r1
    5bc2:	a1 2c       	mov	r10, r1
    5bc4:	60 e0       	ldi	r22, 0x00	; 0
    5bc6:	72 e1       	ldi	r23, 0x12	; 18
    5bc8:	8a e7       	ldi	r24, 0x7A	; 122
    5bca:	90 e0       	ldi	r25, 0x00	; 0
    5bcc:	a5 01       	movw	r20, r10
    5bce:	98 01       	movw	r18, r16
    5bd0:	0e 94 07 36 	call	0x6c0e	; 0x6c0e <__divmodsi4>
    5bd4:	29 83       	std	Y+1, r18	; 0x01
    5bd6:	3a 83       	std	Y+2, r19	; 0x02
    5bd8:	4b 83       	std	Y+3, r20	; 0x03
    5bda:	5c 83       	std	Y+4, r21	; 0x04
    5bdc:	69 01       	movw	r12, r18
    5bde:	7a 01       	movw	r14, r20
    5be0:	81 e0       	ldi	r24, 0x01	; 1
    5be2:	c8 1a       	sub	r12, r24
    5be4:	d1 08       	sbc	r13, r1
    5be6:	e1 08       	sbc	r14, r1
    5be8:	f1 08       	sbc	r15, r1
/Users/jacobmajors/Library/Arduino15/packages/MightyCore/hardware/avr/3.1.0/cores/MCUdude_corefiles/Tone.cpp:299
      prescalarbits = 0x01;  // ck/1: same for both timers
      if (ocr > 255)
    5bea:	9f ef       	ldi	r25, 0xFF	; 255
    5bec:	c9 16       	cp	r12, r25
    5bee:	d1 04       	cpc	r13, r1
    5bf0:	e1 04       	cpc	r14, r1
    5bf2:	f1 04       	cpc	r15, r1
    5bf4:	09 f0       	breq	.+2      	; 0x5bf8 <tone(unsigned char, unsigned int, unsigned long)+0xc4>
    5bf6:	0c f4       	brge	.+2      	; 0x5bfa <tone(unsigned char, unsigned int, unsigned long)+0xc6>
    5bf8:	4c c1       	rjmp	.+664    	; 0x5e92 <tone(unsigned char, unsigned int, unsigned long)+0x35e>
/Users/jacobmajors/Library/Arduino15/packages/MightyCore/hardware/avr/3.1.0/cores/MCUdude_corefiles/Tone.cpp:301
      {
        ocr = F_CPU / frequency / 2 / 8 - 1;
    5bfa:	60 e4       	ldi	r22, 0x40	; 64
    5bfc:	72 e4       	ldi	r23, 0x42	; 66
    5bfe:	8f e0       	ldi	r24, 0x0F	; 15
    5c00:	90 e0       	ldi	r25, 0x00	; 0
    5c02:	a5 01       	movw	r20, r10
    5c04:	98 01       	movw	r18, r16
    5c06:	0e 94 07 36 	call	0x6c0e	; 0x6c0e <__divmodsi4>
    5c0a:	69 01       	movw	r12, r18
    5c0c:	7a 01       	movw	r14, r20
    5c0e:	81 e0       	ldi	r24, 0x01	; 1
    5c10:	c8 1a       	sub	r12, r24
    5c12:	d1 08       	sbc	r13, r1
    5c14:	e1 08       	sbc	r14, r1
    5c16:	f1 08       	sbc	r15, r1
/Users/jacobmajors/Library/Arduino15/packages/MightyCore/hardware/avr/3.1.0/cores/MCUdude_corefiles/Tone.cpp:304
        prescalarbits = 0x02;  // ck/8: same for both timers

        if (_timer == TIMER_WITH_FULL_PRESCALER && ocr > 255)
    5c18:	9d 81       	ldd	r25, Y+5	; 0x05
    5c1a:	92 30       	cpi	r25, 0x02	; 2
    5c1c:	09 f0       	breq	.+2      	; 0x5c20 <tone(unsigned char, unsigned int, unsigned long)+0xec>
    5c1e:	22 c2       	rjmp	.+1092   	; 0x6064 <tone(unsigned char, unsigned int, unsigned long)+0x530>
/Users/jacobmajors/Library/Arduino15/packages/MightyCore/hardware/avr/3.1.0/cores/MCUdude_corefiles/Tone.cpp:304 (discriminator 1)
    5c20:	8f ef       	ldi	r24, 0xFF	; 255
    5c22:	c8 16       	cp	r12, r24
    5c24:	d1 04       	cpc	r13, r1
    5c26:	e1 04       	cpc	r14, r1
    5c28:	f1 04       	cpc	r15, r1
    5c2a:	09 f0       	breq	.+2      	; 0x5c2e <tone(unsigned char, unsigned int, unsigned long)+0xfa>
    5c2c:	0c f4       	brge	.+2      	; 0x5c30 <tone(unsigned char, unsigned int, unsigned long)+0xfc>
    5c2e:	36 c2       	rjmp	.+1132   	; 0x609c <tone(unsigned char, unsigned int, unsigned long)+0x568>
/Users/jacobmajors/Library/Arduino15/packages/MightyCore/hardware/avr/3.1.0/cores/MCUdude_corefiles/Tone.cpp:306
        {
          ocr = F_CPU / frequency / 2 / 32 - 1;
    5c30:	60 e9       	ldi	r22, 0x90	; 144
    5c32:	70 ed       	ldi	r23, 0xD0	; 208
    5c34:	83 e0       	ldi	r24, 0x03	; 3
    5c36:	90 e0       	ldi	r25, 0x00	; 0
    5c38:	a5 01       	movw	r20, r10
    5c3a:	98 01       	movw	r18, r16
    5c3c:	0e 94 07 36 	call	0x6c0e	; 0x6c0e <__divmodsi4>
    5c40:	69 01       	movw	r12, r18
    5c42:	7a 01       	movw	r14, r20
    5c44:	91 e0       	ldi	r25, 0x01	; 1
    5c46:	c9 1a       	sub	r12, r25
    5c48:	d1 08       	sbc	r13, r1
    5c4a:	e1 08       	sbc	r14, r1
    5c4c:	f1 08       	sbc	r15, r1
/Users/jacobmajors/Library/Arduino15/packages/MightyCore/hardware/avr/3.1.0/cores/MCUdude_corefiles/Tone.cpp:310
          prescalarbits = 0x03;
        }

        if (ocr > 255)
    5c4e:	8f ef       	ldi	r24, 0xFF	; 255
    5c50:	c8 16       	cp	r12, r24
    5c52:	d1 04       	cpc	r13, r1
    5c54:	e1 04       	cpc	r14, r1
    5c56:	f1 04       	cpc	r15, r1
    5c58:	09 f0       	breq	.+2      	; 0x5c5c <tone(unsigned char, unsigned int, unsigned long)+0x128>
    5c5a:	0c f4       	brge	.+2      	; 0x5c5e <tone(unsigned char, unsigned int, unsigned long)+0x12a>
    5c5c:	21 c2       	rjmp	.+1090   	; 0x60a0 <tone(unsigned char, unsigned int, unsigned long)+0x56c>
/Users/jacobmajors/Library/Arduino15/packages/MightyCore/hardware/avr/3.1.0/cores/MCUdude_corefiles/Tone.cpp:312
        {
          ocr = F_CPU / frequency / 2 / 64 - 1;
    5c5e:	68 e4       	ldi	r22, 0x48	; 72
    5c60:	78 ee       	ldi	r23, 0xE8	; 232
    5c62:	81 e0       	ldi	r24, 0x01	; 1
    5c64:	90 e0       	ldi	r25, 0x00	; 0
    5c66:	a5 01       	movw	r20, r10
    5c68:	98 01       	movw	r18, r16
    5c6a:	0e 94 07 36 	call	0x6c0e	; 0x6c0e <__divmodsi4>
    5c6e:	69 01       	movw	r12, r18
    5c70:	7a 01       	movw	r14, r20
    5c72:	91 e0       	ldi	r25, 0x01	; 1
    5c74:	c9 1a       	sub	r12, r25
    5c76:	d1 08       	sbc	r13, r1
    5c78:	e1 08       	sbc	r14, r1
    5c7a:	f1 08       	sbc	r15, r1
/Users/jacobmajors/Library/Arduino15/packages/MightyCore/hardware/avr/3.1.0/cores/MCUdude_corefiles/Tone.cpp:315
          prescalarbits = _timer != TIMER_WITH_FULL_PRESCALER ? 0x03 : 0x04;

          if (_timer == TIMER_WITH_FULL_PRESCALER && ocr > 255)
    5c7c:	8f ef       	ldi	r24, 0xFF	; 255
    5c7e:	c8 16       	cp	r12, r24
    5c80:	d1 04       	cpc	r13, r1
    5c82:	e1 04       	cpc	r14, r1
    5c84:	f1 04       	cpc	r15, r1
    5c86:	11 f0       	breq	.+4      	; 0x5c8c <tone(unsigned char, unsigned int, unsigned long)+0x158>
    5c88:	0c f0       	brlt	.+2      	; 0x5c8c <tone(unsigned char, unsigned int, unsigned long)+0x158>
    5c8a:	d3 c0       	rjmp	.+422    	; 0x5e32 <tone(unsigned char, unsigned int, unsigned long)+0x2fe>
/Users/jacobmajors/Library/Arduino15/packages/MightyCore/hardware/avr/3.1.0/cores/MCUdude_corefiles/Tone.cpp:313
        }

        if (ocr > 255)
        {
          ocr = F_CPU / frequency / 2 / 64 - 1;
          prescalarbits = _timer != TIMER_WITH_FULL_PRESCALER ? 0x03 : 0x04;
    5c8c:	84 e0       	ldi	r24, 0x04	; 4
/Users/jacobmajors/Library/Arduino15/packages/MightyCore/hardware/avr/3.1.0/cores/MCUdude_corefiles/Tone.cpp:344
      }
      else
#endif
#if defined(TCCR2B)
      {
        TCCR2B = (TCCR2B & 0xf8) | prescalarbits;
    5c8e:	90 91 b1 00 	lds	r25, 0x00B1	; 0x8000b1 <__TEXT_REGION_LENGTH__+0x7e00b1>
    5c92:	98 7f       	andi	r25, 0xF8	; 248
    5c94:	89 2b       	or	r24, r25
    5c96:	80 93 b1 00 	sts	0x00B1, r24	; 0x8000b1 <__TEXT_REGION_LENGTH__+0x7e00b1>
/Users/jacobmajors/Library/Arduino15/packages/MightyCore/hardware/avr/3.1.0/cores/MCUdude_corefiles/Tone.cpp:393
    {
      toggle_count = 2 * frequency * duration / 1000;
    }
    else
    {
      toggle_count = -1;
    5c9a:	2f ef       	ldi	r18, 0xFF	; 255
    5c9c:	3f ef       	ldi	r19, 0xFF	; 255
    5c9e:	a9 01       	movw	r20, r18
/Users/jacobmajors/Library/Arduino15/packages/MightyCore/hardware/avr/3.1.0/cores/MCUdude_corefiles/Tone.cpp:387

    }


    // Calculate the toggle count
    if (duration > 0)
    5ca0:	41 14       	cp	r4, r1
    5ca2:	51 04       	cpc	r5, r1
    5ca4:	61 04       	cpc	r6, r1
    5ca6:	71 04       	cpc	r7, r1
    5ca8:	09 f0       	breq	.+2      	; 0x5cac <tone(unsigned char, unsigned int, unsigned long)+0x178>
    5caa:	04 c1       	rjmp	.+520    	; 0x5eb4 <tone(unsigned char, unsigned int, unsigned long)+0x380>
/Users/jacobmajors/Library/Arduino15/packages/MightyCore/hardware/avr/3.1.0/cores/MCUdude_corefiles/Tone.cpp:399
    }

    // Set the OCR for the given timer,
    // set the toggle count,
    // then turn on the interrupts
    switch (_timer)
    5cac:	9d 81       	ldd	r25, Y+5	; 0x05
    5cae:	91 30       	cpi	r25, 0x01	; 1
    5cb0:	09 f4       	brne	.+2      	; 0x5cb4 <tone(unsigned char, unsigned int, unsigned long)+0x180>
    5cb2:	39 c1       	rjmp	.+626    	; 0x5f26 <tone(unsigned char, unsigned int, unsigned long)+0x3f2>
    5cb4:	0c f0       	brlt	.+2      	; 0x5cb8 <tone(unsigned char, unsigned int, unsigned long)+0x184>
    5cb6:	7f c1       	rjmp	.+766    	; 0x5fb6 <tone(unsigned char, unsigned int, unsigned long)+0x482>
    5cb8:	91 11       	cpse	r25, r1
    5cba:	5b cf       	rjmp	.-330    	; 0x5b72 <tone(unsigned char, unsigned int, unsigned long)+0x3e>
/Users/jacobmajors/Library/Arduino15/packages/MightyCore/hardware/avr/3.1.0/cores/MCUdude_corefiles/Tone.cpp:404
    {

#if defined(OCR0A) && defined(TIMSK0) && defined(OCIE0A)
      case 0:
        OCR0A = ocr;
    5cbc:	c7 bc       	out	0x27, r12	; 39
/Users/jacobmajors/Library/Arduino15/packages/MightyCore/hardware/avr/3.1.0/cores/MCUdude_corefiles/Tone.cpp:405
        timer0_toggle_count = toggle_count;
    5cbe:	20 93 f7 0a 	sts	0x0AF7, r18	; 0x800af7 <timer0_toggle_count>
    5cc2:	30 93 f8 0a 	sts	0x0AF8, r19	; 0x800af8 <timer0_toggle_count+0x1>
    5cc6:	40 93 f9 0a 	sts	0x0AF9, r20	; 0x800af9 <timer0_toggle_count+0x2>
    5cca:	50 93 fa 0a 	sts	0x0AFA, r21	; 0x800afa <timer0_toggle_count+0x3>
/Users/jacobmajors/Library/Arduino15/packages/MightyCore/hardware/avr/3.1.0/cores/MCUdude_corefiles/Tone.cpp:406
        bitWrite(TIMSK0, OCIE0A, 1);
    5cce:	80 91 6e 00 	lds	r24, 0x006E	; 0x80006e <__TEXT_REGION_LENGTH__+0x7e006e>
    5cd2:	82 60       	ori	r24, 0x02	; 2
    5cd4:	80 93 6e 00 	sts	0x006E, r24	; 0x80006e <__TEXT_REGION_LENGTH__+0x7e006e>
/Users/jacobmajors/Library/Arduino15/packages/MightyCore/hardware/avr/3.1.0/cores/MCUdude_corefiles/Tone.cpp:407
        break;
    5cd8:	4c cf       	rjmp	.-360    	; 0x5b72 <tone(unsigned char, unsigned int, unsigned long)+0x3e>
toneBegin():
/Users/jacobmajors/Library/Arduino15/packages/MightyCore/hardware/avr/3.1.0/cores/MCUdude_corefiles/Tone.cpp:179
  }

  // search for an unused timer.
  for (int i = 0; i < AVAILABLE_TONE_PINS; i++) {
    if (tone_pins[i] == 255) {
      tone_pins[i] = _pin;
    5cda:	80 93 1d 01 	sts	0x011D, r24	; 0x80011d <tone_pins>
/Users/jacobmajors/Library/Arduino15/packages/MightyCore/hardware/avr/3.1.0/cores/MCUdude_corefiles/Tone.cpp:180
      _timer = pgm_read_byte(tone_pin_to_timer_PGM + i);
    5cde:	ea ea       	ldi	r30, 0xAA	; 170
    5ce0:	fd e0       	ldi	r31, 0x0D	; 13
    5ce2:	94 91       	lpm	r25, Z
    5ce4:	9d 83       	std	Y+5, r25	; 0x05
/Users/jacobmajors/Library/Arduino15/packages/MightyCore/hardware/avr/3.1.0/cores/MCUdude_corefiles/Tone.cpp:185
      break;
    }
  }

  if (_timer != -1)
    5ce6:	9f 3f       	cpi	r25, 0xFF	; 255
    5ce8:	09 f4       	brne	.+2      	; 0x5cec <tone(unsigned char, unsigned int, unsigned long)+0x1b8>
    5cea:	43 cf       	rjmp	.-378    	; 0x5b72 <tone(unsigned char, unsigned int, unsigned long)+0x3e>
/Users/jacobmajors/Library/Arduino15/packages/MightyCore/hardware/avr/3.1.0/cores/MCUdude_corefiles/Tone.cpp:191
  {
    // Set timer specific stuff
    // All timers in CTC mode
    // 8 bit timers will require changing prescalar values,
    // whereas 16 bit timers are set to either ck/1 or ck/64 prescalar
    switch (_timer)
    5cec:	91 30       	cpi	r25, 0x01	; 1
    5cee:	79 f1       	breq	.+94     	; 0x5d4e <tone(unsigned char, unsigned int, unsigned long)+0x21a>
    5cf0:	68 f0       	brcs	.+26     	; 0x5d0c <tone(unsigned char, unsigned int, unsigned long)+0x1d8>
    5cf2:	92 30       	cpi	r25, 0x02	; 2
    5cf4:	09 f4       	brne	.+2      	; 0x5cf8 <tone(unsigned char, unsigned int, unsigned long)+0x1c4>
    5cf6:	51 c0       	rjmp	.+162    	; 0x5d9a <tone(unsigned char, unsigned int, unsigned long)+0x266>
    5cf8:	93 30       	cpi	r25, 0x03	; 3
    5cfa:	09 f4       	brne	.+2      	; 0x5cfe <tone(unsigned char, unsigned int, unsigned long)+0x1ca>
    5cfc:	74 c0       	rjmp	.+232    	; 0x5de6 <tone(unsigned char, unsigned int, unsigned long)+0x2b2>
_Z4tonehjm():
/Users/jacobmajors/Library/Arduino15/packages/MightyCore/hardware/avr/3.1.0/cores/MCUdude_corefiles/Tone.cpp:289
  uint32_t ocr = 0;
  int8_t _timer;

  _timer = toneBegin(_pin);

  if (_timer >= 0)
    5cfe:	9d 81       	ldd	r25, Y+5	; 0x05
    5d00:	97 fd       	sbrc	r25, 7
    5d02:	37 cf       	rjmp	.-402    	; 0x5b72 <tone(unsigned char, unsigned int, unsigned long)+0x3e>
/Users/jacobmajors/Library/Arduino15/packages/MightyCore/hardware/avr/3.1.0/cores/MCUdude_corefiles/Tone.cpp:292
  {
    // Set the pinMode as OUTPUT
    pinMode(_pin, OUTPUT);
    5d04:	61 e0       	ldi	r22, 0x01	; 1
    5d06:	0e 94 70 32 	call	0x64e0	; 0x64e0 <pinMode>
    5d0a:	55 cf       	rjmp	.-342    	; 0x5bb6 <tone(unsigned char, unsigned int, unsigned long)+0x82>
toneBegin():
/Users/jacobmajors/Library/Arduino15/packages/MightyCore/hardware/avr/3.1.0/cores/MCUdude_corefiles/Tone.cpp:196
    switch (_timer)
    {
      #if defined(TCCR0A) && defined(TCCR0B) && defined(WGM01)
      case 0:
        // 8 bit timer
        TCCR0A = 0;
    5d0c:	14 bc       	out	0x24, r1	; 36
/Users/jacobmajors/Library/Arduino15/packages/MightyCore/hardware/avr/3.1.0/cores/MCUdude_corefiles/Tone.cpp:197
        TCCR0B = 0;
    5d0e:	15 bc       	out	0x25, r1	; 37
/Users/jacobmajors/Library/Arduino15/packages/MightyCore/hardware/avr/3.1.0/cores/MCUdude_corefiles/Tone.cpp:198
        bitWrite(TCCR0A, WGM01, 1);
    5d10:	94 b5       	in	r25, 0x24	; 36
    5d12:	92 60       	ori	r25, 0x02	; 2
    5d14:	94 bd       	out	0x24, r25	; 36
/Users/jacobmajors/Library/Arduino15/packages/MightyCore/hardware/avr/3.1.0/cores/MCUdude_corefiles/Tone.cpp:199
        bitWrite(TCCR0B, CS00, 1);
    5d16:	95 b5       	in	r25, 0x25	; 37
    5d18:	91 60       	ori	r25, 0x01	; 1
    5d1a:	95 bd       	out	0x25, r25	; 37
/Users/jacobmajors/Library/Arduino15/packages/MightyCore/hardware/avr/3.1.0/cores/MCUdude_corefiles/Tone.cpp:200
        timer0_pin_port = portOutputRegister(digitalPinToPort(_pin));
    5d1c:	28 2f       	mov	r18, r24
    5d1e:	30 e0       	ldi	r19, 0x00	; 0
    5d20:	f9 01       	movw	r30, r18
    5d22:	e5 51       	subi	r30, 0x15	; 21
    5d24:	f2 4f       	sbci	r31, 0xF2	; 242
    5d26:	e4 91       	lpm	r30, Z
    5d28:	f0 e0       	ldi	r31, 0x00	; 0
    5d2a:	ee 0f       	add	r30, r30
    5d2c:	ff 1f       	adc	r31, r31
    5d2e:	eb 5e       	subi	r30, 0xEB	; 235
    5d30:	f1 4f       	sbci	r31, 0xF1	; 241
    5d32:	45 91       	lpm	r20, Z+
    5d34:	54 91       	lpm	r21, Z
    5d36:	50 93 f6 0a 	sts	0x0AF6, r21	; 0x800af6 <timer0_pin_port+0x1>
    5d3a:	40 93 f5 0a 	sts	0x0AF5, r20	; 0x800af5 <timer0_pin_port>
/Users/jacobmajors/Library/Arduino15/packages/MightyCore/hardware/avr/3.1.0/cores/MCUdude_corefiles/Tone.cpp:201
        timer0_pin_mask = digitalPinToBitMask(_pin);
    5d3e:	f9 01       	movw	r30, r18
    5d40:	e5 53       	subi	r30, 0x35	; 53
    5d42:	f2 4f       	sbci	r31, 0xF2	; 242
    5d44:	e4 91       	lpm	r30, Z
    5d46:	e0 93 f4 0a 	sts	0x0AF4, r30	; 0x800af4 <timer0_pin_mask>
    5d4a:	1d 82       	std	Y+5, r1	; 0x05
    5d4c:	2e cf       	rjmp	.-420    	; 0x5baa <tone(unsigned char, unsigned int, unsigned long)+0x76>
/Users/jacobmajors/Library/Arduino15/packages/MightyCore/hardware/avr/3.1.0/cores/MCUdude_corefiles/Tone.cpp:208
      #endif

      #if defined(TCCR1A) && defined(TCCR1B) && defined(WGM12)
      case 1:
        // 16 bit timer
        TCCR1A = 0;
    5d4e:	10 92 80 00 	sts	0x0080, r1	; 0x800080 <__TEXT_REGION_LENGTH__+0x7e0080>
/Users/jacobmajors/Library/Arduino15/packages/MightyCore/hardware/avr/3.1.0/cores/MCUdude_corefiles/Tone.cpp:209
        TCCR1B = 0;
    5d52:	10 92 81 00 	sts	0x0081, r1	; 0x800081 <__TEXT_REGION_LENGTH__+0x7e0081>
/Users/jacobmajors/Library/Arduino15/packages/MightyCore/hardware/avr/3.1.0/cores/MCUdude_corefiles/Tone.cpp:210
        bitWrite(TCCR1B, WGM12, 1);
    5d56:	90 91 81 00 	lds	r25, 0x0081	; 0x800081 <__TEXT_REGION_LENGTH__+0x7e0081>
    5d5a:	98 60       	ori	r25, 0x08	; 8
    5d5c:	90 93 81 00 	sts	0x0081, r25	; 0x800081 <__TEXT_REGION_LENGTH__+0x7e0081>
/Users/jacobmajors/Library/Arduino15/packages/MightyCore/hardware/avr/3.1.0/cores/MCUdude_corefiles/Tone.cpp:211
        bitWrite(TCCR1B, CS10, 1);
    5d60:	90 91 81 00 	lds	r25, 0x0081	; 0x800081 <__TEXT_REGION_LENGTH__+0x7e0081>
    5d64:	91 60       	ori	r25, 0x01	; 1
    5d66:	90 93 81 00 	sts	0x0081, r25	; 0x800081 <__TEXT_REGION_LENGTH__+0x7e0081>
/Users/jacobmajors/Library/Arduino15/packages/MightyCore/hardware/avr/3.1.0/cores/MCUdude_corefiles/Tone.cpp:212
        timer1_pin_port = portOutputRegister(digitalPinToPort(_pin));
    5d6a:	28 2f       	mov	r18, r24
    5d6c:	30 e0       	ldi	r19, 0x00	; 0
    5d6e:	f9 01       	movw	r30, r18
    5d70:	e5 51       	subi	r30, 0x15	; 21
    5d72:	f2 4f       	sbci	r31, 0xF2	; 242
    5d74:	e4 91       	lpm	r30, Z
    5d76:	f0 e0       	ldi	r31, 0x00	; 0
    5d78:	ee 0f       	add	r30, r30
    5d7a:	ff 1f       	adc	r31, r31
    5d7c:	eb 5e       	subi	r30, 0xEB	; 235
    5d7e:	f1 4f       	sbci	r31, 0xF1	; 241
    5d80:	45 91       	lpm	r20, Z+
    5d82:	54 91       	lpm	r21, Z
    5d84:	50 93 ef 0a 	sts	0x0AEF, r21	; 0x800aef <timer1_pin_port+0x1>
    5d88:	40 93 ee 0a 	sts	0x0AEE, r20	; 0x800aee <timer1_pin_port>
/Users/jacobmajors/Library/Arduino15/packages/MightyCore/hardware/avr/3.1.0/cores/MCUdude_corefiles/Tone.cpp:213
        timer1_pin_mask = digitalPinToBitMask(_pin);
    5d8c:	f9 01       	movw	r30, r18
    5d8e:	e5 53       	subi	r30, 0x35	; 53
    5d90:	f2 4f       	sbci	r31, 0xF2	; 242
    5d92:	e4 91       	lpm	r30, Z
    5d94:	e0 93 ed 0a 	sts	0x0AED, r30	; 0x800aed <timer1_pin_mask>
    5d98:	08 cf       	rjmp	.-496    	; 0x5baa <tone(unsigned char, unsigned int, unsigned long)+0x76>
/Users/jacobmajors/Library/Arduino15/packages/MightyCore/hardware/avr/3.1.0/cores/MCUdude_corefiles/Tone.cpp:220
      #endif

      #if defined(TCCR2A) && defined(TCCR2B)
      case 2:
        // 8 bit timer
        TCCR2A = 0;
    5d9a:	10 92 b0 00 	sts	0x00B0, r1	; 0x8000b0 <__TEXT_REGION_LENGTH__+0x7e00b0>
/Users/jacobmajors/Library/Arduino15/packages/MightyCore/hardware/avr/3.1.0/cores/MCUdude_corefiles/Tone.cpp:221
        TCCR2B = 0;
    5d9e:	10 92 b1 00 	sts	0x00B1, r1	; 0x8000b1 <__TEXT_REGION_LENGTH__+0x7e00b1>
/Users/jacobmajors/Library/Arduino15/packages/MightyCore/hardware/avr/3.1.0/cores/MCUdude_corefiles/Tone.cpp:222
        bitWrite(TCCR2A, WGM21, 1);
    5da2:	90 91 b0 00 	lds	r25, 0x00B0	; 0x8000b0 <__TEXT_REGION_LENGTH__+0x7e00b0>
    5da6:	92 60       	ori	r25, 0x02	; 2
    5da8:	90 93 b0 00 	sts	0x00B0, r25	; 0x8000b0 <__TEXT_REGION_LENGTH__+0x7e00b0>
/Users/jacobmajors/Library/Arduino15/packages/MightyCore/hardware/avr/3.1.0/cores/MCUdude_corefiles/Tone.cpp:223
        bitWrite(TCCR2B, CS20, 1);
    5dac:	90 91 b1 00 	lds	r25, 0x00B1	; 0x8000b1 <__TEXT_REGION_LENGTH__+0x7e00b1>
    5db0:	91 60       	ori	r25, 0x01	; 1
    5db2:	90 93 b1 00 	sts	0x00B1, r25	; 0x8000b1 <__TEXT_REGION_LENGTH__+0x7e00b1>
/Users/jacobmajors/Library/Arduino15/packages/MightyCore/hardware/avr/3.1.0/cores/MCUdude_corefiles/Tone.cpp:224
        timer2_pin_port = portOutputRegister(digitalPinToPort(_pin));
    5db6:	28 2f       	mov	r18, r24
    5db8:	30 e0       	ldi	r19, 0x00	; 0
    5dba:	f9 01       	movw	r30, r18
    5dbc:	e5 51       	subi	r30, 0x15	; 21
    5dbe:	f2 4f       	sbci	r31, 0xF2	; 242
    5dc0:	e4 91       	lpm	r30, Z
    5dc2:	f0 e0       	ldi	r31, 0x00	; 0
    5dc4:	ee 0f       	add	r30, r30
    5dc6:	ff 1f       	adc	r31, r31
    5dc8:	eb 5e       	subi	r30, 0xEB	; 235
    5dca:	f1 4f       	sbci	r31, 0xF1	; 241
    5dcc:	45 91       	lpm	r20, Z+
    5dce:	54 91       	lpm	r21, Z
    5dd0:	50 93 e8 0a 	sts	0x0AE8, r21	; 0x800ae8 <timer2_pin_port+0x1>
    5dd4:	40 93 e7 0a 	sts	0x0AE7, r20	; 0x800ae7 <timer2_pin_port>
/Users/jacobmajors/Library/Arduino15/packages/MightyCore/hardware/avr/3.1.0/cores/MCUdude_corefiles/Tone.cpp:225
        timer2_pin_mask = digitalPinToBitMask(_pin);
    5dd8:	f9 01       	movw	r30, r18
    5dda:	e5 53       	subi	r30, 0x35	; 53
    5ddc:	f2 4f       	sbci	r31, 0xF2	; 242
    5dde:	e4 91       	lpm	r30, Z
    5de0:	e0 93 e6 0a 	sts	0x0AE6, r30	; 0x800ae6 <timer2_pin_mask>
    5de4:	e2 ce       	rjmp	.-572    	; 0x5baa <tone(unsigned char, unsigned int, unsigned long)+0x76>
/Users/jacobmajors/Library/Arduino15/packages/MightyCore/hardware/avr/3.1.0/cores/MCUdude_corefiles/Tone.cpp:232
      #endif

      #if defined(TCCR3A) && defined(TCCR3B) &&  defined(TIMSK3)
      case 3:
        // 16 bit timer
        TCCR3A = 0;
    5de6:	10 92 90 00 	sts	0x0090, r1	; 0x800090 <__TEXT_REGION_LENGTH__+0x7e0090>
/Users/jacobmajors/Library/Arduino15/packages/MightyCore/hardware/avr/3.1.0/cores/MCUdude_corefiles/Tone.cpp:233
        TCCR3B = 0;
    5dea:	10 92 91 00 	sts	0x0091, r1	; 0x800091 <__TEXT_REGION_LENGTH__+0x7e0091>
/Users/jacobmajors/Library/Arduino15/packages/MightyCore/hardware/avr/3.1.0/cores/MCUdude_corefiles/Tone.cpp:234
        bitWrite(TCCR3B, WGM32, 1);
    5dee:	90 91 91 00 	lds	r25, 0x0091	; 0x800091 <__TEXT_REGION_LENGTH__+0x7e0091>
    5df2:	98 60       	ori	r25, 0x08	; 8
    5df4:	90 93 91 00 	sts	0x0091, r25	; 0x800091 <__TEXT_REGION_LENGTH__+0x7e0091>
/Users/jacobmajors/Library/Arduino15/packages/MightyCore/hardware/avr/3.1.0/cores/MCUdude_corefiles/Tone.cpp:235
        bitWrite(TCCR3B, CS30, 1);
    5df8:	90 91 91 00 	lds	r25, 0x0091	; 0x800091 <__TEXT_REGION_LENGTH__+0x7e0091>
    5dfc:	91 60       	ori	r25, 0x01	; 1
    5dfe:	90 93 91 00 	sts	0x0091, r25	; 0x800091 <__TEXT_REGION_LENGTH__+0x7e0091>
/Users/jacobmajors/Library/Arduino15/packages/MightyCore/hardware/avr/3.1.0/cores/MCUdude_corefiles/Tone.cpp:236
        timer3_pin_port = portOutputRegister(digitalPinToPort(_pin));
    5e02:	28 2f       	mov	r18, r24
    5e04:	30 e0       	ldi	r19, 0x00	; 0
    5e06:	f9 01       	movw	r30, r18
    5e08:	e5 51       	subi	r30, 0x15	; 21
    5e0a:	f2 4f       	sbci	r31, 0xF2	; 242
    5e0c:	e4 91       	lpm	r30, Z
    5e0e:	f0 e0       	ldi	r31, 0x00	; 0
    5e10:	ee 0f       	add	r30, r30
    5e12:	ff 1f       	adc	r31, r31
    5e14:	eb 5e       	subi	r30, 0xEB	; 235
    5e16:	f1 4f       	sbci	r31, 0xF1	; 241
    5e18:	45 91       	lpm	r20, Z+
    5e1a:	54 91       	lpm	r21, Z
    5e1c:	50 93 e1 0a 	sts	0x0AE1, r21	; 0x800ae1 <timer3_pin_port+0x1>
    5e20:	40 93 e0 0a 	sts	0x0AE0, r20	; 0x800ae0 <timer3_pin_port>
/Users/jacobmajors/Library/Arduino15/packages/MightyCore/hardware/avr/3.1.0/cores/MCUdude_corefiles/Tone.cpp:237
        timer3_pin_mask = digitalPinToBitMask(_pin);
    5e24:	f9 01       	movw	r30, r18
    5e26:	e5 53       	subi	r30, 0x35	; 53
    5e28:	f2 4f       	sbci	r31, 0xF2	; 242
    5e2a:	e4 91       	lpm	r30, Z
    5e2c:	e0 93 df 0a 	sts	0x0ADF, r30	; 0x800adf <timer3_pin_mask>
    5e30:	bc ce       	rjmp	.-648    	; 0x5baa <tone(unsigned char, unsigned int, unsigned long)+0x76>
_Z4tonehjm():
/Users/jacobmajors/Library/Arduino15/packages/MightyCore/hardware/avr/3.1.0/cores/MCUdude_corefiles/Tone.cpp:317
          ocr = F_CPU / frequency / 2 / 64 - 1;
          prescalarbits = _timer != TIMER_WITH_FULL_PRESCALER ? 0x03 : 0x04;

          if (_timer == TIMER_WITH_FULL_PRESCALER && ocr > 255)
          {
            ocr = F_CPU / frequency / 2 / 128 - 1;
    5e32:	64 e2       	ldi	r22, 0x24	; 36
    5e34:	74 ef       	ldi	r23, 0xF4	; 244
    5e36:	80 e0       	ldi	r24, 0x00	; 0
    5e38:	90 e0       	ldi	r25, 0x00	; 0
    5e3a:	a5 01       	movw	r20, r10
    5e3c:	98 01       	movw	r18, r16
    5e3e:	0e 94 07 36 	call	0x6c0e	; 0x6c0e <__divmodsi4>
    5e42:	69 01       	movw	r12, r18
    5e44:	7a 01       	movw	r14, r20
    5e46:	91 e0       	ldi	r25, 0x01	; 1
    5e48:	c9 1a       	sub	r12, r25
    5e4a:	d1 08       	sbc	r13, r1
    5e4c:	e1 08       	sbc	r14, r1
    5e4e:	f1 08       	sbc	r15, r1
/Users/jacobmajors/Library/Arduino15/packages/MightyCore/hardware/avr/3.1.0/cores/MCUdude_corefiles/Tone.cpp:321
            prescalarbits = 0x05;
          }

          if (ocr > 255)
    5e50:	8f ef       	ldi	r24, 0xFF	; 255
    5e52:	c8 16       	cp	r12, r24
    5e54:	d1 04       	cpc	r13, r1
    5e56:	e1 04       	cpc	r14, r1
    5e58:	f1 04       	cpc	r15, r1
    5e5a:	09 f0       	breq	.+2      	; 0x5e5e <tone(unsigned char, unsigned int, unsigned long)+0x32a>
    5e5c:	08 f4       	brcc	.+2      	; 0x5e60 <tone(unsigned char, unsigned int, unsigned long)+0x32c>
    5e5e:	22 c1       	rjmp	.+580    	; 0x60a4 <tone(unsigned char, unsigned int, unsigned long)+0x570>
/Users/jacobmajors/Library/Arduino15/packages/MightyCore/hardware/avr/3.1.0/cores/MCUdude_corefiles/Tone.cpp:323
          {
            ocr = F_CPU / frequency / 2 / 256 - 1;
    5e60:	62 e1       	ldi	r22, 0x12	; 18
    5e62:	7a e7       	ldi	r23, 0x7A	; 122
    5e64:	80 e0       	ldi	r24, 0x00	; 0
    5e66:	90 e0       	ldi	r25, 0x00	; 0
    5e68:	a5 01       	movw	r20, r10
    5e6a:	98 01       	movw	r18, r16
    5e6c:	0e 94 07 36 	call	0x6c0e	; 0x6c0e <__divmodsi4>
    5e70:	69 01       	movw	r12, r18
    5e72:	7a 01       	movw	r14, r20
    5e74:	91 e0       	ldi	r25, 0x01	; 1
    5e76:	c9 1a       	sub	r12, r25
    5e78:	d1 08       	sbc	r13, r1
    5e7a:	e1 08       	sbc	r14, r1
    5e7c:	f1 08       	sbc	r15, r1
/Users/jacobmajors/Library/Arduino15/packages/MightyCore/hardware/avr/3.1.0/cores/MCUdude_corefiles/Tone.cpp:325
            prescalarbits = _timer != TIMER_WITH_FULL_PRESCALER ? 0x04 : 0x06;
            if (ocr > 255)
    5e7e:	8f ef       	ldi	r24, 0xFF	; 255
    5e80:	c8 16       	cp	r12, r24
    5e82:	d1 04       	cpc	r13, r1
    5e84:	e1 04       	cpc	r14, r1
    5e86:	f1 04       	cpc	r15, r1
    5e88:	11 f0       	breq	.+4      	; 0x5e8e <tone(unsigned char, unsigned int, unsigned long)+0x35a>
    5e8a:	08 f0       	brcs	.+2      	; 0x5e8e <tone(unsigned char, unsigned int, unsigned long)+0x35a>
    5e8c:	f5 c0       	rjmp	.+490    	; 0x6078 <tone(unsigned char, unsigned int, unsigned long)+0x544>
/Users/jacobmajors/Library/Arduino15/packages/MightyCore/hardware/avr/3.1.0/cores/MCUdude_corefiles/Tone.cpp:324
          }

          if (ocr > 255)
          {
            ocr = F_CPU / frequency / 2 / 256 - 1;
            prescalarbits = _timer != TIMER_WITH_FULL_PRESCALER ? 0x04 : 0x06;
    5e8e:	86 e0       	ldi	r24, 0x06	; 6
    5e90:	fe ce       	rjmp	.-516    	; 0x5c8e <tone(unsigned char, unsigned int, unsigned long)+0x15a>
/Users/jacobmajors/Library/Arduino15/packages/MightyCore/hardware/avr/3.1.0/cores/MCUdude_corefiles/Tone.cpp:298

    // if we are using an 8 bit timer, scan through prescalars to find the best fit
    if (_timer == 0 || _timer == 2)
    {
      ocr = F_CPU / frequency / 2 - 1;
      prescalarbits = 0x01;  // ck/1: same for both timers
    5e92:	81 e0       	ldi	r24, 0x01	; 1
/Users/jacobmajors/Library/Arduino15/packages/MightyCore/hardware/avr/3.1.0/cores/MCUdude_corefiles/Tone.cpp:336
          }
        }
      }

#if defined(TCCR0B)
      if (_timer == 0)
    5e94:	9d 81       	ldd	r25, Y+5	; 0x05
    5e96:	91 11       	cpse	r25, r1
    5e98:	fa ce       	rjmp	.-524    	; 0x5c8e <tone(unsigned char, unsigned int, unsigned long)+0x15a>
/Users/jacobmajors/Library/Arduino15/packages/MightyCore/hardware/avr/3.1.0/cores/MCUdude_corefiles/Tone.cpp:338
      {
        TCCR0B = (TCCR0B & 0xf8) | prescalarbits;
    5e9a:	95 b5       	in	r25, 0x25	; 37
    5e9c:	98 7f       	andi	r25, 0xF8	; 248
    5e9e:	89 2b       	or	r24, r25
    5ea0:	85 bd       	out	0x25, r24	; 37
/Users/jacobmajors/Library/Arduino15/packages/MightyCore/hardware/avr/3.1.0/cores/MCUdude_corefiles/Tone.cpp:393
    {
      toggle_count = 2 * frequency * duration / 1000;
    }
    else
    {
      toggle_count = -1;
    5ea2:	2f ef       	ldi	r18, 0xFF	; 255
    5ea4:	3f ef       	ldi	r19, 0xFF	; 255
    5ea6:	a9 01       	movw	r20, r18
/Users/jacobmajors/Library/Arduino15/packages/MightyCore/hardware/avr/3.1.0/cores/MCUdude_corefiles/Tone.cpp:387

    }


    // Calculate the toggle count
    if (duration > 0)
    5ea8:	41 14       	cp	r4, r1
    5eaa:	51 04       	cpc	r5, r1
    5eac:	61 04       	cpc	r6, r1
    5eae:	71 04       	cpc	r7, r1
    5eb0:	09 f4       	brne	.+2      	; 0x5eb4 <tone(unsigned char, unsigned int, unsigned long)+0x380>
    5eb2:	04 cf       	rjmp	.-504    	; 0x5cbc <tone(unsigned char, unsigned int, unsigned long)+0x188>
/Users/jacobmajors/Library/Arduino15/packages/MightyCore/hardware/avr/3.1.0/cores/MCUdude_corefiles/Tone.cpp:389
    {
      toggle_count = 2 * frequency * duration / 1000;
    5eb4:	d8 01       	movw	r26, r16
    5eb6:	aa 0f       	add	r26, r26
    5eb8:	bb 1f       	adc	r27, r27
    5eba:	a3 01       	movw	r20, r6
    5ebc:	92 01       	movw	r18, r4
    5ebe:	0e 94 3e 36 	call	0x6c7c	; 0x6c7c <__muluhisi3>
    5ec2:	28 ee       	ldi	r18, 0xE8	; 232
    5ec4:	33 e0       	ldi	r19, 0x03	; 3
    5ec6:	40 e0       	ldi	r20, 0x00	; 0
    5ec8:	50 e0       	ldi	r21, 0x00	; 0
    5eca:	0e 94 e5 35 	call	0x6bca	; 0x6bca <__udivmodsi4>
    5ece:	ee ce       	rjmp	.-548    	; 0x5cac <tone(unsigned char, unsigned int, unsigned long)+0x178>
/Users/jacobmajors/Library/Arduino15/packages/MightyCore/hardware/avr/3.1.0/cores/MCUdude_corefiles/Tone.cpp:325

          if (ocr > 255)
          {
            ocr = F_CPU / frequency / 2 / 256 - 1;
            prescalarbits = _timer != TIMER_WITH_FULL_PRESCALER ? 0x04 : 0x06;
            if (ocr > 255)
    5ed0:	84 e0       	ldi	r24, 0x04	; 4
    5ed2:	e0 cf       	rjmp	.-64     	; 0x5e94 <tone(unsigned char, unsigned int, unsigned long)+0x360>
    5ed4:	b1 2c       	mov	r11, r1
    5ed6:	a1 2c       	mov	r10, r1
    5ed8:	60 e0       	ldi	r22, 0x00	; 0
    5eda:	72 e1       	ldi	r23, 0x12	; 18
    5edc:	8a e7       	ldi	r24, 0x7A	; 122
    5ede:	90 e0       	ldi	r25, 0x00	; 0
    5ee0:	a5 01       	movw	r20, r10
    5ee2:	98 01       	movw	r18, r16
    5ee4:	0e 94 07 36 	call	0x6c0e	; 0x6c0e <__divmodsi4>
    5ee8:	69 01       	movw	r12, r18
    5eea:	7a 01       	movw	r14, r20
    5eec:	81 e0       	ldi	r24, 0x01	; 1
    5eee:	c8 1a       	sub	r12, r24
    5ef0:	d1 08       	sbc	r13, r1
    5ef2:	e1 08       	sbc	r14, r1
    5ef4:	f1 08       	sbc	r15, r1
/Users/jacobmajors/Library/Arduino15/packages/MightyCore/hardware/avr/3.1.0/cores/MCUdude_corefiles/Tone.cpp:358
    {
      // two choices for the 16 bit timers: ck/1 or ck/64
      ocr = F_CPU / frequency / 2 - 1;

      prescalarbits = 0x01;
      if (ocr > 0xffff)
    5ef6:	c1 14       	cp	r12, r1
    5ef8:	d1 04       	cpc	r13, r1
    5efa:	91 e0       	ldi	r25, 0x01	; 1
    5efc:	e9 06       	cpc	r14, r25
    5efe:	f1 04       	cpc	r15, r1
    5f00:	24 f5       	brge	.+72     	; 0x5f4a <tone(unsigned char, unsigned int, unsigned long)+0x416>
/Users/jacobmajors/Library/Arduino15/packages/MightyCore/hardware/avr/3.1.0/cores/MCUdude_corefiles/Tone.cpp:357
    else
    {
      // two choices for the 16 bit timers: ck/1 or ck/64
      ocr = F_CPU / frequency / 2 - 1;

      prescalarbits = 0x01;
    5f02:	91 e0       	ldi	r25, 0x01	; 1
/Users/jacobmajors/Library/Arduino15/packages/MightyCore/hardware/avr/3.1.0/cores/MCUdude_corefiles/Tone.cpp:364
      {
        ocr = F_CPU / frequency / 2 / 64 - 1;
        prescalarbits = 0x03;
      }

      if (_timer == 1)
    5f04:	8d 81       	ldd	r24, Y+5	; 0x05
    5f06:	81 30       	cpi	r24, 0x01	; 1
    5f08:	89 f5       	brne	.+98     	; 0x5f6c <tone(unsigned char, unsigned int, unsigned long)+0x438>
/Users/jacobmajors/Library/Arduino15/packages/MightyCore/hardware/avr/3.1.0/cores/MCUdude_corefiles/Tone.cpp:367
      {
#if defined(TCCR1B)
        TCCR1B = (TCCR1B & 0xf8) | prescalarbits;
    5f0a:	80 91 81 00 	lds	r24, 0x0081	; 0x800081 <__TEXT_REGION_LENGTH__+0x7e0081>
    5f0e:	88 7f       	andi	r24, 0xF8	; 248
    5f10:	89 2b       	or	r24, r25
    5f12:	80 93 81 00 	sts	0x0081, r24	; 0x800081 <__TEXT_REGION_LENGTH__+0x7e0081>
/Users/jacobmajors/Library/Arduino15/packages/MightyCore/hardware/avr/3.1.0/cores/MCUdude_corefiles/Tone.cpp:393
    {
      toggle_count = 2 * frequency * duration / 1000;
    }
    else
    {
      toggle_count = -1;
    5f16:	2f ef       	ldi	r18, 0xFF	; 255
    5f18:	3f ef       	ldi	r19, 0xFF	; 255
    5f1a:	a9 01       	movw	r20, r18
/Users/jacobmajors/Library/Arduino15/packages/MightyCore/hardware/avr/3.1.0/cores/MCUdude_corefiles/Tone.cpp:387

    }


    // Calculate the toggle count
    if (duration > 0)
    5f1c:	41 14       	cp	r4, r1
    5f1e:	51 04       	cpc	r5, r1
    5f20:	61 04       	cpc	r6, r1
    5f22:	71 04       	cpc	r7, r1
    5f24:	39 f6       	brne	.-114    	; 0x5eb4 <tone(unsigned char, unsigned int, unsigned long)+0x380>
/Users/jacobmajors/Library/Arduino15/packages/MightyCore/hardware/avr/3.1.0/cores/MCUdude_corefiles/Tone.cpp:412
        break;
#endif

      case 1:
#if defined(OCR1A) && defined(TIMSK1) && defined(OCIE1A)
        OCR1A = ocr;
    5f26:	d0 92 89 00 	sts	0x0089, r13	; 0x800089 <__TEXT_REGION_LENGTH__+0x7e0089>
    5f2a:	c0 92 88 00 	sts	0x0088, r12	; 0x800088 <__TEXT_REGION_LENGTH__+0x7e0088>
/Users/jacobmajors/Library/Arduino15/packages/MightyCore/hardware/avr/3.1.0/cores/MCUdude_corefiles/Tone.cpp:413
        timer1_toggle_count = toggle_count;
    5f2e:	20 93 f0 0a 	sts	0x0AF0, r18	; 0x800af0 <timer1_toggle_count>
    5f32:	30 93 f1 0a 	sts	0x0AF1, r19	; 0x800af1 <timer1_toggle_count+0x1>
    5f36:	40 93 f2 0a 	sts	0x0AF2, r20	; 0x800af2 <timer1_toggle_count+0x2>
    5f3a:	50 93 f3 0a 	sts	0x0AF3, r21	; 0x800af3 <timer1_toggle_count+0x3>
/Users/jacobmajors/Library/Arduino15/packages/MightyCore/hardware/avr/3.1.0/cores/MCUdude_corefiles/Tone.cpp:414
        bitWrite(TIMSK1, OCIE1A, 1);
    5f3e:	80 91 6f 00 	lds	r24, 0x006F	; 0x80006f <__TEXT_REGION_LENGTH__+0x7e006f>
    5f42:	82 60       	ori	r24, 0x02	; 2
    5f44:	80 93 6f 00 	sts	0x006F, r24	; 0x80006f <__TEXT_REGION_LENGTH__+0x7e006f>
/Users/jacobmajors/Library/Arduino15/packages/MightyCore/hardware/avr/3.1.0/cores/MCUdude_corefiles/Tone.cpp:421
        // this combination is for at least the ATmega32
        OCR1A = ocr;
        timer1_toggle_count = toggle_count;
        bitWrite(TIMSK, OCIE1A, 1);
#endif
        break;
    5f48:	14 ce       	rjmp	.-984    	; 0x5b72 <tone(unsigned char, unsigned int, unsigned long)+0x3e>
/Users/jacobmajors/Library/Arduino15/packages/MightyCore/hardware/avr/3.1.0/cores/MCUdude_corefiles/Tone.cpp:360
      ocr = F_CPU / frequency / 2 - 1;

      prescalarbits = 0x01;
      if (ocr > 0xffff)
      {
        ocr = F_CPU / frequency / 2 / 64 - 1;
    5f4a:	68 e4       	ldi	r22, 0x48	; 72
    5f4c:	78 ee       	ldi	r23, 0xE8	; 232
    5f4e:	81 e0       	ldi	r24, 0x01	; 1
    5f50:	90 e0       	ldi	r25, 0x00	; 0
    5f52:	a5 01       	movw	r20, r10
    5f54:	98 01       	movw	r18, r16
    5f56:	0e 94 07 36 	call	0x6c0e	; 0x6c0e <__divmodsi4>
    5f5a:	69 01       	movw	r12, r18
    5f5c:	7a 01       	movw	r14, r20
    5f5e:	81 e0       	ldi	r24, 0x01	; 1
    5f60:	c8 1a       	sub	r12, r24
    5f62:	d1 08       	sbc	r13, r1
    5f64:	e1 08       	sbc	r14, r1
    5f66:	f1 08       	sbc	r15, r1
/Users/jacobmajors/Library/Arduino15/packages/MightyCore/hardware/avr/3.1.0/cores/MCUdude_corefiles/Tone.cpp:361
        prescalarbits = 0x03;
    5f68:	93 e0       	ldi	r25, 0x03	; 3
    5f6a:	cc cf       	rjmp	.-104    	; 0x5f04 <tone(unsigned char, unsigned int, unsigned long)+0x3d0>
/Users/jacobmajors/Library/Arduino15/packages/MightyCore/hardware/avr/3.1.0/cores/MCUdude_corefiles/Tone.cpp:371
#if defined(TCCR1B)
        TCCR1B = (TCCR1B & 0xf8) | prescalarbits;
#endif
      }
#if defined(TCCR3B)
      else if (_timer == 3)
    5f6c:	8d 81       	ldd	r24, Y+5	; 0x05
    5f6e:	83 30       	cpi	r24, 0x03	; 3
    5f70:	09 f0       	breq	.+2      	; 0x5f74 <tone(unsigned char, unsigned int, unsigned long)+0x440>
    5f72:	93 ce       	rjmp	.-730    	; 0x5c9a <tone(unsigned char, unsigned int, unsigned long)+0x166>
/Users/jacobmajors/Library/Arduino15/packages/MightyCore/hardware/avr/3.1.0/cores/MCUdude_corefiles/Tone.cpp:372
        TCCR3B = (TCCR3B & 0xf8) | prescalarbits;
    5f74:	80 91 91 00 	lds	r24, 0x0091	; 0x800091 <__TEXT_REGION_LENGTH__+0x7e0091>
    5f78:	88 7f       	andi	r24, 0xF8	; 248
    5f7a:	89 2b       	or	r24, r25
    5f7c:	80 93 91 00 	sts	0x0091, r24	; 0x800091 <__TEXT_REGION_LENGTH__+0x7e0091>
/Users/jacobmajors/Library/Arduino15/packages/MightyCore/hardware/avr/3.1.0/cores/MCUdude_corefiles/Tone.cpp:393
    {
      toggle_count = 2 * frequency * duration / 1000;
    }
    else
    {
      toggle_count = -1;
    5f80:	2f ef       	ldi	r18, 0xFF	; 255
    5f82:	3f ef       	ldi	r19, 0xFF	; 255
    5f84:	a9 01       	movw	r20, r18
/Users/jacobmajors/Library/Arduino15/packages/MightyCore/hardware/avr/3.1.0/cores/MCUdude_corefiles/Tone.cpp:387

    }


    // Calculate the toggle count
    if (duration > 0)
    5f86:	41 14       	cp	r4, r1
    5f88:	51 04       	cpc	r5, r1
    5f8a:	61 04       	cpc	r6, r1
    5f8c:	71 04       	cpc	r7, r1
    5f8e:	09 f0       	breq	.+2      	; 0x5f92 <tone(unsigned char, unsigned int, unsigned long)+0x45e>
    5f90:	91 cf       	rjmp	.-222    	; 0x5eb4 <tone(unsigned char, unsigned int, unsigned long)+0x380>
/Users/jacobmajors/Library/Arduino15/packages/MightyCore/hardware/avr/3.1.0/cores/MCUdude_corefiles/Tone.cpp:433
        break;
#endif

#if defined(OCR3A) && defined(TIMSK3) && defined(OCIE3A)
      case 3:
        OCR3A = ocr;
    5f92:	d0 92 99 00 	sts	0x0099, r13	; 0x800099 <__TEXT_REGION_LENGTH__+0x7e0099>
    5f96:	c0 92 98 00 	sts	0x0098, r12	; 0x800098 <__TEXT_REGION_LENGTH__+0x7e0098>
/Users/jacobmajors/Library/Arduino15/packages/MightyCore/hardware/avr/3.1.0/cores/MCUdude_corefiles/Tone.cpp:434
        timer3_toggle_count = toggle_count;
    5f9a:	20 93 e2 0a 	sts	0x0AE2, r18	; 0x800ae2 <timer3_toggle_count>
    5f9e:	30 93 e3 0a 	sts	0x0AE3, r19	; 0x800ae3 <timer3_toggle_count+0x1>
    5fa2:	40 93 e4 0a 	sts	0x0AE4, r20	; 0x800ae4 <timer3_toggle_count+0x2>
    5fa6:	50 93 e5 0a 	sts	0x0AE5, r21	; 0x800ae5 <timer3_toggle_count+0x3>
/Users/jacobmajors/Library/Arduino15/packages/MightyCore/hardware/avr/3.1.0/cores/MCUdude_corefiles/Tone.cpp:435
        bitWrite(TIMSK3, OCIE3A, 1);
    5faa:	80 91 71 00 	lds	r24, 0x0071	; 0x800071 <__TEXT_REGION_LENGTH__+0x7e0071>
    5fae:	82 60       	ori	r24, 0x02	; 2
    5fb0:	80 93 71 00 	sts	0x0071, r24	; 0x800071 <__TEXT_REGION_LENGTH__+0x7e0071>
/Users/jacobmajors/Library/Arduino15/packages/MightyCore/hardware/avr/3.1.0/cores/MCUdude_corefiles/Tone.cpp:457
        break;
#endif

    }
  }
}
    5fb4:	de cd       	rjmp	.-1092   	; 0x5b72 <tone(unsigned char, unsigned int, unsigned long)+0x3e>
/Users/jacobmajors/Library/Arduino15/packages/MightyCore/hardware/avr/3.1.0/cores/MCUdude_corefiles/Tone.cpp:399
    }

    // Set the OCR for the given timer,
    // set the toggle count,
    // then turn on the interrupts
    switch (_timer)
    5fb6:	8d 81       	ldd	r24, Y+5	; 0x05
    5fb8:	82 30       	cpi	r24, 0x02	; 2
    5fba:	19 f0       	breq	.+6      	; 0x5fc2 <tone(unsigned char, unsigned int, unsigned long)+0x48e>
    5fbc:	83 30       	cpi	r24, 0x03	; 3
    5fbe:	49 f3       	breq	.-46     	; 0x5f92 <tone(unsigned char, unsigned int, unsigned long)+0x45e>
    5fc0:	d8 cd       	rjmp	.-1104   	; 0x5b72 <tone(unsigned char, unsigned int, unsigned long)+0x3e>
/Users/jacobmajors/Library/Arduino15/packages/MightyCore/hardware/avr/3.1.0/cores/MCUdude_corefiles/Tone.cpp:425
#endif
        break;

#if defined(OCR2A) && defined(TIMSK2) && defined(OCIE2A)
      case 2:
        OCR2A = ocr;
    5fc2:	c0 92 b3 00 	sts	0x00B3, r12	; 0x8000b3 <__TEXT_REGION_LENGTH__+0x7e00b3>
/Users/jacobmajors/Library/Arduino15/packages/MightyCore/hardware/avr/3.1.0/cores/MCUdude_corefiles/Tone.cpp:426
        timer2_toggle_count = toggle_count;
    5fc6:	20 93 e9 0a 	sts	0x0AE9, r18	; 0x800ae9 <timer2_toggle_count>
    5fca:	30 93 ea 0a 	sts	0x0AEA, r19	; 0x800aea <timer2_toggle_count+0x1>
    5fce:	40 93 eb 0a 	sts	0x0AEB, r20	; 0x800aeb <timer2_toggle_count+0x2>
    5fd2:	50 93 ec 0a 	sts	0x0AEC, r21	; 0x800aec <timer2_toggle_count+0x3>
/Users/jacobmajors/Library/Arduino15/packages/MightyCore/hardware/avr/3.1.0/cores/MCUdude_corefiles/Tone.cpp:427
        bitWrite(TIMSK2, OCIE2A, 1);
    5fd6:	80 91 70 00 	lds	r24, 0x0070	; 0x800070 <__TEXT_REGION_LENGTH__+0x7e0070>
    5fda:	82 60       	ori	r24, 0x02	; 2
    5fdc:	80 93 70 00 	sts	0x0070, r24	; 0x800070 <__TEXT_REGION_LENGTH__+0x7e0070>
/Users/jacobmajors/Library/Arduino15/packages/MightyCore/hardware/avr/3.1.0/cores/MCUdude_corefiles/Tone.cpp:428
        break;
    5fe0:	c8 cd       	rjmp	.-1136   	; 0x5b72 <tone(unsigned char, unsigned int, unsigned long)+0x3e>
/Users/jacobmajors/Library/Arduino15/packages/MightyCore/hardware/avr/3.1.0/cores/MCUdude_corefiles/Tone.cpp:312
          prescalarbits = 0x03;
        }

        if (ocr > 255)
        {
          ocr = F_CPU / frequency / 2 / 64 - 1;
    5fe2:	68 e4       	ldi	r22, 0x48	; 72
    5fe4:	78 ee       	ldi	r23, 0xE8	; 232
    5fe6:	81 e0       	ldi	r24, 0x01	; 1
    5fe8:	90 e0       	ldi	r25, 0x00	; 0
    5fea:	a5 01       	movw	r20, r10
    5fec:	94 01       	movw	r18, r8
    5fee:	0e 94 07 36 	call	0x6c0e	; 0x6c0e <__divmodsi4>
    5ff2:	69 01       	movw	r12, r18
    5ff4:	7a 01       	movw	r14, r20
    5ff6:	81 e0       	ldi	r24, 0x01	; 1
    5ff8:	c8 1a       	sub	r12, r24
    5ffa:	d1 08       	sbc	r13, r1
    5ffc:	e1 08       	sbc	r14, r1
    5ffe:	f1 08       	sbc	r15, r1
/Users/jacobmajors/Library/Arduino15/packages/MightyCore/hardware/avr/3.1.0/cores/MCUdude_corefiles/Tone.cpp:321
          {
            ocr = F_CPU / frequency / 2 / 128 - 1;
            prescalarbits = 0x05;
          }

          if (ocr > 255)
    6000:	83 e0       	ldi	r24, 0x03	; 3
    6002:	9f ef       	ldi	r25, 0xFF	; 255
    6004:	c9 16       	cp	r12, r25
    6006:	d1 04       	cpc	r13, r1
    6008:	e1 04       	cpc	r14, r1
    600a:	f1 04       	cpc	r15, r1
    600c:	09 f0       	breq	.+2      	; 0x6010 <tone(unsigned char, unsigned int, unsigned long)+0x4dc>
    600e:	0c f4       	brge	.+2      	; 0x6012 <tone(unsigned char, unsigned int, unsigned long)+0x4de>
    6010:	41 cf       	rjmp	.-382    	; 0x5e94 <tone(unsigned char, unsigned int, unsigned long)+0x360>
/Users/jacobmajors/Library/Arduino15/packages/MightyCore/hardware/avr/3.1.0/cores/MCUdude_corefiles/Tone.cpp:323
          {
            ocr = F_CPU / frequency / 2 / 256 - 1;
    6012:	62 e1       	ldi	r22, 0x12	; 18
    6014:	7a e7       	ldi	r23, 0x7A	; 122
    6016:	80 e0       	ldi	r24, 0x00	; 0
    6018:	90 e0       	ldi	r25, 0x00	; 0
    601a:	a5 01       	movw	r20, r10
    601c:	94 01       	movw	r18, r8
    601e:	0e 94 07 36 	call	0x6c0e	; 0x6c0e <__divmodsi4>
    6022:	69 01       	movw	r12, r18
    6024:	7a 01       	movw	r14, r20
    6026:	91 e0       	ldi	r25, 0x01	; 1
    6028:	c9 1a       	sub	r12, r25
    602a:	d1 08       	sbc	r13, r1
    602c:	e1 08       	sbc	r14, r1
    602e:	f1 08       	sbc	r15, r1
/Users/jacobmajors/Library/Arduino15/packages/MightyCore/hardware/avr/3.1.0/cores/MCUdude_corefiles/Tone.cpp:325
            prescalarbits = _timer != TIMER_WITH_FULL_PRESCALER ? 0x04 : 0x06;
            if (ocr > 255)
    6030:	8f ef       	ldi	r24, 0xFF	; 255
    6032:	c8 16       	cp	r12, r24
    6034:	d1 04       	cpc	r13, r1
    6036:	e1 04       	cpc	r14, r1
    6038:	f1 04       	cpc	r15, r1
    603a:	09 f0       	breq	.+2      	; 0x603e <tone(unsigned char, unsigned int, unsigned long)+0x50a>
    603c:	08 f4       	brcc	.+2      	; 0x6040 <tone(unsigned char, unsigned int, unsigned long)+0x50c>
    603e:	48 cf       	rjmp	.-368    	; 0x5ed0 <tone(unsigned char, unsigned int, unsigned long)+0x39c>
/Users/jacobmajors/Library/Arduino15/packages/MightyCore/hardware/avr/3.1.0/cores/MCUdude_corefiles/Tone.cpp:328
            {
              // Can't do any better than /1024
              ocr = F_CPU / frequency / 2 / 1024 - 1;
    6040:	c9 80       	ldd	r12, Y+1	; 0x01
    6042:	da 80       	ldd	r13, Y+2	; 0x02
    6044:	eb 80       	ldd	r14, Y+3	; 0x03
    6046:	fc 80       	ldd	r15, Y+4	; 0x04
    6048:	9a e0       	ldi	r25, 0x0A	; 10
    604a:	f5 94       	asr	r15
    604c:	e7 94       	ror	r14
    604e:	d7 94       	ror	r13
    6050:	c7 94       	ror	r12
    6052:	9a 95       	dec	r25
    6054:	d1 f7       	brne	.-12     	; 0x604a <tone(unsigned char, unsigned int, unsigned long)+0x516>
    6056:	91 e0       	ldi	r25, 0x01	; 1
    6058:	c9 1a       	sub	r12, r25
    605a:	d1 08       	sbc	r13, r1
    605c:	e1 08       	sbc	r14, r1
    605e:	f1 08       	sbc	r15, r1
/Users/jacobmajors/Library/Arduino15/packages/MightyCore/hardware/avr/3.1.0/cores/MCUdude_corefiles/Tone.cpp:329
              prescalarbits = _timer != TIMER_WITH_FULL_PRESCALER ? 0x05 : 0x07;
    6060:	85 e0       	ldi	r24, 0x05	; 5
    6062:	18 cf       	rjmp	.-464    	; 0x5e94 <tone(unsigned char, unsigned int, unsigned long)+0x360>
/Users/jacobmajors/Library/Arduino15/packages/MightyCore/hardware/avr/3.1.0/cores/MCUdude_corefiles/Tone.cpp:310
        {
          ocr = F_CPU / frequency / 2 / 32 - 1;
          prescalarbits = 0x03;
        }

        if (ocr > 255)
    6064:	8f ef       	ldi	r24, 0xFF	; 255
    6066:	c8 16       	cp	r12, r24
    6068:	d1 04       	cpc	r13, r1
    606a:	e1 04       	cpc	r14, r1
    606c:	f1 04       	cpc	r15, r1
    606e:	11 f0       	breq	.+4      	; 0x6074 <tone(unsigned char, unsigned int, unsigned long)+0x540>
    6070:	0c f0       	brlt	.+2      	; 0x6074 <tone(unsigned char, unsigned int, unsigned long)+0x540>
    6072:	b7 cf       	rjmp	.-146    	; 0x5fe2 <tone(unsigned char, unsigned int, unsigned long)+0x4ae>
/Users/jacobmajors/Library/Arduino15/packages/MightyCore/hardware/avr/3.1.0/cores/MCUdude_corefiles/Tone.cpp:302
      ocr = F_CPU / frequency / 2 - 1;
      prescalarbits = 0x01;  // ck/1: same for both timers
      if (ocr > 255)
      {
        ocr = F_CPU / frequency / 2 / 8 - 1;
        prescalarbits = 0x02;  // ck/8: same for both timers
    6074:	82 e0       	ldi	r24, 0x02	; 2
    6076:	0e cf       	rjmp	.-484    	; 0x5e94 <tone(unsigned char, unsigned int, unsigned long)+0x360>
/Users/jacobmajors/Library/Arduino15/packages/MightyCore/hardware/avr/3.1.0/cores/MCUdude_corefiles/Tone.cpp:328
            ocr = F_CPU / frequency / 2 / 256 - 1;
            prescalarbits = _timer != TIMER_WITH_FULL_PRESCALER ? 0x04 : 0x06;
            if (ocr > 255)
            {
              // Can't do any better than /1024
              ocr = F_CPU / frequency / 2 / 1024 - 1;
    6078:	c9 80       	ldd	r12, Y+1	; 0x01
    607a:	da 80       	ldd	r13, Y+2	; 0x02
    607c:	eb 80       	ldd	r14, Y+3	; 0x03
    607e:	fc 80       	ldd	r15, Y+4	; 0x04
    6080:	8a e0       	ldi	r24, 0x0A	; 10
    6082:	f5 94       	asr	r15
    6084:	e7 94       	ror	r14
    6086:	d7 94       	ror	r13
    6088:	c7 94       	ror	r12
    608a:	8a 95       	dec	r24
    608c:	d1 f7       	brne	.-12     	; 0x6082 <tone(unsigned char, unsigned int, unsigned long)+0x54e>
    608e:	81 e0       	ldi	r24, 0x01	; 1
    6090:	c8 1a       	sub	r12, r24
    6092:	d1 08       	sbc	r13, r1
    6094:	e1 08       	sbc	r14, r1
    6096:	f1 08       	sbc	r15, r1
/Users/jacobmajors/Library/Arduino15/packages/MightyCore/hardware/avr/3.1.0/cores/MCUdude_corefiles/Tone.cpp:329
              prescalarbits = _timer != TIMER_WITH_FULL_PRESCALER ? 0x05 : 0x07;
    6098:	87 e0       	ldi	r24, 0x07	; 7
    609a:	f9 cd       	rjmp	.-1038   	; 0x5c8e <tone(unsigned char, unsigned int, unsigned long)+0x15a>
/Users/jacobmajors/Library/Arduino15/packages/MightyCore/hardware/avr/3.1.0/cores/MCUdude_corefiles/Tone.cpp:302
      ocr = F_CPU / frequency / 2 - 1;
      prescalarbits = 0x01;  // ck/1: same for both timers
      if (ocr > 255)
      {
        ocr = F_CPU / frequency / 2 / 8 - 1;
        prescalarbits = 0x02;  // ck/8: same for both timers
    609c:	82 e0       	ldi	r24, 0x02	; 2
    609e:	f7 cd       	rjmp	.-1042   	; 0x5c8e <tone(unsigned char, unsigned int, unsigned long)+0x15a>
/Users/jacobmajors/Library/Arduino15/packages/MightyCore/hardware/avr/3.1.0/cores/MCUdude_corefiles/Tone.cpp:307

        if (_timer == TIMER_WITH_FULL_PRESCALER && ocr > 255)
        {
          ocr = F_CPU / frequency / 2 / 32 - 1;
          prescalarbits = 0x03;
    60a0:	83 e0       	ldi	r24, 0x03	; 3
    60a2:	f5 cd       	rjmp	.-1046   	; 0x5c8e <tone(unsigned char, unsigned int, unsigned long)+0x15a>
/Users/jacobmajors/Library/Arduino15/packages/MightyCore/hardware/avr/3.1.0/cores/MCUdude_corefiles/Tone.cpp:318
          prescalarbits = _timer != TIMER_WITH_FULL_PRESCALER ? 0x03 : 0x04;

          if (_timer == TIMER_WITH_FULL_PRESCALER && ocr > 255)
          {
            ocr = F_CPU / frequency / 2 / 128 - 1;
            prescalarbits = 0x05;
    60a4:	85 e0       	ldi	r24, 0x05	; 5
    60a6:	f3 cd       	rjmp	.-1050   	; 0x5c8e <tone(unsigned char, unsigned int, unsigned long)+0x15a>

000060a8 <disableTimer(unsigned char)>:
_Z12disableTimerh():
/Users/jacobmajors/Library/Arduino15/packages/MightyCore/hardware/avr/3.1.0/cores/MCUdude_corefiles/Tone.cpp:465
// XXX: this function only works properly for timer 2 (the only one we use
// currently).  for the others, it should end the tone, but won't restore
// proper PWM functionality for the timer.
void disableTimer(uint8_t _timer)
{
  switch (_timer)
    60a8:	81 30       	cpi	r24, 0x01	; 1
    60aa:	49 f0       	breq	.+18     	; 0x60be <disableTimer(unsigned char)+0x16>
    60ac:	28 f0       	brcs	.+10     	; 0x60b8 <disableTimer(unsigned char)+0x10>
    60ae:	82 30       	cpi	r24, 0x02	; 2
    60b0:	61 f0       	breq	.+24     	; 0x60ca <disableTimer(unsigned char)+0x22>
    60b2:	83 30       	cpi	r24, 0x03	; 3
    60b4:	d9 f0       	breq	.+54     	; 0x60ec <disableTimer(unsigned char)+0x44>
    60b6:	08 95       	ret
/Users/jacobmajors/Library/Arduino15/packages/MightyCore/hardware/avr/3.1.0/cores/MCUdude_corefiles/Tone.cpp:469
  {
    case 0:
      #if defined(TIMSK0)
        TIMSK0 = 0;
    60b8:	10 92 6e 00 	sts	0x006E, r1	; 0x80006e <__TEXT_REGION_LENGTH__+0x7e006e>
/Users/jacobmajors/Library/Arduino15/packages/MightyCore/hardware/avr/3.1.0/cores/MCUdude_corefiles/Tone.cpp:473
      #elif defined(TIMSK)
        TIMSK = 0; // atmega32
      #endif
      break;
    60bc:	08 95       	ret
/Users/jacobmajors/Library/Arduino15/packages/MightyCore/hardware/avr/3.1.0/cores/MCUdude_corefiles/Tone.cpp:477

#if defined(TIMSK1) && defined(OCIE1A)
    case 1:
      bitWrite(TIMSK1, OCIE1A, 0);
    60be:	80 91 6f 00 	lds	r24, 0x006F	; 0x80006f <__TEXT_REGION_LENGTH__+0x7e006f>
    60c2:	8d 7f       	andi	r24, 0xFD	; 253
    60c4:	80 93 6f 00 	sts	0x006F, r24	; 0x80006f <__TEXT_REGION_LENGTH__+0x7e006f>
/Users/jacobmajors/Library/Arduino15/packages/MightyCore/hardware/avr/3.1.0/cores/MCUdude_corefiles/Tone.cpp:478
      break;
    60c8:	08 95       	ret
/Users/jacobmajors/Library/Arduino15/packages/MightyCore/hardware/avr/3.1.0/cores/MCUdude_corefiles/Tone.cpp:483
#endif

    case 2:
      #if defined(TIMSK2) && defined(OCIE2A)
        bitWrite(TIMSK2, OCIE2A, 0); // disable interrupt
    60ca:	80 91 70 00 	lds	r24, 0x0070	; 0x800070 <__TEXT_REGION_LENGTH__+0x7e0070>
    60ce:	8d 7f       	andi	r24, 0xFD	; 253
    60d0:	80 93 70 00 	sts	0x0070, r24	; 0x800070 <__TEXT_REGION_LENGTH__+0x7e0070>
/Users/jacobmajors/Library/Arduino15/packages/MightyCore/hardware/avr/3.1.0/cores/MCUdude_corefiles/Tone.cpp:486
      #endif
      #if defined(TCCR2A) && defined(WGM20)
        TCCR2A = (1 << WGM20);
    60d4:	81 e0       	ldi	r24, 0x01	; 1
    60d6:	80 93 b0 00 	sts	0x00B0, r24	; 0x8000b0 <__TEXT_REGION_LENGTH__+0x7e00b0>
/Users/jacobmajors/Library/Arduino15/packages/MightyCore/hardware/avr/3.1.0/cores/MCUdude_corefiles/Tone.cpp:489
      #endif
      #if defined(TCCR2B) && defined(CS22)
        TCCR2B = (TCCR2B & 0xf8) | (1 << CS22);
    60da:	80 91 b1 00 	lds	r24, 0x00B1	; 0x8000b1 <__TEXT_REGION_LENGTH__+0x7e00b1>
    60de:	88 7f       	andi	r24, 0xF8	; 248
    60e0:	84 60       	ori	r24, 0x04	; 4
    60e2:	80 93 b1 00 	sts	0x00B1, r24	; 0x8000b1 <__TEXT_REGION_LENGTH__+0x7e00b1>
/Users/jacobmajors/Library/Arduino15/packages/MightyCore/hardware/avr/3.1.0/cores/MCUdude_corefiles/Tone.cpp:492
      #endif
      #if defined(OCR2A)
        OCR2A = 0;
    60e6:	10 92 b3 00 	sts	0x00B3, r1	; 0x8000b3 <__TEXT_REGION_LENGTH__+0x7e00b3>
    60ea:	08 95       	ret
/Users/jacobmajors/Library/Arduino15/packages/MightyCore/hardware/avr/3.1.0/cores/MCUdude_corefiles/Tone.cpp:498
      #endif
      break;

#if defined(TIMSK3) && defined(OCIE3A)
    case 3:
      bitWrite(TIMSK3, OCIE3A, 0);
    60ec:	80 91 71 00 	lds	r24, 0x0071	; 0x800071 <__TEXT_REGION_LENGTH__+0x7e0071>
    60f0:	8d 7f       	andi	r24, 0xFD	; 253
    60f2:	80 93 71 00 	sts	0x0071, r24	; 0x800071 <__TEXT_REGION_LENGTH__+0x7e0071>
/Users/jacobmajors/Library/Arduino15/packages/MightyCore/hardware/avr/3.1.0/cores/MCUdude_corefiles/Tone.cpp:514
    case 5:
      bitWrite(TIMSK5, OCIE5A, 0);
      break;
#endif
  }
}
    60f6:	08 95       	ret

000060f8 <noTone(unsigned char)>:
_Z6noToneh():
/Users/jacobmajors/Library/Arduino15/packages/MightyCore/hardware/avr/3.1.0/cores/MCUdude_corefiles/Tone.cpp:518


void noTone(uint8_t _pin)
{
    60f8:	cf 93       	push	r28
    60fa:	c8 2f       	mov	r28, r24
/Users/jacobmajors/Library/Arduino15/packages/MightyCore/hardware/avr/3.1.0/cores/MCUdude_corefiles/Tone.cpp:522
  int8_t _timer = -1;

  for (int i = 0; i < AVAILABLE_TONE_PINS; i++) {
    if (tone_pins[i] == _pin) {
    60fc:	80 91 1d 01 	lds	r24, 0x011D	; 0x80011d <tone_pins>
    6100:	c8 13       	cpse	r28, r24
    6102:	0d c0       	rjmp	.+26     	; 0x611e <noTone(unsigned char)+0x26>
/Users/jacobmajors/Library/Arduino15/packages/MightyCore/hardware/avr/3.1.0/cores/MCUdude_corefiles/Tone.cpp:523
      _timer = pgm_read_byte(tone_pin_to_timer_PGM + i);
    6104:	ea ea       	ldi	r30, 0xAA	; 170
    6106:	fd e0       	ldi	r31, 0x0D	; 13
    6108:	84 91       	lpm	r24, Z
/Users/jacobmajors/Library/Arduino15/packages/MightyCore/hardware/avr/3.1.0/cores/MCUdude_corefiles/Tone.cpp:524
      tone_pins[i] = 255;
    610a:	9f ef       	ldi	r25, 0xFF	; 255
    610c:	90 93 1d 01 	sts	0x011D, r25	; 0x80011d <tone_pins>
/Users/jacobmajors/Library/Arduino15/packages/MightyCore/hardware/avr/3.1.0/cores/MCUdude_corefiles/Tone.cpp:529
      break;
    }
  }

  disableTimer(_timer);
    6110:	0e 94 54 30 	call	0x60a8	; 0x60a8 <disableTimer(unsigned char)>
/Users/jacobmajors/Library/Arduino15/packages/MightyCore/hardware/avr/3.1.0/cores/MCUdude_corefiles/Tone.cpp:531

  digitalWrite(_pin, 0);
    6114:	60 e0       	ldi	r22, 0x00	; 0
    6116:	8c 2f       	mov	r24, r28
/Users/jacobmajors/Library/Arduino15/packages/MightyCore/hardware/avr/3.1.0/cores/MCUdude_corefiles/Tone.cpp:532
}
    6118:	cf 91       	pop	r28
/Users/jacobmajors/Library/Arduino15/packages/MightyCore/hardware/avr/3.1.0/cores/MCUdude_corefiles/Tone.cpp:531
    }
  }

  disableTimer(_timer);

  digitalWrite(_pin, 0);
    611a:	0c 94 ac 32 	jmp	0x6558	; 0x6558 <digitalWrite>
/Users/jacobmajors/Library/Arduino15/packages/MightyCore/hardware/avr/3.1.0/cores/MCUdude_corefiles/Tone.cpp:519
}


void noTone(uint8_t _pin)
{
  int8_t _timer = -1;
    611e:	8f ef       	ldi	r24, 0xFF	; 255
    6120:	f7 cf       	rjmp	.-18     	; 0x6110 <noTone(unsigned char)+0x18>

00006122 <__vector_9>:
__vector_9():
/Users/jacobmajors/Library/Arduino15/packages/MightyCore/hardware/avr/3.1.0/cores/MCUdude_corefiles/Tone.cpp:580
#if defined(__AVR_ATmega162__)
ISR(TIMER2_COMP_vect)
#else
ISR(TIMER2_COMPA_vect)
#endif
{
    6122:	1f 92       	push	r1
    6124:	0f 92       	push	r0
    6126:	0f b6       	in	r0, 0x3f	; 63
    6128:	0f 92       	push	r0
    612a:	11 24       	eor	r1, r1
    612c:	0b b6       	in	r0, 0x3b	; 59
    612e:	0f 92       	push	r0
    6130:	2f 93       	push	r18
    6132:	3f 93       	push	r19
    6134:	4f 93       	push	r20
    6136:	5f 93       	push	r21
    6138:	6f 93       	push	r22
    613a:	7f 93       	push	r23
    613c:	8f 93       	push	r24
    613e:	9f 93       	push	r25
    6140:	af 93       	push	r26
    6142:	bf 93       	push	r27
    6144:	ef 93       	push	r30
    6146:	ff 93       	push	r31
/Users/jacobmajors/Library/Arduino15/packages/MightyCore/hardware/avr/3.1.0/cores/MCUdude_corefiles/Tone.cpp:582

  if (timer2_toggle_count != 0)
    6148:	80 91 e9 0a 	lds	r24, 0x0AE9	; 0x800ae9 <timer2_toggle_count>
    614c:	90 91 ea 0a 	lds	r25, 0x0AEA	; 0x800aea <timer2_toggle_count+0x1>
    6150:	a0 91 eb 0a 	lds	r26, 0x0AEB	; 0x800aeb <timer2_toggle_count+0x2>
    6154:	b0 91 ec 0a 	lds	r27, 0x0AEC	; 0x800aec <timer2_toggle_count+0x3>
    6158:	89 2b       	or	r24, r25
    615a:	8a 2b       	or	r24, r26
    615c:	8b 2b       	or	r24, r27
    615e:	e1 f1       	breq	.+120    	; 0x61d8 <__vector_9+0xb6>
/Users/jacobmajors/Library/Arduino15/packages/MightyCore/hardware/avr/3.1.0/cores/MCUdude_corefiles/Tone.cpp:585
  {
    // toggle the pin
    *timer2_pin_port ^= timer2_pin_mask;
    6160:	90 91 e6 0a 	lds	r25, 0x0AE6	; 0x800ae6 <timer2_pin_mask>
    6164:	e0 91 e7 0a 	lds	r30, 0x0AE7	; 0x800ae7 <timer2_pin_port>
    6168:	f0 91 e8 0a 	lds	r31, 0x0AE8	; 0x800ae8 <timer2_pin_port+0x1>
    616c:	80 81       	ld	r24, Z
    616e:	89 27       	eor	r24, r25
    6170:	80 83       	st	Z, r24
/Users/jacobmajors/Library/Arduino15/packages/MightyCore/hardware/avr/3.1.0/cores/MCUdude_corefiles/Tone.cpp:587

    if (timer2_toggle_count > 0)
    6172:	80 91 e9 0a 	lds	r24, 0x0AE9	; 0x800ae9 <timer2_toggle_count>
    6176:	90 91 ea 0a 	lds	r25, 0x0AEA	; 0x800aea <timer2_toggle_count+0x1>
    617a:	a0 91 eb 0a 	lds	r26, 0x0AEB	; 0x800aeb <timer2_toggle_count+0x2>
    617e:	b0 91 ec 0a 	lds	r27, 0x0AEC	; 0x800aec <timer2_toggle_count+0x3>
    6182:	18 16       	cp	r1, r24
    6184:	19 06       	cpc	r1, r25
    6186:	1a 06       	cpc	r1, r26
    6188:	1b 06       	cpc	r1, r27
    618a:	9c f4       	brge	.+38     	; 0x61b2 <__vector_9+0x90>
/Users/jacobmajors/Library/Arduino15/packages/MightyCore/hardware/avr/3.1.0/cores/MCUdude_corefiles/Tone.cpp:588
      timer2_toggle_count--;
    618c:	80 91 e9 0a 	lds	r24, 0x0AE9	; 0x800ae9 <timer2_toggle_count>
    6190:	90 91 ea 0a 	lds	r25, 0x0AEA	; 0x800aea <timer2_toggle_count+0x1>
    6194:	a0 91 eb 0a 	lds	r26, 0x0AEB	; 0x800aeb <timer2_toggle_count+0x2>
    6198:	b0 91 ec 0a 	lds	r27, 0x0AEC	; 0x800aec <timer2_toggle_count+0x3>
    619c:	01 97       	sbiw	r24, 0x01	; 1
    619e:	a1 09       	sbc	r26, r1
    61a0:	b1 09       	sbc	r27, r1
    61a2:	80 93 e9 0a 	sts	0x0AE9, r24	; 0x800ae9 <timer2_toggle_count>
    61a6:	90 93 ea 0a 	sts	0x0AEA, r25	; 0x800aea <timer2_toggle_count+0x1>
    61aa:	a0 93 eb 0a 	sts	0x0AEB, r26	; 0x800aeb <timer2_toggle_count+0x2>
    61ae:	b0 93 ec 0a 	sts	0x0AEC, r27	; 0x800aec <timer2_toggle_count+0x3>
/Users/jacobmajors/Library/Arduino15/packages/MightyCore/hardware/avr/3.1.0/cores/MCUdude_corefiles/Tone.cpp:599
    // XXX: this assumes timer 2 is always the first one used.
    noTone(tone_pins[0]);
//    disableTimer(2);
//    *timer2_pin_port &= ~(timer2_pin_mask);  // keep pin low after stop
  }
}
    61b2:	ff 91       	pop	r31
    61b4:	ef 91       	pop	r30
    61b6:	bf 91       	pop	r27
    61b8:	af 91       	pop	r26
    61ba:	9f 91       	pop	r25
    61bc:	8f 91       	pop	r24
    61be:	7f 91       	pop	r23
    61c0:	6f 91       	pop	r22
    61c2:	5f 91       	pop	r21
    61c4:	4f 91       	pop	r20
    61c6:	3f 91       	pop	r19
    61c8:	2f 91       	pop	r18
    61ca:	0f 90       	pop	r0
    61cc:	0b be       	out	0x3b, r0	; 59
    61ce:	0f 90       	pop	r0
    61d0:	0f be       	out	0x3f, r0	; 63
    61d2:	0f 90       	pop	r0
    61d4:	1f 90       	pop	r1
    61d6:	18 95       	reti
/Users/jacobmajors/Library/Arduino15/packages/MightyCore/hardware/avr/3.1.0/cores/MCUdude_corefiles/Tone.cpp:595
  else
  {
    // need to call noTone() so that the tone_pins[] entry is reset, so the
    // timer gets initialized next time we call tone().
    // XXX: this assumes timer 2 is always the first one used.
    noTone(tone_pins[0]);
    61d8:	80 91 1d 01 	lds	r24, 0x011D	; 0x80011d <tone_pins>
    61dc:	0e 94 7c 30 	call	0x60f8	; 0x60f8 <noTone(unsigned char)>
/Users/jacobmajors/Library/Arduino15/packages/MightyCore/hardware/avr/3.1.0/cores/MCUdude_corefiles/Tone.cpp:599
//    disableTimer(2);
//    *timer2_pin_port &= ~(timer2_pin_mask);  // keep pin low after stop
  }
}
    61e0:	e8 cf       	rjmp	.-48     	; 0x61b2 <__vector_9+0x90>

000061e2 <map(long, long, long, long, long)>:
_Z3maplllll():
/Users/jacobmajors/Library/Arduino15/packages/MightyCore/hardware/avr/3.1.0/cores/MCUdude_corefiles/WMath.cpp:53
  long diff = howbig - howsmall;
  return random(diff) + howsmall;
}

long map(long x, long in_min, long in_max, long out_min, long out_max)
{
    61e2:	4f 92       	push	r4
    61e4:	5f 92       	push	r5
    61e6:	6f 92       	push	r6
    61e8:	7f 92       	push	r7
    61ea:	af 92       	push	r10
    61ec:	bf 92       	push	r11
    61ee:	cf 92       	push	r12
    61f0:	df 92       	push	r13
    61f2:	ef 92       	push	r14
    61f4:	ff 92       	push	r15
    61f6:	0f 93       	push	r16
    61f8:	1f 93       	push	r17
    61fa:	cf 93       	push	r28
    61fc:	df 93       	push	r29
    61fe:	cd b7       	in	r28, 0x3d	; 61
    6200:	de b7       	in	r29, 0x3e	; 62
    6202:	29 01       	movw	r4, r18
    6204:	3a 01       	movw	r6, r20
/Users/jacobmajors/Library/Arduino15/packages/MightyCore/hardware/avr/3.1.0/cores/MCUdude_corefiles/WMath.cpp:54
  return (x - in_min) * (out_max - out_min) / (in_max - in_min) + out_min;
    6206:	9b 01       	movw	r18, r22
    6208:	ac 01       	movw	r20, r24
    620a:	24 19       	sub	r18, r4
    620c:	35 09       	sbc	r19, r5
    620e:	46 09       	sbc	r20, r6
    6210:	57 09       	sbc	r21, r7
    6212:	89 89       	ldd	r24, Y+17	; 0x11
    6214:	9a 89       	ldd	r25, Y+18	; 0x12
    6216:	ab 89       	ldd	r26, Y+19	; 0x13
    6218:	bc 89       	ldd	r27, Y+20	; 0x14
    621a:	bc 01       	movw	r22, r24
    621c:	cd 01       	movw	r24, r26
    621e:	6a 19       	sub	r22, r10
    6220:	7b 09       	sbc	r23, r11
    6222:	8c 09       	sbc	r24, r12
    6224:	9d 09       	sbc	r25, r13
    6226:	0e 94 a1 35 	call	0x6b42	; 0x6b42 <__mulsi3>
    622a:	a8 01       	movw	r20, r16
    622c:	97 01       	movw	r18, r14
    622e:	24 19       	sub	r18, r4
    6230:	35 09       	sbc	r19, r5
    6232:	46 09       	sbc	r20, r6
    6234:	57 09       	sbc	r21, r7
    6236:	0e 94 07 36 	call	0x6c0e	; 0x6c0e <__divmodsi4>
    623a:	ca 01       	movw	r24, r20
    623c:	b9 01       	movw	r22, r18
    623e:	6a 0d       	add	r22, r10
    6240:	7b 1d       	adc	r23, r11
    6242:	8c 1d       	adc	r24, r12
    6244:	9d 1d       	adc	r25, r13
/Users/jacobmajors/Library/Arduino15/packages/MightyCore/hardware/avr/3.1.0/cores/MCUdude_corefiles/WMath.cpp:55
}
    6246:	df 91       	pop	r29
    6248:	cf 91       	pop	r28
    624a:	1f 91       	pop	r17
    624c:	0f 91       	pop	r16
    624e:	ff 90       	pop	r15
    6250:	ef 90       	pop	r14
    6252:	df 90       	pop	r13
    6254:	cf 90       	pop	r12
    6256:	bf 90       	pop	r11
    6258:	af 90       	pop	r10
    625a:	7f 90       	pop	r7
    625c:	6f 90       	pop	r6
    625e:	5f 90       	pop	r5
    6260:	4f 90       	pop	r4
    6262:	08 95       	ret

00006264 <yield>:
__empty():
/Users/jacobmajors/Library/Arduino15/packages/MightyCore/hardware/avr/3.1.0/cores/MCUdude_corefiles/hooks.c:30
 * Its defined as a weak symbol and it can be redefined to implement a
 * real cooperative scheduler.
 */
static void __empty() {
  // Empty
}
    6264:	08 95       	ret

00006266 <initVariant>:
initVariant():
/Users/jacobmajors/Library/Arduino15/packages/MightyCore/hardware/avr/3.1.0/cores/MCUdude_corefiles/main.cpp:28
int atexit(void (* /*func*/ )()) { return 0; }

// Weak empty variant initialization function.
// May be redefined by variant files.
void initVariant() __attribute__((weak));
void initVariant() { }
    6266:	08 95       	ret

00006268 <main>:
main():
/Users/jacobmajors/Library/Arduino15/packages/MightyCore/hardware/avr/3.1.0/cores/MCUdude_corefiles/main.cpp:35
//void setupUSB() __attribute__((weak));
//void setupUSB() { }

int main(void)
{
  init();
    6268:	0e 94 06 32 	call	0x640c	; 0x640c <init>
/Users/jacobmajors/Library/Arduino15/packages/MightyCore/hardware/avr/3.1.0/cores/MCUdude_corefiles/main.cpp:37

  initVariant();
    626c:	0e 94 33 31 	call	0x6266	; 0x6266 <initVariant>
/Users/jacobmajors/Library/Arduino15/packages/MightyCore/hardware/avr/3.1.0/cores/MCUdude_corefiles/main.cpp:43

#if defined(USBCON)
  USBDevice.attach();
#endif
  
  setup();
    6270:	0e 94 ff 12 	call	0x25fe	; 0x25fe <setup>
/Users/jacobmajors/Library/Arduino15/packages/MightyCore/hardware/avr/3.1.0/cores/MCUdude_corefiles/main.cpp:47
    
  for (;;) {
    loop();
    if (serialEventRun) serialEventRun();
    6274:	cb e8       	ldi	r28, 0x8B	; 139
    6276:	db e2       	ldi	r29, 0x2B	; 43
/Users/jacobmajors/Library/Arduino15/packages/MightyCore/hardware/avr/3.1.0/cores/MCUdude_corefiles/main.cpp:46
#endif
  
  setup();
    
  for (;;) {
    loop();
    6278:	0e 94 2b 14 	call	0x2856	; 0x2856 <loop>
/Users/jacobmajors/Library/Arduino15/packages/MightyCore/hardware/avr/3.1.0/cores/MCUdude_corefiles/main.cpp:47
    if (serialEventRun) serialEventRun();
    627c:	20 97       	sbiw	r28, 0x00	; 0
    627e:	e1 f3       	breq	.-8      	; 0x6278 <main+0x10>
/Users/jacobmajors/Library/Arduino15/packages/MightyCore/hardware/avr/3.1.0/cores/MCUdude_corefiles/main.cpp:47 (discriminator 1)
    6280:	0e 94 8b 2b 	call	0x5716	; 0x5716 <serialEventRun()>
    6284:	f9 cf       	rjmp	.-14     	; 0x6278 <main+0x10>

00006286 <operator delete(void*)>:
_ZdlPv():
/Users/jacobmajors/Library/Arduino15/packages/MightyCore/hardware/avr/3.1.0/cores/MCUdude_corefiles/new.cpp:91

[[gnu::weak]] void operator delete(void * ptr) noexcept {
  free(ptr);
}
[[gnu::weak]] void operator delete[](void * ptr) noexcept {
  operator delete(ptr);
    6286:	0c 94 e5 36 	jmp	0x6dca	; 0x6dca <free>

0000628a <operator delete(void*, unsigned int)>:
_ZdlPvj():
/Users/jacobmajors/Library/Arduino15/packages/MightyCore/hardware/avr/3.1.0/cores/MCUdude_corefiles/new.cpp:96
}

#if __cplusplus >= 201402L
[[gnu::weak]] void operator delete(void* ptr, [[gnu::unused]] std::size_t size) noexcept {
  operator delete(ptr);
    628a:	0c 94 43 31 	jmp	0x6286	; 0x6286 <operator delete(void*)>

0000628e <__vector_18>:
__vector_18():
/Users/jacobmajors/Library/Arduino15/packages/MightyCore/hardware/avr/3.1.0/cores/MCUdude_corefiles/wiring.c:159
#if defined(__AVR_ATtiny24__) || defined(__AVR_ATtiny44__) || defined(__AVR_ATtiny84__)
ISR(TIM0_OVF_vect)
#else
ISR(TIMER0_OVF_vect)
#endif
{
    628e:	1f 92       	push	r1
    6290:	0f 92       	push	r0
    6292:	0f b6       	in	r0, 0x3f	; 63
    6294:	0f 92       	push	r0
    6296:	11 24       	eor	r1, r1
    6298:	2f 93       	push	r18
    629a:	3f 93       	push	r19
    629c:	8f 93       	push	r24
    629e:	9f 93       	push	r25
    62a0:	af 93       	push	r26
    62a2:	bf 93       	push	r27
/Users/jacobmajors/Library/Arduino15/packages/MightyCore/hardware/avr/3.1.0/cores/MCUdude_corefiles/wiring.c:167
  static unsigned char timer0_exact = 0;
#endif

  // copy these to local variables so they can be stored in registers
  // (volatile variables must be read from memory on every access, so this saves time)
  unsigned long m = timer0_millis;
    62a4:	80 91 00 0b 	lds	r24, 0x0B00	; 0x800b00 <timer0_millis>
    62a8:	90 91 01 0b 	lds	r25, 0x0B01	; 0x800b01 <timer0_millis+0x1>
    62ac:	a0 91 02 0b 	lds	r26, 0x0B02	; 0x800b02 <timer0_millis+0x2>
    62b0:	b0 91 03 0b 	lds	r27, 0x0B03	; 0x800b03 <timer0_millis+0x3>
/Users/jacobmajors/Library/Arduino15/packages/MightyCore/hardware/avr/3.1.0/cores/MCUdude_corefiles/wiring.c:168
  unsigned char f = timer0_fract;
    62b4:	30 91 ff 0a 	lds	r19, 0x0AFF	; 0x800aff <timer0_fract>
/Users/jacobmajors/Library/Arduino15/packages/MightyCore/hardware/avr/3.1.0/cores/MCUdude_corefiles/wiring.c:170

  f += FRACT_INC FRACT_INC_PLUS;
    62b8:	23 e0       	ldi	r18, 0x03	; 3
    62ba:	23 0f       	add	r18, r19
/Users/jacobmajors/Library/Arduino15/packages/MightyCore/hardware/avr/3.1.0/cores/MCUdude_corefiles/wiring.c:200
    ++f;
  }
#endif
#endif // CORRECT_EXACT_MILLIS

  if (f >= FRACT_MAX) {
    62bc:	2d 37       	cpi	r18, 0x7D	; 125
    62be:	68 f1       	brcs	.+90     	; 0x631a <__vector_18+0x8c>
/Users/jacobmajors/Library/Arduino15/packages/MightyCore/hardware/avr/3.1.0/cores/MCUdude_corefiles/wiring.c:201
    f -= FRACT_MAX;
    62c0:	26 e8       	ldi	r18, 0x86	; 134
    62c2:	23 0f       	add	r18, r19
/Users/jacobmajors/Library/Arduino15/packages/MightyCore/hardware/avr/3.1.0/cores/MCUdude_corefiles/wiring.c:202
    m += MILLIS_INC + 1;
    62c4:	02 96       	adiw	r24, 0x02	; 2
    62c6:	a1 1d       	adc	r26, r1
    62c8:	b1 1d       	adc	r27, r1
/Users/jacobmajors/Library/Arduino15/packages/MightyCore/hardware/avr/3.1.0/cores/MCUdude_corefiles/wiring.c:208
  }
  else {
    m += MILLIS_INC;
  }

  timer0_fract = f;
    62ca:	20 93 ff 0a 	sts	0x0AFF, r18	; 0x800aff <timer0_fract>
/Users/jacobmajors/Library/Arduino15/packages/MightyCore/hardware/avr/3.1.0/cores/MCUdude_corefiles/wiring.c:209
  timer0_millis = m;
    62ce:	80 93 00 0b 	sts	0x0B00, r24	; 0x800b00 <timer0_millis>
    62d2:	90 93 01 0b 	sts	0x0B01, r25	; 0x800b01 <timer0_millis+0x1>
    62d6:	a0 93 02 0b 	sts	0x0B02, r26	; 0x800b02 <timer0_millis+0x2>
    62da:	b0 93 03 0b 	sts	0x0B03, r27	; 0x800b03 <timer0_millis+0x3>
/Users/jacobmajors/Library/Arduino15/packages/MightyCore/hardware/avr/3.1.0/cores/MCUdude_corefiles/wiring.c:211
#ifndef CORRECT_EXACT_MICROS
  timer0_overflow_count++;
    62de:	80 91 fb 0a 	lds	r24, 0x0AFB	; 0x800afb <timer0_overflow_count>
    62e2:	90 91 fc 0a 	lds	r25, 0x0AFC	; 0x800afc <timer0_overflow_count+0x1>
    62e6:	a0 91 fd 0a 	lds	r26, 0x0AFD	; 0x800afd <timer0_overflow_count+0x2>
    62ea:	b0 91 fe 0a 	lds	r27, 0x0AFE	; 0x800afe <timer0_overflow_count+0x3>
    62ee:	01 96       	adiw	r24, 0x01	; 1
    62f0:	a1 1d       	adc	r26, r1
    62f2:	b1 1d       	adc	r27, r1
    62f4:	80 93 fb 0a 	sts	0x0AFB, r24	; 0x800afb <timer0_overflow_count>
    62f8:	90 93 fc 0a 	sts	0x0AFC, r25	; 0x800afc <timer0_overflow_count+0x1>
    62fc:	a0 93 fd 0a 	sts	0x0AFD, r26	; 0x800afd <timer0_overflow_count+0x2>
    6300:	b0 93 fe 0a 	sts	0x0AFE, r27	; 0x800afe <timer0_overflow_count+0x3>
/Users/jacobmajors/Library/Arduino15/packages/MightyCore/hardware/avr/3.1.0/cores/MCUdude_corefiles/wiring.c:213
#endif
}
    6304:	bf 91       	pop	r27
    6306:	af 91       	pop	r26
    6308:	9f 91       	pop	r25
    630a:	8f 91       	pop	r24
    630c:	3f 91       	pop	r19
    630e:	2f 91       	pop	r18
    6310:	0f 90       	pop	r0
    6312:	0f be       	out	0x3f, r0	; 63
    6314:	0f 90       	pop	r0
    6316:	1f 90       	pop	r1
    6318:	18 95       	reti
/Users/jacobmajors/Library/Arduino15/packages/MightyCore/hardware/avr/3.1.0/cores/MCUdude_corefiles/wiring.c:205
  if (f >= FRACT_MAX) {
    f -= FRACT_MAX;
    m += MILLIS_INC + 1;
  }
  else {
    m += MILLIS_INC;
    631a:	01 96       	adiw	r24, 0x01	; 1
    631c:	a1 1d       	adc	r26, r1
    631e:	b1 1d       	adc	r27, r1
    6320:	d4 cf       	rjmp	.-88     	; 0x62ca <__vector_18+0x3c>

00006322 <millis>:
millis():
/Users/jacobmajors/Library/Arduino15/packages/MightyCore/hardware/avr/3.1.0/cores/MCUdude_corefiles/wiring.c:218
}

unsigned long millis()
{
  unsigned long m;
  uint8_t oldSREG = SREG;
    6322:	2f b7       	in	r18, 0x3f	; 63
/Users/jacobmajors/Library/Arduino15/packages/MightyCore/hardware/avr/3.1.0/cores/MCUdude_corefiles/wiring.c:222

  // disable interrupts while we read timer0_millis or we might get an
  // inconsistent value (e.g. in the middle of a write to timer0_millis)
  cli();
    6324:	f8 94       	cli
/Users/jacobmajors/Library/Arduino15/packages/MightyCore/hardware/avr/3.1.0/cores/MCUdude_corefiles/wiring.c:223
  m = timer0_millis;
    6326:	60 91 00 0b 	lds	r22, 0x0B00	; 0x800b00 <timer0_millis>
    632a:	70 91 01 0b 	lds	r23, 0x0B01	; 0x800b01 <timer0_millis+0x1>
    632e:	80 91 02 0b 	lds	r24, 0x0B02	; 0x800b02 <timer0_millis+0x2>
    6332:	90 91 03 0b 	lds	r25, 0x0B03	; 0x800b03 <timer0_millis+0x3>
/Users/jacobmajors/Library/Arduino15/packages/MightyCore/hardware/avr/3.1.0/cores/MCUdude_corefiles/wiring.c:224
  SREG = oldSREG;
    6336:	2f bf       	out	0x3f, r18	; 63
/Users/jacobmajors/Library/Arduino15/packages/MightyCore/hardware/avr/3.1.0/cores/MCUdude_corefiles/wiring.c:227

  return m;
}
    6338:	08 95       	ret

0000633a <micros>:
micros():
/Users/jacobmajors/Library/Arduino15/packages/MightyCore/hardware/avr/3.1.0/cores/MCUdude_corefiles/wiring.c:237
  unsigned char f; // temporary storage for millis fraction counter
  unsigned char q = 0; // record whether an overflow is flagged
#endif
  // t will be the number where the timer0 counter stopped
  uint8_t t;
  uint8_t oldSREG = SREG;
    633a:	3f b7       	in	r19, 0x3f	; 63
/Users/jacobmajors/Library/Arduino15/packages/MightyCore/hardware/avr/3.1.0/cores/MCUdude_corefiles/wiring.c:240

  // Stop all interrupts
  cli();
    633c:	f8 94       	cli
/Users/jacobmajors/Library/Arduino15/packages/MightyCore/hardware/avr/3.1.0/cores/MCUdude_corefiles/wiring.c:247
#ifdef CORRECT_EXACT_MICROS
  // combine exact millisec and 8usec counters
  m = timer0_millis;
  f = timer0_fract;
#else
  m = timer0_overflow_count;
    633e:	80 91 fb 0a 	lds	r24, 0x0AFB	; 0x800afb <timer0_overflow_count>
    6342:	90 91 fc 0a 	lds	r25, 0x0AFC	; 0x800afc <timer0_overflow_count+0x1>
    6346:	a0 91 fd 0a 	lds	r26, 0x0AFD	; 0x800afd <timer0_overflow_count+0x2>
    634a:	b0 91 fe 0a 	lds	r27, 0x0AFE	; 0x800afe <timer0_overflow_count+0x3>
/Users/jacobmajors/Library/Arduino15/packages/MightyCore/hardware/avr/3.1.0/cores/MCUdude_corefiles/wiring.c:252
#endif

  // TCNT0 : The Timer Counter Register
#if defined(TCNT0)
  t = TCNT0;
    634e:	26 b5       	in	r18, 0x26	; 38
/Users/jacobmajors/Library/Arduino15/packages/MightyCore/hardware/avr/3.1.0/cores/MCUdude_corefiles/wiring.c:261
  #error TIMER 0 not defined
#endif

  // Timer0 Interrupt Flag Register
#ifdef TIFR0
  if ((TIFR0 & _BV(TOV0)) && (t < 255))
    6350:	a8 9b       	sbis	0x15, 0	; 21
    6352:	05 c0       	rjmp	.+10     	; 0x635e <micros+0x24>
/Users/jacobmajors/Library/Arduino15/packages/MightyCore/hardware/avr/3.1.0/cores/MCUdude_corefiles/wiring.c:261 (discriminator 1)
    6354:	2f 3f       	cpi	r18, 0xFF	; 255
    6356:	19 f0       	breq	.+6      	; 0x635e <micros+0x24>
/Users/jacobmajors/Library/Arduino15/packages/MightyCore/hardware/avr/3.1.0/cores/MCUdude_corefiles/wiring.c:263
#ifndef CORRECT_EXACT_MICROS
    m++;
    6358:	01 96       	adiw	r24, 0x01	; 1
    635a:	a1 1d       	adc	r26, r1
    635c:	b1 1d       	adc	r27, r1
/Users/jacobmajors/Library/Arduino15/packages/MightyCore/hardware/avr/3.1.0/cores/MCUdude_corefiles/wiring.c:276
#else
    q = 1;
#endif
#endif
  // Restore SREG
  SREG = oldSREG;
    635e:	3f bf       	out	0x3f, r19	; 63
/Users/jacobmajors/Library/Arduino15/packages/MightyCore/hardware/avr/3.1.0/cores/MCUdude_corefiles/wiring.c:292
      ((t * MICROSECONDS_PER_TIMER0_OVERFLOW) >> 8);
  return q ? m + MICROSECONDS_PER_TIMER0_OVERFLOW : m;
#elif 1
  /* All power-of-two Megahertz frequencies enter here, as well as 12.8 MHz.
     We only end up here if right shift before multiplication is exact. */
  return ((m << 8) + t) * (MICROSECONDS_PER_TIMER0_OVERFLOW >> 8);
    6360:	ba 2f       	mov	r27, r26
    6362:	a9 2f       	mov	r26, r25
    6364:	98 2f       	mov	r25, r24
    6366:	88 27       	eor	r24, r24
    6368:	bc 01       	movw	r22, r24
    636a:	cd 01       	movw	r24, r26
    636c:	62 0f       	add	r22, r18
    636e:	71 1d       	adc	r23, r1
    6370:	81 1d       	adc	r24, r1
    6372:	91 1d       	adc	r25, r1
    6374:	42 e0       	ldi	r20, 0x02	; 2
    6376:	66 0f       	add	r22, r22
    6378:	77 1f       	adc	r23, r23
    637a:	88 1f       	adc	r24, r24
    637c:	99 1f       	adc	r25, r25
    637e:	4a 95       	dec	r20
    6380:	d1 f7       	brne	.-12     	; 0x6376 <micros+0x3c>
/Users/jacobmajors/Library/Arduino15/packages/MightyCore/hardware/avr/3.1.0/cores/MCUdude_corefiles/wiring.c:393
  // m & t are multiplied by 4 (since it was already multiplied by 256)
  // t is multiplied by 4
  return ((m << 8) + t) * (64 / clockCyclesPerMicrosecond());
#endif
#endif // 0
}
    6382:	08 95       	ret

00006384 <delay>:
delay():
/Users/jacobmajors/Library/Arduino15/packages/MightyCore/hardware/avr/3.1.0/cores/MCUdude_corefiles/wiring.c:396

void delay(unsigned long ms)
{
    6384:	8f 92       	push	r8
    6386:	9f 92       	push	r9
    6388:	af 92       	push	r10
    638a:	bf 92       	push	r11
    638c:	cf 92       	push	r12
    638e:	df 92       	push	r13
    6390:	ef 92       	push	r14
    6392:	ff 92       	push	r15
    6394:	6b 01       	movw	r12, r22
    6396:	7c 01       	movw	r14, r24
/Users/jacobmajors/Library/Arduino15/packages/MightyCore/hardware/avr/3.1.0/cores/MCUdude_corefiles/wiring.c:397
  unsigned long start = micros();
    6398:	0e 94 9d 31 	call	0x633a	; 0x633a <micros>
    639c:	4b 01       	movw	r8, r22
    639e:	5c 01       	movw	r10, r24
/Users/jacobmajors/Library/Arduino15/packages/MightyCore/hardware/avr/3.1.0/cores/MCUdude_corefiles/wiring.c:399

  while (ms > 0UL) {
    63a0:	c1 14       	cp	r12, r1
    63a2:	d1 04       	cpc	r13, r1
    63a4:	e1 04       	cpc	r14, r1
    63a6:	f1 04       	cpc	r15, r1
    63a8:	e9 f0       	breq	.+58     	; 0x63e4 <delay+0x60>
/Users/jacobmajors/Library/Arduino15/packages/MightyCore/hardware/avr/3.1.0/cores/MCUdude_corefiles/wiring.c:400
    yield();
    63aa:	0e 94 32 31 	call	0x6264	; 0x6264 <yield>
/Users/jacobmajors/Library/Arduino15/packages/MightyCore/hardware/avr/3.1.0/cores/MCUdude_corefiles/wiring.c:401 (discriminator 1)
    while (ms > 0UL && (micros() - start) >= 1000UL) {
    63ae:	0e 94 9d 31 	call	0x633a	; 0x633a <micros>
    63b2:	68 19       	sub	r22, r8
    63b4:	79 09       	sbc	r23, r9
    63b6:	8a 09       	sbc	r24, r10
    63b8:	9b 09       	sbc	r25, r11
    63ba:	68 3e       	cpi	r22, 0xE8	; 232
    63bc:	73 40       	sbci	r23, 0x03	; 3
    63be:	81 05       	cpc	r24, r1
    63c0:	91 05       	cpc	r25, r1
    63c2:	70 f3       	brcs	.-36     	; 0x63a0 <delay+0x1c>
/Users/jacobmajors/Library/Arduino15/packages/MightyCore/hardware/avr/3.1.0/cores/MCUdude_corefiles/wiring.c:402
      ms--;
    63c4:	21 e0       	ldi	r18, 0x01	; 1
    63c6:	c2 1a       	sub	r12, r18
    63c8:	d1 08       	sbc	r13, r1
    63ca:	e1 08       	sbc	r14, r1
    63cc:	f1 08       	sbc	r15, r1
/Users/jacobmajors/Library/Arduino15/packages/MightyCore/hardware/avr/3.1.0/cores/MCUdude_corefiles/wiring.c:403
      start += 1000UL;
    63ce:	88 ee       	ldi	r24, 0xE8	; 232
    63d0:	88 0e       	add	r8, r24
    63d2:	83 e0       	ldi	r24, 0x03	; 3
    63d4:	98 1e       	adc	r9, r24
    63d6:	a1 1c       	adc	r10, r1
    63d8:	b1 1c       	adc	r11, r1
/Users/jacobmajors/Library/Arduino15/packages/MightyCore/hardware/avr/3.1.0/cores/MCUdude_corefiles/wiring.c:401
{
  unsigned long start = micros();

  while (ms > 0UL) {
    yield();
    while (ms > 0UL && (micros() - start) >= 1000UL) {
    63da:	c1 14       	cp	r12, r1
    63dc:	d1 04       	cpc	r13, r1
    63de:	e1 04       	cpc	r14, r1
    63e0:	f1 04       	cpc	r15, r1
    63e2:	29 f7       	brne	.-54     	; 0x63ae <delay+0x2a>
/Users/jacobmajors/Library/Arduino15/packages/MightyCore/hardware/avr/3.1.0/cores/MCUdude_corefiles/wiring.c:406
      ms--;
      start += 1000UL;
    }
  }
}
    63e4:	ff 90       	pop	r15
    63e6:	ef 90       	pop	r14
    63e8:	df 90       	pop	r13
    63ea:	cf 90       	pop	r12
    63ec:	bf 90       	pop	r11
    63ee:	af 90       	pop	r10
    63f0:	9f 90       	pop	r9
    63f2:	8f 90       	pop	r8
    63f4:	08 95       	ret

000063f6 <delayMicroseconds>:
delayMicroseconds():
/Users/jacobmajors/Library/Arduino15/packages/MightyCore/hardware/avr/3.1.0/cores/MCUdude_corefiles/wiring.c:619
  us -= 7; // = 2 cycles

#elif F_CPU >= 16000000L
  // for a one-microsecond delay, simply return.  the overhead
  // of the function call takes 14 (16) cycles, which is 1 us
  if (us <= 1) return; //  = 3 cycles, (4 when true)
    63f6:	82 30       	cpi	r24, 0x02	; 2
    63f8:	91 05       	cpc	r25, r1
    63fa:	38 f0       	brcs	.+14     	; 0x640a <delayMicroseconds+0x14>
/Users/jacobmajors/Library/Arduino15/packages/MightyCore/hardware/avr/3.1.0/cores/MCUdude_corefiles/wiring.c:624

  // the following loop takes 1/4 of a microsecond (4 cycles)
  // per iteration, so execute it four times for each microsecond of
  // delay requested.
  us <<= 2; // x4 us, = 4 cycles
    63fc:	88 0f       	add	r24, r24
    63fe:	99 1f       	adc	r25, r25
    6400:	88 0f       	add	r24, r24
    6402:	99 1f       	adc	r25, r25
/Users/jacobmajors/Library/Arduino15/packages/MightyCore/hardware/avr/3.1.0/cores/MCUdude_corefiles/wiring.c:629

  // account for the time taken in the preceeding commands.
  // we just burned 19 (21) cycles above, remove 5, (5*4=20)
  // to 2nd us is at least 8 so we can substract 5
  us -= 5; // = 2 cycles,
    6404:	05 97       	sbiw	r24, 0x05	; 5
/Users/jacobmajors/Library/Arduino15/packages/MightyCore/hardware/avr/3.1.0/cores/MCUdude_corefiles/wiring.c:929
  us >>= 2; // us div 4, = 4 cycles

#endif

  // busy wait
  __asm__ __volatile__ (
    6406:	01 97       	sbiw	r24, 0x01	; 1
    6408:	f1 f7       	brne	.-4      	; 0x6406 <delayMicroseconds+0x10>
/Users/jacobmajors/Library/Arduino15/packages/MightyCore/hardware/avr/3.1.0/cores/MCUdude_corefiles/wiring.c:939
    "   brne 1b"                     // 2 cycles
    : /* no outputs */
    : "w" (us)
  );
  // return = 4 cycles
}
    640a:	08 95       	ret

0000640c <init>:
init():
/Users/jacobmajors/Library/Arduino15/packages/MightyCore/hardware/avr/3.1.0/cores/MCUdude_corefiles/wiring.c:945

void init()
{
  // this needs to be called before setup() or some functions won't
  // work there
  sei();
    640c:	78 94       	sei
/Users/jacobmajors/Library/Arduino15/packages/MightyCore/hardware/avr/3.1.0/cores/MCUdude_corefiles/wiring.c:957

  // On the ATmega168, timer 0 is also used for fast hardware pwm
  // (using phase-correct PWM would mean that timer 0 overflowed half as often
  // resulting in different millis() behavior on the ATmega8 and ATmega168)
#if defined(TCCR0A) && defined(WGM01)
  TCCR0A |= _BV(WGM01) | _BV(WGM00);
    640e:	84 b5       	in	r24, 0x24	; 36
    6410:	83 60       	ori	r24, 0x03	; 3
    6412:	84 bd       	out	0x24, r24	; 36
/Users/jacobmajors/Library/Arduino15/packages/MightyCore/hardware/avr/3.1.0/cores/MCUdude_corefiles/wiring.c:972
  #if defined(WGM00) && defined(WGM01) // The ATmega8 doesn't have WGM00 and WGM01
    TCCR0 |= _BV(WGM01) | _BV(WGM00);
  #endif
#elif defined(TCCR0B) && defined(CS01) && defined(CS00)
  // This combination is for the standard 168/328/640/1280/1281/2560/2561
  TCCR0B |= _BV(CS01) | _BV(CS00);
    6414:	85 b5       	in	r24, 0x25	; 37
    6416:	83 60       	ori	r24, 0x03	; 3
    6418:	85 bd       	out	0x25, r24	; 37
/Users/jacobmajors/Library/Arduino15/packages/MightyCore/hardware/avr/3.1.0/cores/MCUdude_corefiles/wiring.c:984

// Enable timer 0 overflow interrupt
#if defined(TIMSK) && defined(TOIE0)
  TIMSK |= _BV(TOIE0);
#elif defined(TIMSK0) && defined(TOIE0)
  TIMSK0 |= _BV(TOIE0);
    641a:	ee e6       	ldi	r30, 0x6E	; 110
    641c:	f0 e0       	ldi	r31, 0x00	; 0
    641e:	80 81       	ld	r24, Z
    6420:	81 60       	ori	r24, 0x01	; 1
    6422:	80 83       	st	Z, r24
/Users/jacobmajors/Library/Arduino15/packages/MightyCore/hardware/avr/3.1.0/cores/MCUdude_corefiles/wiring.c:995
// this is better for motors as it ensures an even waveform
// note, however, that fast pwm mode can achieve a frequency of up
// 8 MHz (with a 16 MHz clock) at 50% duty cycle

#if defined(TCCR1B) && defined(CS11) && defined(CS10)
  TCCR1B = _BV(CS11); // Set timer 1 prescale factor to 64
    6424:	e1 e8       	ldi	r30, 0x81	; 129
    6426:	f0 e0       	ldi	r31, 0x00	; 0
    6428:	82 e0       	ldi	r24, 0x02	; 2
    642a:	80 83       	st	Z, r24
/Users/jacobmajors/Library/Arduino15/packages/MightyCore/hardware/avr/3.1.0/cores/MCUdude_corefiles/wiring.c:997
#if F_CPU >= 8000000L
  TCCR1B |= _BV(CS10);
    642c:	80 81       	ld	r24, Z
    642e:	81 60       	ori	r24, 0x01	; 1
    6430:	80 83       	st	Z, r24
/Users/jacobmajors/Library/Arduino15/packages/MightyCore/hardware/avr/3.1.0/cores/MCUdude_corefiles/wiring.c:1006
#if F_CPU >= 8000000L
  TCCR1 |= _BV(CS10);
#endif
#endif
#if defined(TCCR1A) && defined(WGM10)
  TCCR1A |= _BV(WGM10); // Put timer 1 in 8-bit phase correct pwm mode
    6432:	e0 e8       	ldi	r30, 0x80	; 128
    6434:	f0 e0       	ldi	r31, 0x00	; 0
    6436:	80 81       	ld	r24, Z
    6438:	81 60       	ori	r24, 0x01	; 1
    643a:	80 83       	st	Z, r24
/Users/jacobmajors/Library/Arduino15/packages/MightyCore/hardware/avr/3.1.0/cores/MCUdude_corefiles/wiring.c:1013

// Set timer 2 prescale factor to 64
#if defined(TCCR2) && defined(CS22)
  TCCR2 |= _BV(CS22);
#elif defined(TCCR2B) && defined(CS22)
  TCCR2B |= _BV(CS22);
    643c:	e1 eb       	ldi	r30, 0xB1	; 177
    643e:	f0 e0       	ldi	r31, 0x00	; 0
    6440:	80 81       	ld	r24, Z
    6442:	84 60       	ori	r24, 0x04	; 4
    6444:	80 83       	st	Z, r24
/Users/jacobmajors/Library/Arduino15/packages/MightyCore/hardware/avr/3.1.0/cores/MCUdude_corefiles/wiring.c:1022

// Configure timer 2 for phase correct pwm (8-bit)
#if defined(TCCR2) && defined(WGM20)
  TCCR2 |= _BV(WGM20);
#elif defined(TCCR2A) && defined(WGM20)
  TCCR2A |= _BV(WGM20);
    6446:	e0 eb       	ldi	r30, 0xB0	; 176
    6448:	f0 e0       	ldi	r31, 0x00	; 0
    644a:	80 81       	ld	r24, Z
    644c:	81 60       	ori	r24, 0x01	; 1
    644e:	80 83       	st	Z, r24
/Users/jacobmajors/Library/Arduino15/packages/MightyCore/hardware/avr/3.1.0/cores/MCUdude_corefiles/wiring.c:1028
//#else
  // Timer 2 not finished (may not be present on this CPU)
#endif

#if defined(TCCR3B) && defined(CS31) && defined(WGM30)
  TCCR3B |= _BV(CS31) | _BV(CS30); // Set timer 3 prescale factor to 64
    6450:	e1 e9       	ldi	r30, 0x91	; 145
    6452:	f0 e0       	ldi	r31, 0x00	; 0
    6454:	80 81       	ld	r24, Z
    6456:	83 60       	ori	r24, 0x03	; 3
    6458:	80 83       	st	Z, r24
/Users/jacobmajors/Library/Arduino15/packages/MightyCore/hardware/avr/3.1.0/cores/MCUdude_corefiles/wiring.c:1029
  TCCR3A |= _BV(WGM30);            // Put timer 3 in 8-bit phase correct pwm mode
    645a:	e0 e9       	ldi	r30, 0x90	; 144
    645c:	f0 e0       	ldi	r31, 0x00	; 0
    645e:	80 81       	ld	r24, Z
    6460:	81 60       	ori	r24, 0x01	; 1
    6462:	80 83       	st	Z, r24
/Users/jacobmajors/Library/Arduino15/packages/MightyCore/hardware/avr/3.1.0/cores/MCUdude_corefiles/wiring.c:1050
#endif

#if defined(ADCSRA)
  // set a2d prescaler so we are inside the desired 50-200 KHz range.
  #if F_CPU >= 16000000 // 16 MHz / 128 = 125 KHz
    ADCSRA = _BV(ADPS2) | _BV(ADPS1) | _BV(ADPS0) | _BV(ADEN);
    6464:	87 e8       	ldi	r24, 0x87	; 135
    6466:	80 93 7a 00 	sts	0x007A, r24	; 0x80007a <__TEXT_REGION_LENGTH__+0x7e007a>
/Users/jacobmajors/Library/Arduino15/packages/MightyCore/hardware/avr/3.1.0/cores/MCUdude_corefiles/wiring.c:1070
  // here so they can be used as normal digital i/o; they will be
  // reconnected in Serial.begin()
#if defined(UCSRB)
  UCSRB = 0;
#elif defined(UCSR0B)
  UCSR0B = 0;
    646a:	10 92 c1 00 	sts	0x00C1, r1	; 0x8000c1 <__TEXT_REGION_LENGTH__+0x7e00c1>
/Users/jacobmajors/Library/Arduino15/packages/MightyCore/hardware/avr/3.1.0/cores/MCUdude_corefiles/wiring.c:1072
#endif
}
    646e:	08 95       	ret

00006470 <turnOffPWM>:
turnOffPWM():
/Users/jacobmajors/Library/Arduino15/packages/MightyCore/hardware/avr/3.1.0/cores/MCUdude_corefiles/wiring_digital.c:77
//
//static inline void turnOffPWM(uint8_t timer) __attribute__ ((always_inline));
//static inline void turnOffPWM(uint8_t timer)
static void turnOffPWM(uint8_t timer)
{
  switch (timer)
    6470:	82 50       	subi	r24, 0x02	; 2
    6472:	8a 30       	cpi	r24, 0x0A	; 10
    6474:	88 f5       	brcc	.+98     	; 0x64d8 <turnOffPWM+0x68>
    6476:	e8 2f       	mov	r30, r24
    6478:	f0 e0       	ldi	r31, 0x00	; 0
    647a:	ef 5b       	subi	r30, 0xBF	; 191
    647c:	fd 4c       	sbci	r31, 0xCD	; 205
    647e:	0c 94 26 36 	jmp	0x6c4c	; 0x6c4c <__tablejump2__>
    6482:	69 32       	cpi	r22, 0x29	; 41
    6484:	6d 32       	cpi	r22, 0x2D	; 45
    6486:	4b 32       	cpi	r20, 0x2B	; 43
    6488:	51 32       	cpi	r21, 0x21	; 33
    648a:	6c 32       	cpi	r22, 0x2C	; 44
    648c:	6c 32       	cpi	r22, 0x2C	; 44
    648e:	55 32       	cpi	r21, 0x25	; 37
    6490:	5b 32       	cpi	r21, 0x2B	; 43
    6492:	5f 32       	cpi	r21, 0x2F	; 47
    6494:	65 32       	cpi	r22, 0x25	; 37
/Users/jacobmajors/Library/Arduino15/packages/MightyCore/hardware/avr/3.1.0/cores/MCUdude_corefiles/wiring_digital.c:82
  {
    // Timer1
    #if defined(TCCR1A) && defined(COM1A1)
      case TIMER1A:
        TCCR1A &= ~_BV(COM1A1);
    6496:	80 91 80 00 	lds	r24, 0x0080	; 0x800080 <__TEXT_REGION_LENGTH__+0x7e0080>
    649a:	8f 77       	andi	r24, 0x7F	; 127
/Users/jacobmajors/Library/Arduino15/packages/MightyCore/hardware/avr/3.1.0/cores/MCUdude_corefiles/wiring_digital.c:87
        break;
    #endif
    #if defined(TCCR1A) && defined(COM1B1)
      case TIMER1B:
        TCCR1A &= ~_BV(COM1B1);
    649c:	80 93 80 00 	sts	0x0080, r24	; 0x800080 <__TEXT_REGION_LENGTH__+0x7e0080>
/Users/jacobmajors/Library/Arduino15/packages/MightyCore/hardware/avr/3.1.0/cores/MCUdude_corefiles/wiring_digital.c:88
        break;
    64a0:	08 95       	ret
/Users/jacobmajors/Library/Arduino15/packages/MightyCore/hardware/avr/3.1.0/cores/MCUdude_corefiles/wiring_digital.c:87
        TCCR1A &= ~_BV(COM1A1);
        break;
    #endif
    #if defined(TCCR1A) && defined(COM1B1)
      case TIMER1B:
        TCCR1A &= ~_BV(COM1B1);
    64a2:	80 91 80 00 	lds	r24, 0x0080	; 0x800080 <__TEXT_REGION_LENGTH__+0x7e0080>
    64a6:	8f 7d       	andi	r24, 0xDF	; 223
    64a8:	f9 cf       	rjmp	.-14     	; 0x649c <turnOffPWM+0x2c>
/Users/jacobmajors/Library/Arduino15/packages/MightyCore/hardware/avr/3.1.0/cores/MCUdude_corefiles/wiring_digital.c:104
        TCCR2 &= ~_BV(COM21);
        break;
    #endif
    #if defined(TCCR2A) && defined(COM2A1)
      case TIMER2A:
        TCCR2A &= ~_BV(COM2A1);
    64aa:	80 91 b0 00 	lds	r24, 0x00B0	; 0x8000b0 <__TEXT_REGION_LENGTH__+0x7e00b0>
    64ae:	8f 77       	andi	r24, 0x7F	; 127
/Users/jacobmajors/Library/Arduino15/packages/MightyCore/hardware/avr/3.1.0/cores/MCUdude_corefiles/wiring_digital.c:109
        break;
    #endif
    #if defined(TCCR2A) && defined(COM2B1)
      case TIMER2B:
        TCCR2A &= ~_BV(COM2B1);
    64b0:	80 93 b0 00 	sts	0x00B0, r24	; 0x8000b0 <__TEXT_REGION_LENGTH__+0x7e00b0>
/Users/jacobmajors/Library/Arduino15/packages/MightyCore/hardware/avr/3.1.0/cores/MCUdude_corefiles/wiring_digital.c:110
        break;
    64b4:	08 95       	ret
/Users/jacobmajors/Library/Arduino15/packages/MightyCore/hardware/avr/3.1.0/cores/MCUdude_corefiles/wiring_digital.c:109
        TCCR2A &= ~_BV(COM2A1);
        break;
    #endif
    #if defined(TCCR2A) && defined(COM2B1)
      case TIMER2B:
        TCCR2A &= ~_BV(COM2B1);
    64b6:	80 91 b0 00 	lds	r24, 0x00B0	; 0x8000b0 <__TEXT_REGION_LENGTH__+0x7e00b0>
    64ba:	8f 7d       	andi	r24, 0xDF	; 223
    64bc:	f9 cf       	rjmp	.-14     	; 0x64b0 <turnOffPWM+0x40>
/Users/jacobmajors/Library/Arduino15/packages/MightyCore/hardware/avr/3.1.0/cores/MCUdude_corefiles/wiring_digital.c:116
    #endif

    // Timer3
    #if defined(TCCR3A) && defined(COM3A1)
      case TIMER3A:
        TCCR3A &= ~_BV(COM3A1);
    64be:	80 91 90 00 	lds	r24, 0x0090	; 0x800090 <__TEXT_REGION_LENGTH__+0x7e0090>
    64c2:	8f 77       	andi	r24, 0x7F	; 127
/Users/jacobmajors/Library/Arduino15/packages/MightyCore/hardware/avr/3.1.0/cores/MCUdude_corefiles/wiring_digital.c:121
        break;
    #endif
    #if defined(TCCR3A) && defined(COM3B1)
      case TIMER3B:
        TCCR3A &= ~_BV(COM3B1);
    64c4:	80 93 90 00 	sts	0x0090, r24	; 0x800090 <__TEXT_REGION_LENGTH__+0x7e0090>
/Users/jacobmajors/Library/Arduino15/packages/MightyCore/hardware/avr/3.1.0/cores/MCUdude_corefiles/wiring_digital.c:122
        break;
    64c8:	08 95       	ret
/Users/jacobmajors/Library/Arduino15/packages/MightyCore/hardware/avr/3.1.0/cores/MCUdude_corefiles/wiring_digital.c:121
        TCCR3A &= ~_BV(COM3A1);
        break;
    #endif
    #if defined(TCCR3A) && defined(COM3B1)
      case TIMER3B:
        TCCR3A &= ~_BV(COM3B1);
    64ca:	80 91 90 00 	lds	r24, 0x0090	; 0x800090 <__TEXT_REGION_LENGTH__+0x7e0090>
    64ce:	8f 7d       	andi	r24, 0xDF	; 223
    64d0:	f9 cf       	rjmp	.-14     	; 0x64c4 <turnOffPWM+0x54>
/Users/jacobmajors/Library/Arduino15/packages/MightyCore/hardware/avr/3.1.0/cores/MCUdude_corefiles/wiring_digital.c:176
        TCCR0 &= ~_BV(COM01);
        break;
    #endif
    #if defined(TCCR0A) && defined(COM0A1)
      case TIMER0A:
        TCCR0A &= ~_BV(COM0A1);
    64d2:	84 b5       	in	r24, 0x24	; 36
    64d4:	8f 77       	andi	r24, 0x7F	; 127
/Users/jacobmajors/Library/Arduino15/packages/MightyCore/hardware/avr/3.1.0/cores/MCUdude_corefiles/wiring_digital.c:181
        break;
    #endif
    #if defined(TCCR0A) && defined(COM0B1)
      case TIMER0B:
        TCCR0A &= ~_BV(COM0B1);
    64d6:	84 bd       	out	0x24, r24	; 36
/Users/jacobmajors/Library/Arduino15/packages/MightyCore/hardware/avr/3.1.0/cores/MCUdude_corefiles/wiring_digital.c:185
        break;
    #endif
  }
}
    64d8:	08 95       	ret
/Users/jacobmajors/Library/Arduino15/packages/MightyCore/hardware/avr/3.1.0/cores/MCUdude_corefiles/wiring_digital.c:181
        TCCR0A &= ~_BV(COM0A1);
        break;
    #endif
    #if defined(TCCR0A) && defined(COM0B1)
      case TIMER0B:
        TCCR0A &= ~_BV(COM0B1);
    64da:	84 b5       	in	r24, 0x24	; 36
    64dc:	8f 7d       	andi	r24, 0xDF	; 223
    64de:	fb cf       	rjmp	.-10     	; 0x64d6 <turnOffPWM+0x66>

000064e0 <pinMode>:
pinMode():
/Users/jacobmajors/Library/Arduino15/packages/MightyCore/hardware/avr/3.1.0/cores/MCUdude_corefiles/wiring_digital.c:30
#define ARDUINO_MAIN
#include "wiring_private.h"
#include "pins_arduino.h"

void pinMode(uint8_t pin, uint8_t mode)
{
    64e0:	cf 93       	push	r28
    64e2:	df 93       	push	r29
/Users/jacobmajors/Library/Arduino15/packages/MightyCore/hardware/avr/3.1.0/cores/MCUdude_corefiles/wiring_digital.c:31
  uint8_t bit = digitalPinToBitMask(pin);
    64e4:	90 e0       	ldi	r25, 0x00	; 0
    64e6:	fc 01       	movw	r30, r24
    64e8:	e5 53       	subi	r30, 0x35	; 53
    64ea:	f2 4f       	sbci	r31, 0xF2	; 242
    64ec:	24 91       	lpm	r18, Z
/Users/jacobmajors/Library/Arduino15/packages/MightyCore/hardware/avr/3.1.0/cores/MCUdude_corefiles/wiring_digital.c:32
  uint8_t port = digitalPinToPort(pin);
    64ee:	85 51       	subi	r24, 0x15	; 21
    64f0:	92 4f       	sbci	r25, 0xF2	; 242
    64f2:	fc 01       	movw	r30, r24
    64f4:	84 91       	lpm	r24, Z
/Users/jacobmajors/Library/Arduino15/packages/MightyCore/hardware/avr/3.1.0/cores/MCUdude_corefiles/wiring_digital.c:35
  volatile uint8_t *reg, *out;

  if (port == NOT_A_PIN) return;
    64f6:	88 23       	and	r24, r24
    64f8:	c9 f0       	breq	.+50     	; 0x652c <pinMode+0x4c>
/Users/jacobmajors/Library/Arduino15/packages/MightyCore/hardware/avr/3.1.0/cores/MCUdude_corefiles/wiring_digital.c:38

  // JWS: can I let the optimizer do this?
  reg = portModeRegister(port);
    64fa:	90 e0       	ldi	r25, 0x00	; 0
    64fc:	88 0f       	add	r24, r24
    64fe:	99 1f       	adc	r25, r25
    6500:	fc 01       	movw	r30, r24
    6502:	e1 5e       	subi	r30, 0xE1	; 225
    6504:	f1 4f       	sbci	r31, 0xF1	; 241
    6506:	a5 91       	lpm	r26, Z+
    6508:	b4 91       	lpm	r27, Z
/Users/jacobmajors/Library/Arduino15/packages/MightyCore/hardware/avr/3.1.0/cores/MCUdude_corefiles/wiring_digital.c:39
  out = portOutputRegister(port);
    650a:	fc 01       	movw	r30, r24
    650c:	eb 5e       	subi	r30, 0xEB	; 235
    650e:	f1 4f       	sbci	r31, 0xF1	; 241
    6510:	c5 91       	lpm	r28, Z+
    6512:	d4 91       	lpm	r29, Z
/Users/jacobmajors/Library/Arduino15/packages/MightyCore/hardware/avr/3.1.0/cores/MCUdude_corefiles/wiring_digital.c:41

  if (mode == INPUT) { 
    6514:	61 11       	cpse	r22, r1
    6516:	0d c0       	rjmp	.+26     	; 0x6532 <pinMode+0x52>
/Users/jacobmajors/Library/Arduino15/packages/MightyCore/hardware/avr/3.1.0/cores/MCUdude_corefiles/wiring_digital.c:42
    uint8_t oldSREG = SREG;
    6518:	9f b7       	in	r25, 0x3f	; 63
/Users/jacobmajors/Library/Arduino15/packages/MightyCore/hardware/avr/3.1.0/cores/MCUdude_corefiles/wiring_digital.c:43
    cli();
    651a:	f8 94       	cli
/Users/jacobmajors/Library/Arduino15/packages/MightyCore/hardware/avr/3.1.0/cores/MCUdude_corefiles/wiring_digital.c:44
    *reg &= ~bit;
    651c:	8c 91       	ld	r24, X
    651e:	20 95       	com	r18
    6520:	82 23       	and	r24, r18
    6522:	8c 93       	st	X, r24
/Users/jacobmajors/Library/Arduino15/packages/MightyCore/hardware/avr/3.1.0/cores/MCUdude_corefiles/wiring_digital.c:45
    *out &= ~bit;
    6524:	88 81       	ld	r24, Y
    6526:	28 23       	and	r18, r24
/Users/jacobmajors/Library/Arduino15/packages/MightyCore/hardware/avr/3.1.0/cores/MCUdude_corefiles/wiring_digital.c:51
    SREG = oldSREG;
  } else if (mode == INPUT_PULLUP) {
    uint8_t oldSREG = SREG;
    cli();
    *reg &= ~bit;
    *out |= bit;
    6528:	28 83       	st	Y, r18
/Users/jacobmajors/Library/Arduino15/packages/MightyCore/hardware/avr/3.1.0/cores/MCUdude_corefiles/wiring_digital.c:52
    SREG = oldSREG;
    652a:	9f bf       	out	0x3f, r25	; 63
/Users/jacobmajors/Library/Arduino15/packages/MightyCore/hardware/avr/3.1.0/cores/MCUdude_corefiles/wiring_digital.c:59
    uint8_t oldSREG = SREG;
    cli();
    *reg |= bit;
    SREG = oldSREG;
  }
}
    652c:	df 91       	pop	r29
    652e:	cf 91       	pop	r28
    6530:	08 95       	ret
/Users/jacobmajors/Library/Arduino15/packages/MightyCore/hardware/avr/3.1.0/cores/MCUdude_corefiles/wiring_digital.c:47
    uint8_t oldSREG = SREG;
    cli();
    *reg &= ~bit;
    *out &= ~bit;
    SREG = oldSREG;
  } else if (mode == INPUT_PULLUP) {
    6532:	62 30       	cpi	r22, 0x02	; 2
    6534:	51 f4       	brne	.+20     	; 0x654a <pinMode+0x6a>
/Users/jacobmajors/Library/Arduino15/packages/MightyCore/hardware/avr/3.1.0/cores/MCUdude_corefiles/wiring_digital.c:48
    uint8_t oldSREG = SREG;
    6536:	9f b7       	in	r25, 0x3f	; 63
/Users/jacobmajors/Library/Arduino15/packages/MightyCore/hardware/avr/3.1.0/cores/MCUdude_corefiles/wiring_digital.c:49
    cli();
    6538:	f8 94       	cli
/Users/jacobmajors/Library/Arduino15/packages/MightyCore/hardware/avr/3.1.0/cores/MCUdude_corefiles/wiring_digital.c:50
    *reg &= ~bit;
    653a:	3c 91       	ld	r19, X
    653c:	82 2f       	mov	r24, r18
    653e:	80 95       	com	r24
    6540:	83 23       	and	r24, r19
    6542:	8c 93       	st	X, r24
/Users/jacobmajors/Library/Arduino15/packages/MightyCore/hardware/avr/3.1.0/cores/MCUdude_corefiles/wiring_digital.c:51
    *out |= bit;
    6544:	e8 81       	ld	r30, Y
    6546:	2e 2b       	or	r18, r30
    6548:	ef cf       	rjmp	.-34     	; 0x6528 <pinMode+0x48>
/Users/jacobmajors/Library/Arduino15/packages/MightyCore/hardware/avr/3.1.0/cores/MCUdude_corefiles/wiring_digital.c:54
    SREG = oldSREG;
  } else {
    uint8_t oldSREG = SREG;
    654a:	8f b7       	in	r24, 0x3f	; 63
/Users/jacobmajors/Library/Arduino15/packages/MightyCore/hardware/avr/3.1.0/cores/MCUdude_corefiles/wiring_digital.c:55
    cli();
    654c:	f8 94       	cli
/Users/jacobmajors/Library/Arduino15/packages/MightyCore/hardware/avr/3.1.0/cores/MCUdude_corefiles/wiring_digital.c:56
    *reg |= bit;
    654e:	ec 91       	ld	r30, X
    6550:	2e 2b       	or	r18, r30
    6552:	2c 93       	st	X, r18
/Users/jacobmajors/Library/Arduino15/packages/MightyCore/hardware/avr/3.1.0/cores/MCUdude_corefiles/wiring_digital.c:57
    SREG = oldSREG;
    6554:	8f bf       	out	0x3f, r24	; 63
    6556:	ea cf       	rjmp	.-44     	; 0x652c <pinMode+0x4c>

00006558 <digitalWrite>:
digitalWrite():
/Users/jacobmajors/Library/Arduino15/packages/MightyCore/hardware/avr/3.1.0/cores/MCUdude_corefiles/wiring_digital.c:188
    #endif
  }
}

void digitalWrite(uint8_t pin, uint8_t val)
{
    6558:	1f 93       	push	r17
    655a:	cf 93       	push	r28
    655c:	df 93       	push	r29
/Users/jacobmajors/Library/Arduino15/packages/MightyCore/hardware/avr/3.1.0/cores/MCUdude_corefiles/wiring_digital.c:189
  uint8_t timer = digitalPinToTimer(pin);
    655e:	28 2f       	mov	r18, r24
    6560:	30 e0       	ldi	r19, 0x00	; 0
    6562:	f9 01       	movw	r30, r18
    6564:	e5 55       	subi	r30, 0x55	; 85
    6566:	f2 4f       	sbci	r31, 0xF2	; 242
    6568:	84 91       	lpm	r24, Z
/Users/jacobmajors/Library/Arduino15/packages/MightyCore/hardware/avr/3.1.0/cores/MCUdude_corefiles/wiring_digital.c:190
  uint8_t bit = digitalPinToBitMask(pin);
    656a:	f9 01       	movw	r30, r18
    656c:	e5 53       	subi	r30, 0x35	; 53
    656e:	f2 4f       	sbci	r31, 0xF2	; 242
    6570:	d4 91       	lpm	r29, Z
/Users/jacobmajors/Library/Arduino15/packages/MightyCore/hardware/avr/3.1.0/cores/MCUdude_corefiles/wiring_digital.c:191
  uint8_t port = digitalPinToPort(pin);
    6572:	f9 01       	movw	r30, r18
    6574:	e5 51       	subi	r30, 0x15	; 21
    6576:	f2 4f       	sbci	r31, 0xF2	; 242
    6578:	c4 91       	lpm	r28, Z
/Users/jacobmajors/Library/Arduino15/packages/MightyCore/hardware/avr/3.1.0/cores/MCUdude_corefiles/wiring_digital.c:194
  volatile uint8_t *out;

  if (port == NOT_A_PIN) return;
    657a:	cc 23       	and	r28, r28
    657c:	a9 f0       	breq	.+42     	; 0x65a8 <digitalWrite+0x50>
    657e:	16 2f       	mov	r17, r22
/Users/jacobmajors/Library/Arduino15/packages/MightyCore/hardware/avr/3.1.0/cores/MCUdude_corefiles/wiring_digital.c:198

  // If the pin that support PWM output, we need to turn it off
  // before doing a digital write.
  if (timer != NOT_ON_TIMER) turnOffPWM(timer);
    6580:	81 11       	cpse	r24, r1
/Users/jacobmajors/Library/Arduino15/packages/MightyCore/hardware/avr/3.1.0/cores/MCUdude_corefiles/wiring_digital.c:198 (discriminator 1)
    6582:	0e 94 38 32 	call	0x6470	; 0x6470 <turnOffPWM>
/Users/jacobmajors/Library/Arduino15/packages/MightyCore/hardware/avr/3.1.0/cores/MCUdude_corefiles/wiring_digital.c:200

  out = portOutputRegister(port);
    6586:	ec 2f       	mov	r30, r28
    6588:	f0 e0       	ldi	r31, 0x00	; 0
    658a:	ee 0f       	add	r30, r30
    658c:	ff 1f       	adc	r31, r31
    658e:	eb 5e       	subi	r30, 0xEB	; 235
    6590:	f1 4f       	sbci	r31, 0xF1	; 241
    6592:	a5 91       	lpm	r26, Z+
    6594:	b4 91       	lpm	r27, Z
/Users/jacobmajors/Library/Arduino15/packages/MightyCore/hardware/avr/3.1.0/cores/MCUdude_corefiles/wiring_digital.c:202

  uint8_t oldSREG = SREG;
    6596:	8f b7       	in	r24, 0x3f	; 63
/Users/jacobmajors/Library/Arduino15/packages/MightyCore/hardware/avr/3.1.0/cores/MCUdude_corefiles/wiring_digital.c:203
  cli();
    6598:	f8 94       	cli
/Users/jacobmajors/Library/Arduino15/packages/MightyCore/hardware/avr/3.1.0/cores/MCUdude_corefiles/wiring_digital.c:206

  if (val == LOW) {
    *out &= ~bit;
    659a:	ec 91       	ld	r30, X
/Users/jacobmajors/Library/Arduino15/packages/MightyCore/hardware/avr/3.1.0/cores/MCUdude_corefiles/wiring_digital.c:205
  out = portOutputRegister(port);

  uint8_t oldSREG = SREG;
  cli();

  if (val == LOW) {
    659c:	11 11       	cpse	r17, r1
    659e:	08 c0       	rjmp	.+16     	; 0x65b0 <digitalWrite+0x58>
/Users/jacobmajors/Library/Arduino15/packages/MightyCore/hardware/avr/3.1.0/cores/MCUdude_corefiles/wiring_digital.c:206
    *out &= ~bit;
    65a0:	d0 95       	com	r29
    65a2:	de 23       	and	r29, r30
/Users/jacobmajors/Library/Arduino15/packages/MightyCore/hardware/avr/3.1.0/cores/MCUdude_corefiles/wiring_digital.c:208
  } else {
    *out |= bit;
    65a4:	dc 93       	st	X, r29
/Users/jacobmajors/Library/Arduino15/packages/MightyCore/hardware/avr/3.1.0/cores/MCUdude_corefiles/wiring_digital.c:211
  }

  SREG = oldSREG;
    65a6:	8f bf       	out	0x3f, r24	; 63
/Users/jacobmajors/Library/Arduino15/packages/MightyCore/hardware/avr/3.1.0/cores/MCUdude_corefiles/wiring_digital.c:212
}
    65a8:	df 91       	pop	r29
    65aa:	cf 91       	pop	r28
    65ac:	1f 91       	pop	r17
    65ae:	08 95       	ret
/Users/jacobmajors/Library/Arduino15/packages/MightyCore/hardware/avr/3.1.0/cores/MCUdude_corefiles/wiring_digital.c:208
  cli();

  if (val == LOW) {
    *out &= ~bit;
  } else {
    *out |= bit;
    65b0:	de 2b       	or	r29, r30
    65b2:	f8 cf       	rjmp	.-16     	; 0x65a4 <digitalWrite+0x4c>

000065b4 <digitalRead>:
digitalRead():
/Users/jacobmajors/Library/Arduino15/packages/MightyCore/hardware/avr/3.1.0/cores/MCUdude_corefiles/wiring_digital.c:215

  SREG = oldSREG;
}

int digitalRead(uint8_t pin)
{
    65b4:	cf 93       	push	r28
    65b6:	df 93       	push	r29
/Users/jacobmajors/Library/Arduino15/packages/MightyCore/hardware/avr/3.1.0/cores/MCUdude_corefiles/wiring_digital.c:216
  uint8_t timer = digitalPinToTimer(pin);
    65b8:	28 2f       	mov	r18, r24
    65ba:	30 e0       	ldi	r19, 0x00	; 0
    65bc:	f9 01       	movw	r30, r18
    65be:	e5 55       	subi	r30, 0x55	; 85
    65c0:	f2 4f       	sbci	r31, 0xF2	; 242
    65c2:	84 91       	lpm	r24, Z
/Users/jacobmajors/Library/Arduino15/packages/MightyCore/hardware/avr/3.1.0/cores/MCUdude_corefiles/wiring_digital.c:217
  uint8_t bit = digitalPinToBitMask(pin);
    65c4:	f9 01       	movw	r30, r18
    65c6:	e5 53       	subi	r30, 0x35	; 53
    65c8:	f2 4f       	sbci	r31, 0xF2	; 242
    65ca:	d4 91       	lpm	r29, Z
/Users/jacobmajors/Library/Arduino15/packages/MightyCore/hardware/avr/3.1.0/cores/MCUdude_corefiles/wiring_digital.c:218
  uint8_t port = digitalPinToPort(pin);
    65cc:	f9 01       	movw	r30, r18
    65ce:	e5 51       	subi	r30, 0x15	; 21
    65d0:	f2 4f       	sbci	r31, 0xF2	; 242
    65d2:	c4 91       	lpm	r28, Z
/Users/jacobmajors/Library/Arduino15/packages/MightyCore/hardware/avr/3.1.0/cores/MCUdude_corefiles/wiring_digital.c:220

  if (port == NOT_A_PIN) return LOW;
    65d4:	cc 23       	and	r28, r28
    65d6:	a1 f0       	breq	.+40     	; 0x6600 <digitalRead+0x4c>
/Users/jacobmajors/Library/Arduino15/packages/MightyCore/hardware/avr/3.1.0/cores/MCUdude_corefiles/wiring_digital.c:224

  // If the pin that support PWM output, we need to turn it off
  // before getting a digital reading.
  if (timer != NOT_ON_TIMER) turnOffPWM(timer);
    65d8:	81 11       	cpse	r24, r1
/Users/jacobmajors/Library/Arduino15/packages/MightyCore/hardware/avr/3.1.0/cores/MCUdude_corefiles/wiring_digital.c:224 (discriminator 1)
    65da:	0e 94 38 32 	call	0x6470	; 0x6470 <turnOffPWM>
/Users/jacobmajors/Library/Arduino15/packages/MightyCore/hardware/avr/3.1.0/cores/MCUdude_corefiles/wiring_digital.c:226

  if (*portInputRegister(port) & bit) return HIGH;
    65de:	ec 2f       	mov	r30, r28
    65e0:	f0 e0       	ldi	r31, 0x00	; 0
    65e2:	ee 0f       	add	r30, r30
    65e4:	ff 1f       	adc	r31, r31
    65e6:	e5 5f       	subi	r30, 0xF5	; 245
    65e8:	f1 4f       	sbci	r31, 0xF1	; 241
    65ea:	a5 91       	lpm	r26, Z+
    65ec:	b4 91       	lpm	r27, Z
    65ee:	ec 91       	ld	r30, X
    65f0:	ed 23       	and	r30, r29
    65f2:	81 e0       	ldi	r24, 0x01	; 1
    65f4:	90 e0       	ldi	r25, 0x00	; 0
    65f6:	09 f4       	brne	.+2      	; 0x65fa <digitalRead+0x46>
    65f8:	80 e0       	ldi	r24, 0x00	; 0
/Users/jacobmajors/Library/Arduino15/packages/MightyCore/hardware/avr/3.1.0/cores/MCUdude_corefiles/wiring_digital.c:228
  return LOW;
}
    65fa:	df 91       	pop	r29
    65fc:	cf 91       	pop	r28
    65fe:	08 95       	ret
/Users/jacobmajors/Library/Arduino15/packages/MightyCore/hardware/avr/3.1.0/cores/MCUdude_corefiles/wiring_digital.c:220
{
  uint8_t timer = digitalPinToTimer(pin);
  uint8_t bit = digitalPinToBitMask(pin);
  uint8_t port = digitalPinToPort(pin);

  if (port == NOT_A_PIN) return LOW;
    6600:	80 e0       	ldi	r24, 0x00	; 0
    6602:	90 e0       	ldi	r25, 0x00	; 0
    6604:	fa cf       	rjmp	.-12     	; 0x65fa <digitalRead+0x46>

00006606 <__subsf3>:
__subsf3():
    6606:	50 58       	subi	r21, 0x80	; 128

00006608 <__addsf3>:
    6608:	bb 27       	eor	r27, r27
    660a:	aa 27       	eor	r26, r26
    660c:	0e 94 1b 33 	call	0x6636	; 0x6636 <__addsf3x>
    6610:	0c 94 95 34 	jmp	0x692a	; 0x692a <__fp_round>
__addsf3():
    6614:	0e 94 87 34 	call	0x690e	; 0x690e <__fp_pscA>
    6618:	38 f0       	brcs	.+14     	; 0x6628 <__addsf3+0x20>
    661a:	0e 94 8e 34 	call	0x691c	; 0x691c <__fp_pscB>
    661e:	20 f0       	brcs	.+8      	; 0x6628 <__addsf3+0x20>
    6620:	39 f4       	brne	.+14     	; 0x6630 <__addsf3+0x28>
    6622:	9f 3f       	cpi	r25, 0xFF	; 255
    6624:	19 f4       	brne	.+6      	; 0x662c <__addsf3+0x24>
    6626:	26 f4       	brtc	.+8      	; 0x6630 <__addsf3+0x28>
    6628:	0c 94 84 34 	jmp	0x6908	; 0x6908 <__fp_nan>
    662c:	0e f4       	brtc	.+2      	; 0x6630 <__addsf3+0x28>
    662e:	e0 95       	com	r30
    6630:	e7 fb       	bst	r30, 7
    6632:	0c 94 7e 34 	jmp	0x68fc	; 0x68fc <__fp_inf>

00006636 <__addsf3x>:
__addsf3x():
    6636:	e9 2f       	mov	r30, r25
    6638:	0e 94 a6 34 	call	0x694c	; 0x694c <__fp_split3>
    663c:	58 f3       	brcs	.-42     	; 0x6614 <__addsf3+0xc>
    663e:	ba 17       	cp	r27, r26
    6640:	62 07       	cpc	r22, r18
    6642:	73 07       	cpc	r23, r19
    6644:	84 07       	cpc	r24, r20
    6646:	95 07       	cpc	r25, r21
    6648:	20 f0       	brcs	.+8      	; 0x6652 <__addsf3x+0x1c>
    664a:	79 f4       	brne	.+30     	; 0x666a <__addsf3x+0x34>
    664c:	a6 f5       	brtc	.+104    	; 0x66b6 <__addsf3x+0x80>
    664e:	0c 94 c8 34 	jmp	0x6990	; 0x6990 <__fp_zero>
    6652:	0e f4       	brtc	.+2      	; 0x6656 <__addsf3x+0x20>
    6654:	e0 95       	com	r30
    6656:	0b 2e       	mov	r0, r27
    6658:	ba 2f       	mov	r27, r26
    665a:	a0 2d       	mov	r26, r0
    665c:	0b 01       	movw	r0, r22
    665e:	b9 01       	movw	r22, r18
    6660:	90 01       	movw	r18, r0
    6662:	0c 01       	movw	r0, r24
    6664:	ca 01       	movw	r24, r20
    6666:	a0 01       	movw	r20, r0
    6668:	11 24       	eor	r1, r1
    666a:	ff 27       	eor	r31, r31
    666c:	59 1b       	sub	r21, r25
    666e:	99 f0       	breq	.+38     	; 0x6696 <__addsf3x+0x60>
    6670:	59 3f       	cpi	r21, 0xF9	; 249
    6672:	50 f4       	brcc	.+20     	; 0x6688 <__addsf3x+0x52>
    6674:	50 3e       	cpi	r21, 0xE0	; 224
    6676:	68 f1       	brcs	.+90     	; 0x66d2 <__addsf3x+0x9c>
    6678:	1a 16       	cp	r1, r26
    667a:	f0 40       	sbci	r31, 0x00	; 0
    667c:	a2 2f       	mov	r26, r18
    667e:	23 2f       	mov	r18, r19
    6680:	34 2f       	mov	r19, r20
    6682:	44 27       	eor	r20, r20
    6684:	58 5f       	subi	r21, 0xF8	; 248
    6686:	f3 cf       	rjmp	.-26     	; 0x666e <__addsf3x+0x38>
    6688:	46 95       	lsr	r20
    668a:	37 95       	ror	r19
    668c:	27 95       	ror	r18
    668e:	a7 95       	ror	r26
    6690:	f0 40       	sbci	r31, 0x00	; 0
    6692:	53 95       	inc	r21
    6694:	c9 f7       	brne	.-14     	; 0x6688 <__addsf3x+0x52>
    6696:	7e f4       	brtc	.+30     	; 0x66b6 <__addsf3x+0x80>
    6698:	1f 16       	cp	r1, r31
    669a:	ba 0b       	sbc	r27, r26
    669c:	62 0b       	sbc	r22, r18
    669e:	73 0b       	sbc	r23, r19
    66a0:	84 0b       	sbc	r24, r20
    66a2:	ba f0       	brmi	.+46     	; 0x66d2 <__addsf3x+0x9c>
    66a4:	91 50       	subi	r25, 0x01	; 1
    66a6:	a1 f0       	breq	.+40     	; 0x66d0 <__addsf3x+0x9a>
    66a8:	ff 0f       	add	r31, r31
    66aa:	bb 1f       	adc	r27, r27
    66ac:	66 1f       	adc	r22, r22
    66ae:	77 1f       	adc	r23, r23
    66b0:	88 1f       	adc	r24, r24
    66b2:	c2 f7       	brpl	.-16     	; 0x66a4 <__addsf3x+0x6e>
    66b4:	0e c0       	rjmp	.+28     	; 0x66d2 <__addsf3x+0x9c>
    66b6:	ba 0f       	add	r27, r26
    66b8:	62 1f       	adc	r22, r18
    66ba:	73 1f       	adc	r23, r19
    66bc:	84 1f       	adc	r24, r20
    66be:	48 f4       	brcc	.+18     	; 0x66d2 <__addsf3x+0x9c>
    66c0:	87 95       	ror	r24
    66c2:	77 95       	ror	r23
    66c4:	67 95       	ror	r22
    66c6:	b7 95       	ror	r27
    66c8:	f7 95       	ror	r31
    66ca:	9e 3f       	cpi	r25, 0xFE	; 254
    66cc:	08 f0       	brcs	.+2      	; 0x66d0 <__addsf3x+0x9a>
    66ce:	b0 cf       	rjmp	.-160    	; 0x6630 <__addsf3+0x28>
    66d0:	93 95       	inc	r25
    66d2:	88 0f       	add	r24, r24
    66d4:	08 f0       	brcs	.+2      	; 0x66d8 <__addsf3x+0xa2>
    66d6:	99 27       	eor	r25, r25
    66d8:	ee 0f       	add	r30, r30
    66da:	97 95       	ror	r25
    66dc:	87 95       	ror	r24
    66de:	08 95       	ret

000066e0 <__cmpsf2>:
    66e0:	0e 94 5a 34 	call	0x68b4	; 0x68b4 <__fp_cmp>
    66e4:	08 f4       	brcc	.+2      	; 0x66e8 <__cmpsf2+0x8>
    66e6:	81 e0       	ldi	r24, 0x01	; 1
    66e8:	08 95       	ret

000066ea <__divsf3>:
    66ea:	0e 94 89 33 	call	0x6712	; 0x6712 <__divsf3x>
    66ee:	0c 94 95 34 	jmp	0x692a	; 0x692a <__fp_round>
    66f2:	0e 94 8e 34 	call	0x691c	; 0x691c <__fp_pscB>
    66f6:	58 f0       	brcs	.+22     	; 0x670e <__divsf3+0x24>
    66f8:	0e 94 87 34 	call	0x690e	; 0x690e <__fp_pscA>
    66fc:	40 f0       	brcs	.+16     	; 0x670e <__divsf3+0x24>
    66fe:	29 f4       	brne	.+10     	; 0x670a <__divsf3+0x20>
    6700:	5f 3f       	cpi	r21, 0xFF	; 255
__divsf3():
    6702:	29 f0       	breq	.+10     	; 0x670e <__divsf3+0x24>
    6704:	0c 94 7e 34 	jmp	0x68fc	; 0x68fc <__fp_inf>
    6708:	51 11       	cpse	r21, r1
    670a:	0c 94 c9 34 	jmp	0x6992	; 0x6992 <__fp_szero>
    670e:	0c 94 84 34 	jmp	0x6908	; 0x6908 <__fp_nan>

00006712 <__divsf3x>:
__divsf3x():
    6712:	0e 94 a6 34 	call	0x694c	; 0x694c <__fp_split3>
    6716:	68 f3       	brcs	.-38     	; 0x66f2 <__divsf3+0x8>

00006718 <__divsf3_pse>:
    6718:	99 23       	and	r25, r25
    671a:	b1 f3       	breq	.-20     	; 0x6708 <__divsf3+0x1e>
    671c:	55 23       	and	r21, r21
    671e:	91 f3       	breq	.-28     	; 0x6704 <__divsf3+0x1a>
    6720:	95 1b       	sub	r25, r21
    6722:	55 0b       	sbc	r21, r21
    6724:	bb 27       	eor	r27, r27
    6726:	aa 27       	eor	r26, r26
    6728:	62 17       	cp	r22, r18
    672a:	73 07       	cpc	r23, r19
    672c:	84 07       	cpc	r24, r20
    672e:	38 f0       	brcs	.+14     	; 0x673e <__divsf3_pse+0x26>
    6730:	9f 5f       	subi	r25, 0xFF	; 255
    6732:	5f 4f       	sbci	r21, 0xFF	; 255
    6734:	22 0f       	add	r18, r18
    6736:	33 1f       	adc	r19, r19
    6738:	44 1f       	adc	r20, r20
    673a:	aa 1f       	adc	r26, r26
    673c:	a9 f3       	breq	.-22     	; 0x6728 <__divsf3_pse+0x10>
    673e:	35 d0       	rcall	.+106    	; 0x67aa <__divsf3_pse+0x92>
    6740:	0e 2e       	mov	r0, r30
    6742:	3a f0       	brmi	.+14     	; 0x6752 <__divsf3_pse+0x3a>
    6744:	e0 e8       	ldi	r30, 0x80	; 128
    6746:	32 d0       	rcall	.+100    	; 0x67ac <__divsf3_pse+0x94>
    6748:	91 50       	subi	r25, 0x01	; 1
    674a:	50 40       	sbci	r21, 0x00	; 0
    674c:	e6 95       	lsr	r30
    674e:	00 1c       	adc	r0, r0
    6750:	ca f7       	brpl	.-14     	; 0x6744 <__divsf3_pse+0x2c>
    6752:	2b d0       	rcall	.+86     	; 0x67aa <__divsf3_pse+0x92>
    6754:	fe 2f       	mov	r31, r30
    6756:	29 d0       	rcall	.+82     	; 0x67aa <__divsf3_pse+0x92>
    6758:	66 0f       	add	r22, r22
    675a:	77 1f       	adc	r23, r23
    675c:	88 1f       	adc	r24, r24
    675e:	bb 1f       	adc	r27, r27
    6760:	26 17       	cp	r18, r22
    6762:	37 07       	cpc	r19, r23
    6764:	48 07       	cpc	r20, r24
    6766:	ab 07       	cpc	r26, r27
    6768:	b0 e8       	ldi	r27, 0x80	; 128
    676a:	09 f0       	breq	.+2      	; 0x676e <__divsf3_pse+0x56>
    676c:	bb 0b       	sbc	r27, r27
    676e:	80 2d       	mov	r24, r0
    6770:	bf 01       	movw	r22, r30
    6772:	ff 27       	eor	r31, r31
    6774:	93 58       	subi	r25, 0x83	; 131
    6776:	5f 4f       	sbci	r21, 0xFF	; 255
    6778:	3a f0       	brmi	.+14     	; 0x6788 <__divsf3_pse+0x70>
    677a:	9e 3f       	cpi	r25, 0xFE	; 254
    677c:	51 05       	cpc	r21, r1
    677e:	78 f0       	brcs	.+30     	; 0x679e <__divsf3_pse+0x86>
    6780:	0c 94 7e 34 	jmp	0x68fc	; 0x68fc <__fp_inf>
    6784:	0c 94 c9 34 	jmp	0x6992	; 0x6992 <__fp_szero>
    6788:	5f 3f       	cpi	r21, 0xFF	; 255
    678a:	e4 f3       	brlt	.-8      	; 0x6784 <__divsf3_pse+0x6c>
    678c:	98 3e       	cpi	r25, 0xE8	; 232
    678e:	d4 f3       	brlt	.-12     	; 0x6784 <__divsf3_pse+0x6c>
    6790:	86 95       	lsr	r24
    6792:	77 95       	ror	r23
    6794:	67 95       	ror	r22
    6796:	b7 95       	ror	r27
    6798:	f7 95       	ror	r31
    679a:	9f 5f       	subi	r25, 0xFF	; 255
    679c:	c9 f7       	brne	.-14     	; 0x6790 <__divsf3_pse+0x78>
    679e:	88 0f       	add	r24, r24
    67a0:	91 1d       	adc	r25, r1
    67a2:	96 95       	lsr	r25
    67a4:	87 95       	ror	r24
    67a6:	97 f9       	bld	r25, 7
    67a8:	08 95       	ret
    67aa:	e1 e0       	ldi	r30, 0x01	; 1
    67ac:	66 0f       	add	r22, r22
    67ae:	77 1f       	adc	r23, r23
    67b0:	88 1f       	adc	r24, r24
    67b2:	bb 1f       	adc	r27, r27
    67b4:	62 17       	cp	r22, r18
    67b6:	73 07       	cpc	r23, r19
    67b8:	84 07       	cpc	r24, r20
    67ba:	ba 07       	cpc	r27, r26
    67bc:	20 f0       	brcs	.+8      	; 0x67c6 <__divsf3_pse+0xae>
    67be:	62 1b       	sub	r22, r18
    67c0:	73 0b       	sbc	r23, r19
    67c2:	84 0b       	sbc	r24, r20
    67c4:	ba 0b       	sbc	r27, r26
    67c6:	ee 1f       	adc	r30, r30
    67c8:	88 f7       	brcc	.-30     	; 0x67ac <__divsf3_pse+0x94>
    67ca:	e0 95       	com	r30
    67cc:	08 95       	ret

000067ce <__fixsfsi>:
    67ce:	0e 94 ee 33 	call	0x67dc	; 0x67dc <__fixunssfsi>
    67d2:	68 94       	set
    67d4:	b1 11       	cpse	r27, r1
    67d6:	0c 94 c9 34 	jmp	0x6992	; 0x6992 <__fp_szero>
    67da:	08 95       	ret

000067dc <__fixunssfsi>:
    67dc:	0e 94 ae 34 	call	0x695c	; 0x695c <__fp_splitA>
    67e0:	88 f0       	brcs	.+34     	; 0x6804 <__fixunssfsi+0x28>
    67e2:	9f 57       	subi	r25, 0x7F	; 127
    67e4:	98 f0       	brcs	.+38     	; 0x680c <__fixunssfsi+0x30>
    67e6:	b9 2f       	mov	r27, r25
    67e8:	99 27       	eor	r25, r25
    67ea:	b7 51       	subi	r27, 0x17	; 23
    67ec:	b0 f0       	brcs	.+44     	; 0x681a <__fixunssfsi+0x3e>
__fixunssfsi():
    67ee:	e1 f0       	breq	.+56     	; 0x6828 <__fixunssfsi+0x4c>
    67f0:	66 0f       	add	r22, r22
    67f2:	77 1f       	adc	r23, r23
    67f4:	88 1f       	adc	r24, r24
    67f6:	99 1f       	adc	r25, r25
    67f8:	1a f0       	brmi	.+6      	; 0x6800 <__fixunssfsi+0x24>
    67fa:	ba 95       	dec	r27
    67fc:	c9 f7       	brne	.-14     	; 0x67f0 <__fixunssfsi+0x14>
    67fe:	14 c0       	rjmp	.+40     	; 0x6828 <__fixunssfsi+0x4c>
    6800:	b1 30       	cpi	r27, 0x01	; 1
    6802:	91 f0       	breq	.+36     	; 0x6828 <__fixunssfsi+0x4c>
    6804:	0e 94 c8 34 	call	0x6990	; 0x6990 <__fp_zero>
    6808:	b1 e0       	ldi	r27, 0x01	; 1
    680a:	08 95       	ret
    680c:	0c 94 c8 34 	jmp	0x6990	; 0x6990 <__fp_zero>
    6810:	67 2f       	mov	r22, r23
    6812:	78 2f       	mov	r23, r24
    6814:	88 27       	eor	r24, r24
    6816:	b8 5f       	subi	r27, 0xF8	; 248
    6818:	39 f0       	breq	.+14     	; 0x6828 <__fixunssfsi+0x4c>
    681a:	b9 3f       	cpi	r27, 0xF9	; 249
    681c:	cc f3       	brlt	.-14     	; 0x6810 <__fixunssfsi+0x34>
    681e:	86 95       	lsr	r24
    6820:	77 95       	ror	r23
    6822:	67 95       	ror	r22
    6824:	b3 95       	inc	r27
    6826:	d9 f7       	brne	.-10     	; 0x681e <__fixunssfsi+0x42>
    6828:	3e f4       	brtc	.+14     	; 0x6838 <__fixunssfsi+0x5c>
    682a:	90 95       	com	r25
    682c:	80 95       	com	r24
    682e:	70 95       	com	r23
    6830:	61 95       	neg	r22
    6832:	7f 4f       	sbci	r23, 0xFF	; 255
    6834:	8f 4f       	sbci	r24, 0xFF	; 255
    6836:	9f 4f       	sbci	r25, 0xFF	; 255
    6838:	08 95       	ret

0000683a <__floatunsisf>:
__floatunsisf():
    683a:	e8 94       	clt
    683c:	09 c0       	rjmp	.+18     	; 0x6850 <__floatsisf+0x12>

0000683e <__floatsisf>:
    683e:	97 fb       	bst	r25, 7
    6840:	3e f4       	brtc	.+14     	; 0x6850 <__floatsisf+0x12>
    6842:	90 95       	com	r25
    6844:	80 95       	com	r24
    6846:	70 95       	com	r23
    6848:	61 95       	neg	r22
    684a:	7f 4f       	sbci	r23, 0xFF	; 255
    684c:	8f 4f       	sbci	r24, 0xFF	; 255
    684e:	9f 4f       	sbci	r25, 0xFF	; 255
    6850:	99 23       	and	r25, r25
    6852:	a9 f0       	breq	.+42     	; 0x687e <__floatsisf+0x40>
    6854:	f9 2f       	mov	r31, r25
    6856:	96 e9       	ldi	r25, 0x96	; 150
    6858:	bb 27       	eor	r27, r27
    685a:	93 95       	inc	r25
    685c:	f6 95       	lsr	r31
    685e:	87 95       	ror	r24
    6860:	77 95       	ror	r23
    6862:	67 95       	ror	r22
    6864:	b7 95       	ror	r27
    6866:	f1 11       	cpse	r31, r1
    6868:	f8 cf       	rjmp	.-16     	; 0x685a <__floatsisf+0x1c>
    686a:	fa f4       	brpl	.+62     	; 0x68aa <__floatsisf+0x6c>
    686c:	bb 0f       	add	r27, r27
    686e:	11 f4       	brne	.+4      	; 0x6874 <__floatsisf+0x36>
    6870:	60 ff       	sbrs	r22, 0
    6872:	1b c0       	rjmp	.+54     	; 0x68aa <__floatsisf+0x6c>
    6874:	6f 5f       	subi	r22, 0xFF	; 255
    6876:	7f 4f       	sbci	r23, 0xFF	; 255
    6878:	8f 4f       	sbci	r24, 0xFF	; 255
    687a:	9f 4f       	sbci	r25, 0xFF	; 255
    687c:	16 c0       	rjmp	.+44     	; 0x68aa <__floatsisf+0x6c>
    687e:	88 23       	and	r24, r24
    6880:	11 f0       	breq	.+4      	; 0x6886 <__floatsisf+0x48>
    6882:	96 e9       	ldi	r25, 0x96	; 150
    6884:	11 c0       	rjmp	.+34     	; 0x68a8 <__floatsisf+0x6a>
    6886:	77 23       	and	r23, r23
    6888:	21 f0       	breq	.+8      	; 0x6892 <__floatsisf+0x54>
    688a:	9e e8       	ldi	r25, 0x8E	; 142
    688c:	87 2f       	mov	r24, r23
    688e:	76 2f       	mov	r23, r22
    6890:	05 c0       	rjmp	.+10     	; 0x689c <__floatsisf+0x5e>
    6892:	66 23       	and	r22, r22
    6894:	71 f0       	breq	.+28     	; 0x68b2 <__floatsisf+0x74>
    6896:	96 e8       	ldi	r25, 0x86	; 134
    6898:	86 2f       	mov	r24, r22
    689a:	70 e0       	ldi	r23, 0x00	; 0
    689c:	60 e0       	ldi	r22, 0x00	; 0
    689e:	2a f0       	brmi	.+10     	; 0x68aa <__floatsisf+0x6c>
    68a0:	9a 95       	dec	r25
    68a2:	66 0f       	add	r22, r22
    68a4:	77 1f       	adc	r23, r23
    68a6:	88 1f       	adc	r24, r24
    68a8:	da f7       	brpl	.-10     	; 0x68a0 <__floatsisf+0x62>
    68aa:	88 0f       	add	r24, r24
    68ac:	96 95       	lsr	r25
    68ae:	87 95       	ror	r24
    68b0:	97 f9       	bld	r25, 7
    68b2:	08 95       	ret

000068b4 <__fp_cmp>:
__fp_cmp():
    68b4:	99 0f       	add	r25, r25
    68b6:	00 08       	sbc	r0, r0
    68b8:	55 0f       	add	r21, r21
    68ba:	aa 0b       	sbc	r26, r26
    68bc:	e0 e8       	ldi	r30, 0x80	; 128
    68be:	fe ef       	ldi	r31, 0xFE	; 254
    68c0:	16 16       	cp	r1, r22
    68c2:	17 06       	cpc	r1, r23
    68c4:	e8 07       	cpc	r30, r24
    68c6:	f9 07       	cpc	r31, r25
    68c8:	c0 f0       	brcs	.+48     	; 0x68fa <__fp_cmp+0x46>
    68ca:	12 16       	cp	r1, r18
    68cc:	13 06       	cpc	r1, r19
    68ce:	e4 07       	cpc	r30, r20
    68d0:	f5 07       	cpc	r31, r21
    68d2:	98 f0       	brcs	.+38     	; 0x68fa <__fp_cmp+0x46>
    68d4:	62 1b       	sub	r22, r18
    68d6:	73 0b       	sbc	r23, r19
    68d8:	84 0b       	sbc	r24, r20
    68da:	95 0b       	sbc	r25, r21
    68dc:	39 f4       	brne	.+14     	; 0x68ec <__fp_cmp+0x38>
    68de:	0a 26       	eor	r0, r26
    68e0:	61 f0       	breq	.+24     	; 0x68fa <__fp_cmp+0x46>
    68e2:	23 2b       	or	r18, r19
    68e4:	24 2b       	or	r18, r20
    68e6:	25 2b       	or	r18, r21
    68e8:	21 f4       	brne	.+8      	; 0x68f2 <__fp_cmp+0x3e>
    68ea:	08 95       	ret
    68ec:	0a 26       	eor	r0, r26
    68ee:	09 f4       	brne	.+2      	; 0x68f2 <__fp_cmp+0x3e>
    68f0:	a1 40       	sbci	r26, 0x01	; 1
    68f2:	a6 95       	lsr	r26
    68f4:	8f ef       	ldi	r24, 0xFF	; 255
    68f6:	81 1d       	adc	r24, r1
    68f8:	81 1d       	adc	r24, r1
    68fa:	08 95       	ret

000068fc <__fp_inf>:
__fp_inf():
    68fc:	97 f9       	bld	r25, 7
    68fe:	9f 67       	ori	r25, 0x7F	; 127
    6900:	80 e8       	ldi	r24, 0x80	; 128
    6902:	70 e0       	ldi	r23, 0x00	; 0
    6904:	60 e0       	ldi	r22, 0x00	; 0
    6906:	08 95       	ret

00006908 <__fp_nan>:
__fp_nan():
    6908:	9f ef       	ldi	r25, 0xFF	; 255
    690a:	80 ec       	ldi	r24, 0xC0	; 192
    690c:	08 95       	ret

0000690e <__fp_pscA>:
__fp_pscA():
    690e:	00 24       	eor	r0, r0
    6910:	0a 94       	dec	r0
    6912:	16 16       	cp	r1, r22
    6914:	17 06       	cpc	r1, r23
    6916:	18 06       	cpc	r1, r24
    6918:	09 06       	cpc	r0, r25
    691a:	08 95       	ret

0000691c <__fp_pscB>:
__fp_pscB():
    691c:	00 24       	eor	r0, r0
    691e:	0a 94       	dec	r0
    6920:	12 16       	cp	r1, r18
    6922:	13 06       	cpc	r1, r19
    6924:	14 06       	cpc	r1, r20
    6926:	05 06       	cpc	r0, r21
    6928:	08 95       	ret

0000692a <__fp_round>:
__fp_round():
    692a:	09 2e       	mov	r0, r25
    692c:	03 94       	inc	r0
    692e:	00 0c       	add	r0, r0
    6930:	11 f4       	brne	.+4      	; 0x6936 <__fp_round+0xc>
    6932:	88 23       	and	r24, r24
    6934:	52 f0       	brmi	.+20     	; 0x694a <__fp_round+0x20>
    6936:	bb 0f       	add	r27, r27
    6938:	40 f4       	brcc	.+16     	; 0x694a <__fp_round+0x20>
    693a:	bf 2b       	or	r27, r31
    693c:	11 f4       	brne	.+4      	; 0x6942 <__fp_round+0x18>
    693e:	60 ff       	sbrs	r22, 0
    6940:	04 c0       	rjmp	.+8      	; 0x694a <__fp_round+0x20>
    6942:	6f 5f       	subi	r22, 0xFF	; 255
    6944:	7f 4f       	sbci	r23, 0xFF	; 255
    6946:	8f 4f       	sbci	r24, 0xFF	; 255
    6948:	9f 4f       	sbci	r25, 0xFF	; 255
    694a:	08 95       	ret

0000694c <__fp_split3>:
__fp_split3():
    694c:	57 fd       	sbrc	r21, 7
    694e:	90 58       	subi	r25, 0x80	; 128
    6950:	44 0f       	add	r20, r20
    6952:	55 1f       	adc	r21, r21
    6954:	59 f0       	breq	.+22     	; 0x696c <__fp_splitA+0x10>
    6956:	5f 3f       	cpi	r21, 0xFF	; 255
    6958:	71 f0       	breq	.+28     	; 0x6976 <__fp_splitA+0x1a>
    695a:	47 95       	ror	r20

0000695c <__fp_splitA>:
    695c:	88 0f       	add	r24, r24
    695e:	97 fb       	bst	r25, 7
    6960:	99 1f       	adc	r25, r25
    6962:	61 f0       	breq	.+24     	; 0x697c <__fp_splitA+0x20>
    6964:	9f 3f       	cpi	r25, 0xFF	; 255
    6966:	79 f0       	breq	.+30     	; 0x6986 <__fp_splitA+0x2a>
    6968:	87 95       	ror	r24
    696a:	08 95       	ret
    696c:	12 16       	cp	r1, r18
    696e:	13 06       	cpc	r1, r19
    6970:	14 06       	cpc	r1, r20
    6972:	55 1f       	adc	r21, r21
    6974:	f2 cf       	rjmp	.-28     	; 0x695a <__fp_split3+0xe>
    6976:	46 95       	lsr	r20
    6978:	f1 df       	rcall	.-30     	; 0x695c <__fp_splitA>
    697a:	08 c0       	rjmp	.+16     	; 0x698c <__fp_splitA+0x30>
    697c:	16 16       	cp	r1, r22
    697e:	17 06       	cpc	r1, r23
    6980:	18 06       	cpc	r1, r24
    6982:	99 1f       	adc	r25, r25
    6984:	f1 cf       	rjmp	.-30     	; 0x6968 <__fp_splitA+0xc>
    6986:	86 95       	lsr	r24
    6988:	71 05       	cpc	r23, r1
    698a:	61 05       	cpc	r22, r1
    698c:	08 94       	sec
    698e:	08 95       	ret

00006990 <__fp_zero>:
__fp_zero():
    6990:	e8 94       	clt

00006992 <__fp_szero>:
    6992:	bb 27       	eor	r27, r27
    6994:	66 27       	eor	r22, r22
    6996:	77 27       	eor	r23, r23
    6998:	cb 01       	movw	r24, r22
    699a:	97 f9       	bld	r25, 7
    699c:	08 95       	ret

0000699e <__gesf2>:
__gesf2():
    699e:	0e 94 5a 34 	call	0x68b4	; 0x68b4 <__fp_cmp>
    69a2:	08 f4       	brcc	.+2      	; 0x69a6 <__gesf2+0x8>
    69a4:	8f ef       	ldi	r24, 0xFF	; 255
    69a6:	08 95       	ret

000069a8 <__mulsf3>:
__mulsf3():
    69a8:	0e 94 e7 34 	call	0x69ce	; 0x69ce <__mulsf3x>
    69ac:	0c 94 95 34 	jmp	0x692a	; 0x692a <__fp_round>
    69b0:	0e 94 87 34 	call	0x690e	; 0x690e <__fp_pscA>
    69b4:	38 f0       	brcs	.+14     	; 0x69c4 <__mulsf3+0x1c>
    69b6:	0e 94 8e 34 	call	0x691c	; 0x691c <__fp_pscB>
    69ba:	20 f0       	brcs	.+8      	; 0x69c4 <__mulsf3+0x1c>
    69bc:	95 23       	and	r25, r21
    69be:	11 f0       	breq	.+4      	; 0x69c4 <__mulsf3+0x1c>
    69c0:	0c 94 7e 34 	jmp	0x68fc	; 0x68fc <__fp_inf>
    69c4:	0c 94 84 34 	jmp	0x6908	; 0x6908 <__fp_nan>
    69c8:	11 24       	eor	r1, r1
    69ca:	0c 94 c9 34 	jmp	0x6992	; 0x6992 <__fp_szero>

000069ce <__mulsf3x>:
__mulsf3x():
    69ce:	0e 94 a6 34 	call	0x694c	; 0x694c <__fp_split3>
    69d2:	70 f3       	brcs	.-36     	; 0x69b0 <__mulsf3+0x8>

000069d4 <__mulsf3_pse>:
    69d4:	95 9f       	mul	r25, r21
    69d6:	c1 f3       	breq	.-16     	; 0x69c8 <__mulsf3+0x20>
    69d8:	95 0f       	add	r25, r21
    69da:	50 e0       	ldi	r21, 0x00	; 0
    69dc:	55 1f       	adc	r21, r21
    69de:	62 9f       	mul	r22, r18
    69e0:	f0 01       	movw	r30, r0
    69e2:	72 9f       	mul	r23, r18
    69e4:	bb 27       	eor	r27, r27
    69e6:	f0 0d       	add	r31, r0
    69e8:	b1 1d       	adc	r27, r1
    69ea:	63 9f       	mul	r22, r19
    69ec:	aa 27       	eor	r26, r26
    69ee:	f0 0d       	add	r31, r0
    69f0:	b1 1d       	adc	r27, r1
    69f2:	aa 1f       	adc	r26, r26
    69f4:	64 9f       	mul	r22, r20
    69f6:	66 27       	eor	r22, r22
    69f8:	b0 0d       	add	r27, r0
    69fa:	a1 1d       	adc	r26, r1
    69fc:	66 1f       	adc	r22, r22
    69fe:	82 9f       	mul	r24, r18
    6a00:	22 27       	eor	r18, r18
    6a02:	b0 0d       	add	r27, r0
    6a04:	a1 1d       	adc	r26, r1
    6a06:	62 1f       	adc	r22, r18
    6a08:	73 9f       	mul	r23, r19
    6a0a:	b0 0d       	add	r27, r0
    6a0c:	a1 1d       	adc	r26, r1
    6a0e:	62 1f       	adc	r22, r18
    6a10:	83 9f       	mul	r24, r19
    6a12:	a0 0d       	add	r26, r0
    6a14:	61 1d       	adc	r22, r1
    6a16:	22 1f       	adc	r18, r18
    6a18:	74 9f       	mul	r23, r20
    6a1a:	33 27       	eor	r19, r19
    6a1c:	a0 0d       	add	r26, r0
    6a1e:	61 1d       	adc	r22, r1
    6a20:	23 1f       	adc	r18, r19
    6a22:	84 9f       	mul	r24, r20
    6a24:	60 0d       	add	r22, r0
    6a26:	21 1d       	adc	r18, r1
    6a28:	82 2f       	mov	r24, r18
    6a2a:	76 2f       	mov	r23, r22
    6a2c:	6a 2f       	mov	r22, r26
    6a2e:	11 24       	eor	r1, r1
    6a30:	9f 57       	subi	r25, 0x7F	; 127
    6a32:	50 40       	sbci	r21, 0x00	; 0
    6a34:	9a f0       	brmi	.+38     	; 0x6a5c <__mulsf3_pse+0x88>
    6a36:	f1 f0       	breq	.+60     	; 0x6a74 <__mulsf3_pse+0xa0>
    6a38:	88 23       	and	r24, r24
    6a3a:	4a f0       	brmi	.+18     	; 0x6a4e <__mulsf3_pse+0x7a>
    6a3c:	ee 0f       	add	r30, r30
    6a3e:	ff 1f       	adc	r31, r31
    6a40:	bb 1f       	adc	r27, r27
    6a42:	66 1f       	adc	r22, r22
    6a44:	77 1f       	adc	r23, r23
    6a46:	88 1f       	adc	r24, r24
    6a48:	91 50       	subi	r25, 0x01	; 1
    6a4a:	50 40       	sbci	r21, 0x00	; 0
    6a4c:	a9 f7       	brne	.-22     	; 0x6a38 <__mulsf3_pse+0x64>
    6a4e:	9e 3f       	cpi	r25, 0xFE	; 254
    6a50:	51 05       	cpc	r21, r1
    6a52:	80 f0       	brcs	.+32     	; 0x6a74 <__mulsf3_pse+0xa0>
    6a54:	0c 94 7e 34 	jmp	0x68fc	; 0x68fc <__fp_inf>
    6a58:	0c 94 c9 34 	jmp	0x6992	; 0x6992 <__fp_szero>
    6a5c:	5f 3f       	cpi	r21, 0xFF	; 255
    6a5e:	e4 f3       	brlt	.-8      	; 0x6a58 <__mulsf3_pse+0x84>
    6a60:	98 3e       	cpi	r25, 0xE8	; 232
    6a62:	d4 f3       	brlt	.-12     	; 0x6a58 <__mulsf3_pse+0x84>
    6a64:	86 95       	lsr	r24
    6a66:	77 95       	ror	r23
    6a68:	67 95       	ror	r22
    6a6a:	b7 95       	ror	r27
    6a6c:	f7 95       	ror	r31
    6a6e:	e7 95       	ror	r30
    6a70:	9f 5f       	subi	r25, 0xFF	; 255
    6a72:	c1 f7       	brne	.-16     	; 0x6a64 <__mulsf3_pse+0x90>
    6a74:	fe 2b       	or	r31, r30
    6a76:	88 0f       	add	r24, r24
    6a78:	91 1d       	adc	r25, r1
    6a7a:	96 95       	lsr	r25
    6a7c:	87 95       	ror	r24
    6a7e:	97 f9       	bld	r25, 7
    6a80:	08 95       	ret
    6a82:	19 f4       	brne	.+6      	; 0x6a8a <__mulsf3_pse+0xb6>
    6a84:	16 f4       	brtc	.+4      	; 0x6a8a <__mulsf3_pse+0xb6>
    6a86:	0c 94 84 34 	jmp	0x6908	; 0x6908 <__fp_nan>
    6a8a:	0c 94 8c 35 	jmp	0x6b18	; 0x6b18 <__fp_mpack>

00006a8e <sqrt>:
    6a8e:	0e 94 ae 34 	call	0x695c	; 0x695c <__fp_splitA>
    6a92:	b8 f3       	brcs	.-18     	; 0x6a82 <__mulsf3_pse+0xae>
    6a94:	99 23       	and	r25, r25
    6a96:	c9 f3       	breq	.-14     	; 0x6a8a <__mulsf3_pse+0xb6>
    6a98:	b6 f3       	brts	.-20     	; 0x6a86 <__mulsf3_pse+0xb2>
    6a9a:	9f 57       	subi	r25, 0x7F	; 127
    6a9c:	55 0b       	sbc	r21, r21
    6a9e:	87 ff       	sbrs	r24, 7
sqrt():
    6aa0:	0e 94 9a 35 	call	0x6b34	; 0x6b34 <__fp_norm2>
    6aa4:	00 24       	eor	r0, r0
    6aa6:	a0 e6       	ldi	r26, 0x60	; 96
    6aa8:	40 ea       	ldi	r20, 0xA0	; 160
    6aaa:	90 01       	movw	r18, r0
    6aac:	80 58       	subi	r24, 0x80	; 128
    6aae:	56 95       	lsr	r21
    6ab0:	97 95       	ror	r25
    6ab2:	28 f4       	brcc	.+10     	; 0x6abe <sqrt+0x30>
    6ab4:	80 5c       	subi	r24, 0xC0	; 192
    6ab6:	66 0f       	add	r22, r22
    6ab8:	77 1f       	adc	r23, r23
    6aba:	88 1f       	adc	r24, r24
    6abc:	20 f0       	brcs	.+8      	; 0x6ac6 <sqrt+0x38>
    6abe:	26 17       	cp	r18, r22
    6ac0:	37 07       	cpc	r19, r23
    6ac2:	48 07       	cpc	r20, r24
    6ac4:	30 f4       	brcc	.+12     	; 0x6ad2 <sqrt+0x44>
    6ac6:	62 1b       	sub	r22, r18
    6ac8:	73 0b       	sbc	r23, r19
    6aca:	84 0b       	sbc	r24, r20
    6acc:	20 29       	or	r18, r0
    6ace:	31 29       	or	r19, r1
    6ad0:	4a 2b       	or	r20, r26
    6ad2:	a6 95       	lsr	r26
    6ad4:	17 94       	ror	r1
    6ad6:	07 94       	ror	r0
    6ad8:	20 25       	eor	r18, r0
    6ada:	31 25       	eor	r19, r1
    6adc:	4a 27       	eor	r20, r26
    6ade:	58 f7       	brcc	.-42     	; 0x6ab6 <sqrt+0x28>
    6ae0:	66 0f       	add	r22, r22
    6ae2:	77 1f       	adc	r23, r23
    6ae4:	88 1f       	adc	r24, r24
    6ae6:	20 f0       	brcs	.+8      	; 0x6af0 <sqrt+0x62>
    6ae8:	26 17       	cp	r18, r22
    6aea:	37 07       	cpc	r19, r23
    6aec:	48 07       	cpc	r20, r24
    6aee:	30 f4       	brcc	.+12     	; 0x6afc <sqrt+0x6e>
    6af0:	62 0b       	sbc	r22, r18
    6af2:	73 0b       	sbc	r23, r19
    6af4:	84 0b       	sbc	r24, r20
    6af6:	20 0d       	add	r18, r0
    6af8:	31 1d       	adc	r19, r1
    6afa:	41 1d       	adc	r20, r1
    6afc:	a0 95       	com	r26
    6afe:	81 f7       	brne	.-32     	; 0x6ae0 <sqrt+0x52>
    6b00:	b9 01       	movw	r22, r18
    6b02:	84 2f       	mov	r24, r20
    6b04:	91 58       	subi	r25, 0x81	; 129
    6b06:	88 0f       	add	r24, r24
    6b08:	96 95       	lsr	r25
    6b0a:	87 95       	ror	r24
    6b0c:	08 95       	ret

00006b0e <__unordsf2>:
    6b0e:	0e 94 5a 34 	call	0x68b4	; 0x68b4 <__fp_cmp>
    6b12:	88 0b       	sbc	r24, r24
    6b14:	99 0b       	sbc	r25, r25
    6b16:	08 95       	ret

00006b18 <__fp_mpack>:
    6b18:	9f 3f       	cpi	r25, 0xFF	; 255
__fp_mpack():
    6b1a:	31 f0       	breq	.+12     	; 0x6b28 <__fp_mpack_finite+0xc>

00006b1c <__fp_mpack_finite>:
    6b1c:	91 50       	subi	r25, 0x01	; 1
    6b1e:	20 f4       	brcc	.+8      	; 0x6b28 <__fp_mpack_finite+0xc>
    6b20:	87 95       	ror	r24
    6b22:	77 95       	ror	r23
    6b24:	67 95       	ror	r22
    6b26:	b7 95       	ror	r27
    6b28:	88 0f       	add	r24, r24
    6b2a:	91 1d       	adc	r25, r1
    6b2c:	96 95       	lsr	r25
    6b2e:	87 95       	ror	r24
    6b30:	97 f9       	bld	r25, 7
    6b32:	08 95       	ret

00006b34 <__fp_norm2>:
__fp_norm2():
    6b34:	91 50       	subi	r25, 0x01	; 1
    6b36:	50 40       	sbci	r21, 0x00	; 0
    6b38:	66 0f       	add	r22, r22
    6b3a:	77 1f       	adc	r23, r23
    6b3c:	88 1f       	adc	r24, r24
    6b3e:	d2 f7       	brpl	.-12     	; 0x6b34 <__fp_norm2>
    6b40:	08 95       	ret

00006b42 <__mulsi3>:
__mulsi3():
/Users/jenkins/jenkins/workspace/avr-gcc-staging/label/mac-mini/gcc-build/avr/avr51/libgcc/../../../../gcc/libgcc/config/avr/lib1funcs.S:648
    6b42:	db 01       	movw	r26, r22
/Users/jenkins/jenkins/workspace/avr-gcc-staging/label/mac-mini/gcc-build/avr/avr51/libgcc/../../../../gcc/libgcc/config/avr/lib1funcs.S:649
    6b44:	8f 93       	push	r24
/Users/jenkins/jenkins/workspace/avr-gcc-staging/label/mac-mini/gcc-build/avr/avr51/libgcc/../../../../gcc/libgcc/config/avr/lib1funcs.S:650
    6b46:	9f 93       	push	r25
/Users/jenkins/jenkins/workspace/avr-gcc-staging/label/mac-mini/gcc-build/avr/avr51/libgcc/../../../../gcc/libgcc/config/avr/lib1funcs.S:651
    6b48:	0e 94 3e 36 	call	0x6c7c	; 0x6c7c <__muluhisi3>
/Users/jenkins/jenkins/workspace/avr-gcc-staging/label/mac-mini/gcc-build/avr/avr51/libgcc/../../../../gcc/libgcc/config/avr/lib1funcs.S:652
    6b4c:	bf 91       	pop	r27
/Users/jenkins/jenkins/workspace/avr-gcc-staging/label/mac-mini/gcc-build/avr/avr51/libgcc/../../../../gcc/libgcc/config/avr/lib1funcs.S:653
    6b4e:	af 91       	pop	r26
/Users/jenkins/jenkins/workspace/avr-gcc-staging/label/mac-mini/gcc-build/avr/avr51/libgcc/../../../../gcc/libgcc/config/avr/lib1funcs.S:655
    6b50:	a2 9f       	mul	r26, r18
/Users/jenkins/jenkins/workspace/avr-gcc-staging/label/mac-mini/gcc-build/avr/avr51/libgcc/../../../../gcc/libgcc/config/avr/lib1funcs.S:656
    6b52:	80 0d       	add	r24, r0
/Users/jenkins/jenkins/workspace/avr-gcc-staging/label/mac-mini/gcc-build/avr/avr51/libgcc/../../../../gcc/libgcc/config/avr/lib1funcs.S:657
    6b54:	91 1d       	adc	r25, r1
/Users/jenkins/jenkins/workspace/avr-gcc-staging/label/mac-mini/gcc-build/avr/avr51/libgcc/../../../../gcc/libgcc/config/avr/lib1funcs.S:658
    6b56:	a3 9f       	mul	r26, r19
/Users/jenkins/jenkins/workspace/avr-gcc-staging/label/mac-mini/gcc-build/avr/avr51/libgcc/../../../../gcc/libgcc/config/avr/lib1funcs.S:659
    6b58:	90 0d       	add	r25, r0
/Users/jenkins/jenkins/workspace/avr-gcc-staging/label/mac-mini/gcc-build/avr/avr51/libgcc/../../../../gcc/libgcc/config/avr/lib1funcs.S:660
    6b5a:	b2 9f       	mul	r27, r18
/Users/jenkins/jenkins/workspace/avr-gcc-staging/label/mac-mini/gcc-build/avr/avr51/libgcc/../../../../gcc/libgcc/config/avr/lib1funcs.S:661
    6b5c:	90 0d       	add	r25, r0
/Users/jenkins/jenkins/workspace/avr-gcc-staging/label/mac-mini/gcc-build/avr/avr51/libgcc/../../../../gcc/libgcc/config/avr/lib1funcs.S:662
    6b5e:	11 24       	eor	r1, r1
/Users/jenkins/jenkins/workspace/avr-gcc-staging/label/mac-mini/gcc-build/avr/avr51/libgcc/../../../../gcc/libgcc/config/avr/lib1funcs.S:663
    6b60:	08 95       	ret

00006b62 <__udivmodqi4>:
__udivmodqi4():
/Users/jenkins/jenkins/workspace/avr-gcc-staging/label/mac-mini/gcc-build/avr/avr51/libgcc/../../../../gcc/libgcc/config/avr/lib1funcs.S:1346
    6b62:	99 1b       	sub	r25, r25
/Users/jenkins/jenkins/workspace/avr-gcc-staging/label/mac-mini/gcc-build/avr/avr51/libgcc/../../../../gcc/libgcc/config/avr/lib1funcs.S:1347
    6b64:	79 e0       	ldi	r23, 0x09	; 9
/Users/jenkins/jenkins/workspace/avr-gcc-staging/label/mac-mini/gcc-build/avr/avr51/libgcc/../../../../gcc/libgcc/config/avr/lib1funcs.S:1348
    6b66:	04 c0       	rjmp	.+8      	; 0x6b70 <__udivmodqi4_ep>

00006b68 <__udivmodqi4_loop>:
/Users/jenkins/jenkins/workspace/avr-gcc-staging/label/mac-mini/gcc-build/avr/avr51/libgcc/../../../../gcc/libgcc/config/avr/lib1funcs.S:1350
    6b68:	99 1f       	adc	r25, r25
/Users/jenkins/jenkins/workspace/avr-gcc-staging/label/mac-mini/gcc-build/avr/avr51/libgcc/../../../../gcc/libgcc/config/avr/lib1funcs.S:1351
    6b6a:	96 17       	cp	r25, r22
/Users/jenkins/jenkins/workspace/avr-gcc-staging/label/mac-mini/gcc-build/avr/avr51/libgcc/../../../../gcc/libgcc/config/avr/lib1funcs.S:1352
    6b6c:	08 f0       	brcs	.+2      	; 0x6b70 <__udivmodqi4_ep>
/Users/jenkins/jenkins/workspace/avr-gcc-staging/label/mac-mini/gcc-build/avr/avr51/libgcc/../../../../gcc/libgcc/config/avr/lib1funcs.S:1353
    6b6e:	96 1b       	sub	r25, r22

00006b70 <__udivmodqi4_ep>:
/Users/jenkins/jenkins/workspace/avr-gcc-staging/label/mac-mini/gcc-build/avr/avr51/libgcc/../../../../gcc/libgcc/config/avr/lib1funcs.S:1355
    6b70:	88 1f       	adc	r24, r24
/Users/jenkins/jenkins/workspace/avr-gcc-staging/label/mac-mini/gcc-build/avr/avr51/libgcc/../../../../gcc/libgcc/config/avr/lib1funcs.S:1356
    6b72:	7a 95       	dec	r23
/Users/jenkins/jenkins/workspace/avr-gcc-staging/label/mac-mini/gcc-build/avr/avr51/libgcc/../../../../gcc/libgcc/config/avr/lib1funcs.S:1357
    6b74:	c9 f7       	brne	.-14     	; 0x6b68 <__udivmodqi4_loop>
/Users/jenkins/jenkins/workspace/avr-gcc-staging/label/mac-mini/gcc-build/avr/avr51/libgcc/../../../../gcc/libgcc/config/avr/lib1funcs.S:1358
    6b76:	80 95       	com	r24
/Users/jenkins/jenkins/workspace/avr-gcc-staging/label/mac-mini/gcc-build/avr/avr51/libgcc/../../../../gcc/libgcc/config/avr/lib1funcs.S:1360
    6b78:	08 95       	ret

00006b7a <__udivmodhi4>:
__udivmodhi4():
/Users/jenkins/jenkins/workspace/avr-gcc-staging/label/mac-mini/gcc-build/avr/avr51/libgcc/../../../../gcc/libgcc/config/avr/lib1funcs.S:1408
    6b7a:	aa 1b       	sub	r26, r26
/Users/jenkins/jenkins/workspace/avr-gcc-staging/label/mac-mini/gcc-build/avr/avr51/libgcc/../../../../gcc/libgcc/config/avr/lib1funcs.S:1409
    6b7c:	bb 1b       	sub	r27, r27
/Users/jenkins/jenkins/workspace/avr-gcc-staging/label/mac-mini/gcc-build/avr/avr51/libgcc/../../../../gcc/libgcc/config/avr/lib1funcs.S:1410
    6b7e:	51 e1       	ldi	r21, 0x11	; 17
/Users/jenkins/jenkins/workspace/avr-gcc-staging/label/mac-mini/gcc-build/avr/avr51/libgcc/../../../../gcc/libgcc/config/avr/lib1funcs.S:1411
    6b80:	07 c0       	rjmp	.+14     	; 0x6b90 <__udivmodhi4_ep>

00006b82 <__udivmodhi4_loop>:
/Users/jenkins/jenkins/workspace/avr-gcc-staging/label/mac-mini/gcc-build/avr/avr51/libgcc/../../../../gcc/libgcc/config/avr/lib1funcs.S:1413
    6b82:	aa 1f       	adc	r26, r26
/Users/jenkins/jenkins/workspace/avr-gcc-staging/label/mac-mini/gcc-build/avr/avr51/libgcc/../../../../gcc/libgcc/config/avr/lib1funcs.S:1414
    6b84:	bb 1f       	adc	r27, r27
/Users/jenkins/jenkins/workspace/avr-gcc-staging/label/mac-mini/gcc-build/avr/avr51/libgcc/../../../../gcc/libgcc/config/avr/lib1funcs.S:1415
    6b86:	a6 17       	cp	r26, r22
/Users/jenkins/jenkins/workspace/avr-gcc-staging/label/mac-mini/gcc-build/avr/avr51/libgcc/../../../../gcc/libgcc/config/avr/lib1funcs.S:1416
    6b88:	b7 07       	cpc	r27, r23
/Users/jenkins/jenkins/workspace/avr-gcc-staging/label/mac-mini/gcc-build/avr/avr51/libgcc/../../../../gcc/libgcc/config/avr/lib1funcs.S:1417
    6b8a:	10 f0       	brcs	.+4      	; 0x6b90 <__udivmodhi4_ep>
/Users/jenkins/jenkins/workspace/avr-gcc-staging/label/mac-mini/gcc-build/avr/avr51/libgcc/../../../../gcc/libgcc/config/avr/lib1funcs.S:1418
    6b8c:	a6 1b       	sub	r26, r22
/Users/jenkins/jenkins/workspace/avr-gcc-staging/label/mac-mini/gcc-build/avr/avr51/libgcc/../../../../gcc/libgcc/config/avr/lib1funcs.S:1419
    6b8e:	b7 0b       	sbc	r27, r23

00006b90 <__udivmodhi4_ep>:
/Users/jenkins/jenkins/workspace/avr-gcc-staging/label/mac-mini/gcc-build/avr/avr51/libgcc/../../../../gcc/libgcc/config/avr/lib1funcs.S:1421
    6b90:	88 1f       	adc	r24, r24
/Users/jenkins/jenkins/workspace/avr-gcc-staging/label/mac-mini/gcc-build/avr/avr51/libgcc/../../../../gcc/libgcc/config/avr/lib1funcs.S:1422
    6b92:	99 1f       	adc	r25, r25
/Users/jenkins/jenkins/workspace/avr-gcc-staging/label/mac-mini/gcc-build/avr/avr51/libgcc/../../../../gcc/libgcc/config/avr/lib1funcs.S:1423
    6b94:	5a 95       	dec	r21
/Users/jenkins/jenkins/workspace/avr-gcc-staging/label/mac-mini/gcc-build/avr/avr51/libgcc/../../../../gcc/libgcc/config/avr/lib1funcs.S:1424
    6b96:	a9 f7       	brne	.-22     	; 0x6b82 <__udivmodhi4_loop>
/Users/jenkins/jenkins/workspace/avr-gcc-staging/label/mac-mini/gcc-build/avr/avr51/libgcc/../../../../gcc/libgcc/config/avr/lib1funcs.S:1425
    6b98:	80 95       	com	r24
/Users/jenkins/jenkins/workspace/avr-gcc-staging/label/mac-mini/gcc-build/avr/avr51/libgcc/../../../../gcc/libgcc/config/avr/lib1funcs.S:1426
    6b9a:	90 95       	com	r25
/Users/jenkins/jenkins/workspace/avr-gcc-staging/label/mac-mini/gcc-build/avr/avr51/libgcc/../../../../gcc/libgcc/config/avr/lib1funcs.S:1428
    6b9c:	bc 01       	movw	r22, r24
/Users/jenkins/jenkins/workspace/avr-gcc-staging/label/mac-mini/gcc-build/avr/avr51/libgcc/../../../../gcc/libgcc/config/avr/lib1funcs.S:1430
    6b9e:	cd 01       	movw	r24, r26
/Users/jenkins/jenkins/workspace/avr-gcc-staging/label/mac-mini/gcc-build/avr/avr51/libgcc/../../../../gcc/libgcc/config/avr/lib1funcs.S:1432
    6ba0:	08 95       	ret

00006ba2 <__divmodhi4>:
__divmodhi4():
/Users/jenkins/jenkins/workspace/avr-gcc-staging/label/mac-mini/gcc-build/avr/avr51/libgcc/../../../../gcc/libgcc/config/avr/lib1funcs.S:1440
    6ba2:	97 fb       	bst	r25, 7
/Users/jenkins/jenkins/workspace/avr-gcc-staging/label/mac-mini/gcc-build/avr/avr51/libgcc/../../../../gcc/libgcc/config/avr/lib1funcs.S:1441
    6ba4:	07 2e       	mov	r0, r23
/Users/jenkins/jenkins/workspace/avr-gcc-staging/label/mac-mini/gcc-build/avr/avr51/libgcc/../../../../gcc/libgcc/config/avr/lib1funcs.S:1442
    6ba6:	16 f4       	brtc	.+4      	; 0x6bac <__divmodhi4+0xa>
/Users/jenkins/jenkins/workspace/avr-gcc-staging/label/mac-mini/gcc-build/avr/avr51/libgcc/../../../../gcc/libgcc/config/avr/lib1funcs.S:1443
    6ba8:	00 94       	com	r0
/Users/jenkins/jenkins/workspace/avr-gcc-staging/label/mac-mini/gcc-build/avr/avr51/libgcc/../../../../gcc/libgcc/config/avr/lib1funcs.S:1444
    6baa:	07 d0       	rcall	.+14     	; 0x6bba <__divmodhi4_neg1>
/Users/jenkins/jenkins/workspace/avr-gcc-staging/label/mac-mini/gcc-build/avr/avr51/libgcc/../../../../gcc/libgcc/config/avr/lib1funcs.S:1446
    6bac:	77 fd       	sbrc	r23, 7
/Users/jenkins/jenkins/workspace/avr-gcc-staging/label/mac-mini/gcc-build/avr/avr51/libgcc/../../../../gcc/libgcc/config/avr/lib1funcs.S:1447
    6bae:	09 d0       	rcall	.+18     	; 0x6bc2 <__divmodhi4_neg2>
/Users/jenkins/jenkins/workspace/avr-gcc-staging/label/mac-mini/gcc-build/avr/avr51/libgcc/../../../../gcc/libgcc/config/avr/lib1funcs.S:1448
    6bb0:	0e 94 bd 35 	call	0x6b7a	; 0x6b7a <__udivmodhi4>
/Users/jenkins/jenkins/workspace/avr-gcc-staging/label/mac-mini/gcc-build/avr/avr51/libgcc/../../../../gcc/libgcc/config/avr/lib1funcs.S:1449
    6bb4:	07 fc       	sbrc	r0, 7
/Users/jenkins/jenkins/workspace/avr-gcc-staging/label/mac-mini/gcc-build/avr/avr51/libgcc/../../../../gcc/libgcc/config/avr/lib1funcs.S:1450
    6bb6:	05 d0       	rcall	.+10     	; 0x6bc2 <__divmodhi4_neg2>
/Users/jenkins/jenkins/workspace/avr-gcc-staging/label/mac-mini/gcc-build/avr/avr51/libgcc/../../../../gcc/libgcc/config/avr/lib1funcs.S:1451
    6bb8:	3e f4       	brtc	.+14     	; 0x6bc8 <__divmodhi4_exit>

00006bba <__divmodhi4_neg1>:
/Users/jenkins/jenkins/workspace/avr-gcc-staging/label/mac-mini/gcc-build/avr/avr51/libgcc/../../../../gcc/libgcc/config/avr/lib1funcs.S:1454
    6bba:	90 95       	com	r25
/Users/jenkins/jenkins/workspace/avr-gcc-staging/label/mac-mini/gcc-build/avr/avr51/libgcc/../../../../gcc/libgcc/config/avr/lib1funcs.S:1455
    6bbc:	81 95       	neg	r24
/Users/jenkins/jenkins/workspace/avr-gcc-staging/label/mac-mini/gcc-build/avr/avr51/libgcc/../../../../gcc/libgcc/config/avr/lib1funcs.S:1456
    6bbe:	9f 4f       	sbci	r25, 0xFF	; 255
/Users/jenkins/jenkins/workspace/avr-gcc-staging/label/mac-mini/gcc-build/avr/avr51/libgcc/../../../../gcc/libgcc/config/avr/lib1funcs.S:1457
    6bc0:	08 95       	ret

00006bc2 <__divmodhi4_neg2>:
/Users/jenkins/jenkins/workspace/avr-gcc-staging/label/mac-mini/gcc-build/avr/avr51/libgcc/../../../../gcc/libgcc/config/avr/lib1funcs.S:1460
    6bc2:	70 95       	com	r23
/Users/jenkins/jenkins/workspace/avr-gcc-staging/label/mac-mini/gcc-build/avr/avr51/libgcc/../../../../gcc/libgcc/config/avr/lib1funcs.S:1461
    6bc4:	61 95       	neg	r22
/Users/jenkins/jenkins/workspace/avr-gcc-staging/label/mac-mini/gcc-build/avr/avr51/libgcc/../../../../gcc/libgcc/config/avr/lib1funcs.S:1462
    6bc6:	7f 4f       	sbci	r23, 0xFF	; 255

00006bc8 <__divmodhi4_exit>:
/Users/jenkins/jenkins/workspace/avr-gcc-staging/label/mac-mini/gcc-build/avr/avr51/libgcc/../../../../gcc/libgcc/config/avr/lib1funcs.S:1464
    6bc8:	08 95       	ret

00006bca <__udivmodsi4>:
__udivmodsi4():
/Users/jenkins/jenkins/workspace/avr-gcc-staging/label/mac-mini/gcc-build/avr/avr51/libgcc/../../../../gcc/libgcc/config/avr/lib1funcs.S:1638
    6bca:	a1 e2       	ldi	r26, 0x21	; 33
/Users/jenkins/jenkins/workspace/avr-gcc-staging/label/mac-mini/gcc-build/avr/avr51/libgcc/../../../../gcc/libgcc/config/avr/lib1funcs.S:1639
    6bcc:	1a 2e       	mov	r1, r26
/Users/jenkins/jenkins/workspace/avr-gcc-staging/label/mac-mini/gcc-build/avr/avr51/libgcc/../../../../gcc/libgcc/config/avr/lib1funcs.S:1640
    6bce:	aa 1b       	sub	r26, r26
/Users/jenkins/jenkins/workspace/avr-gcc-staging/label/mac-mini/gcc-build/avr/avr51/libgcc/../../../../gcc/libgcc/config/avr/lib1funcs.S:1641
    6bd0:	bb 1b       	sub	r27, r27
/Users/jenkins/jenkins/workspace/avr-gcc-staging/label/mac-mini/gcc-build/avr/avr51/libgcc/../../../../gcc/libgcc/config/avr/lib1funcs.S:1642
    6bd2:	fd 01       	movw	r30, r26
/Users/jenkins/jenkins/workspace/avr-gcc-staging/label/mac-mini/gcc-build/avr/avr51/libgcc/../../../../gcc/libgcc/config/avr/lib1funcs.S:1644
    6bd4:	0d c0       	rjmp	.+26     	; 0x6bf0 <__udivmodsi4_ep>

00006bd6 <__udivmodsi4_loop>:
/Users/jenkins/jenkins/workspace/avr-gcc-staging/label/mac-mini/gcc-build/avr/avr51/libgcc/../../../../gcc/libgcc/config/avr/lib1funcs.S:1646
    6bd6:	aa 1f       	adc	r26, r26
/Users/jenkins/jenkins/workspace/avr-gcc-staging/label/mac-mini/gcc-build/avr/avr51/libgcc/../../../../gcc/libgcc/config/avr/lib1funcs.S:1647
    6bd8:	bb 1f       	adc	r27, r27
/Users/jenkins/jenkins/workspace/avr-gcc-staging/label/mac-mini/gcc-build/avr/avr51/libgcc/../../../../gcc/libgcc/config/avr/lib1funcs.S:1648
    6bda:	ee 1f       	adc	r30, r30
/Users/jenkins/jenkins/workspace/avr-gcc-staging/label/mac-mini/gcc-build/avr/avr51/libgcc/../../../../gcc/libgcc/config/avr/lib1funcs.S:1649
    6bdc:	ff 1f       	adc	r31, r31
/Users/jenkins/jenkins/workspace/avr-gcc-staging/label/mac-mini/gcc-build/avr/avr51/libgcc/../../../../gcc/libgcc/config/avr/lib1funcs.S:1650
    6bde:	a2 17       	cp	r26, r18
/Users/jenkins/jenkins/workspace/avr-gcc-staging/label/mac-mini/gcc-build/avr/avr51/libgcc/../../../../gcc/libgcc/config/avr/lib1funcs.S:1651
    6be0:	b3 07       	cpc	r27, r19
/Users/jenkins/jenkins/workspace/avr-gcc-staging/label/mac-mini/gcc-build/avr/avr51/libgcc/../../../../gcc/libgcc/config/avr/lib1funcs.S:1652
    6be2:	e4 07       	cpc	r30, r20
/Users/jenkins/jenkins/workspace/avr-gcc-staging/label/mac-mini/gcc-build/avr/avr51/libgcc/../../../../gcc/libgcc/config/avr/lib1funcs.S:1653
    6be4:	f5 07       	cpc	r31, r21
/Users/jenkins/jenkins/workspace/avr-gcc-staging/label/mac-mini/gcc-build/avr/avr51/libgcc/../../../../gcc/libgcc/config/avr/lib1funcs.S:1654
    6be6:	20 f0       	brcs	.+8      	; 0x6bf0 <__udivmodsi4_ep>
/Users/jenkins/jenkins/workspace/avr-gcc-staging/label/mac-mini/gcc-build/avr/avr51/libgcc/../../../../gcc/libgcc/config/avr/lib1funcs.S:1655
    6be8:	a2 1b       	sub	r26, r18
/Users/jenkins/jenkins/workspace/avr-gcc-staging/label/mac-mini/gcc-build/avr/avr51/libgcc/../../../../gcc/libgcc/config/avr/lib1funcs.S:1656
    6bea:	b3 0b       	sbc	r27, r19
/Users/jenkins/jenkins/workspace/avr-gcc-staging/label/mac-mini/gcc-build/avr/avr51/libgcc/../../../../gcc/libgcc/config/avr/lib1funcs.S:1657
    6bec:	e4 0b       	sbc	r30, r20
/Users/jenkins/jenkins/workspace/avr-gcc-staging/label/mac-mini/gcc-build/avr/avr51/libgcc/../../../../gcc/libgcc/config/avr/lib1funcs.S:1658
    6bee:	f5 0b       	sbc	r31, r21

00006bf0 <__udivmodsi4_ep>:
/Users/jenkins/jenkins/workspace/avr-gcc-staging/label/mac-mini/gcc-build/avr/avr51/libgcc/../../../../gcc/libgcc/config/avr/lib1funcs.S:1660
    6bf0:	66 1f       	adc	r22, r22
/Users/jenkins/jenkins/workspace/avr-gcc-staging/label/mac-mini/gcc-build/avr/avr51/libgcc/../../../../gcc/libgcc/config/avr/lib1funcs.S:1661
    6bf2:	77 1f       	adc	r23, r23
/Users/jenkins/jenkins/workspace/avr-gcc-staging/label/mac-mini/gcc-build/avr/avr51/libgcc/../../../../gcc/libgcc/config/avr/lib1funcs.S:1662
    6bf4:	88 1f       	adc	r24, r24
/Users/jenkins/jenkins/workspace/avr-gcc-staging/label/mac-mini/gcc-build/avr/avr51/libgcc/../../../../gcc/libgcc/config/avr/lib1funcs.S:1663
    6bf6:	99 1f       	adc	r25, r25
/Users/jenkins/jenkins/workspace/avr-gcc-staging/label/mac-mini/gcc-build/avr/avr51/libgcc/../../../../gcc/libgcc/config/avr/lib1funcs.S:1664
    6bf8:	1a 94       	dec	r1
/Users/jenkins/jenkins/workspace/avr-gcc-staging/label/mac-mini/gcc-build/avr/avr51/libgcc/../../../../gcc/libgcc/config/avr/lib1funcs.S:1665
    6bfa:	69 f7       	brne	.-38     	; 0x6bd6 <__udivmodsi4_loop>
/Users/jenkins/jenkins/workspace/avr-gcc-staging/label/mac-mini/gcc-build/avr/avr51/libgcc/../../../../gcc/libgcc/config/avr/lib1funcs.S:1667
    6bfc:	60 95       	com	r22
/Users/jenkins/jenkins/workspace/avr-gcc-staging/label/mac-mini/gcc-build/avr/avr51/libgcc/../../../../gcc/libgcc/config/avr/lib1funcs.S:1668
    6bfe:	70 95       	com	r23
/Users/jenkins/jenkins/workspace/avr-gcc-staging/label/mac-mini/gcc-build/avr/avr51/libgcc/../../../../gcc/libgcc/config/avr/lib1funcs.S:1669
    6c00:	80 95       	com	r24
/Users/jenkins/jenkins/workspace/avr-gcc-staging/label/mac-mini/gcc-build/avr/avr51/libgcc/../../../../gcc/libgcc/config/avr/lib1funcs.S:1670
    6c02:	90 95       	com	r25
/Users/jenkins/jenkins/workspace/avr-gcc-staging/label/mac-mini/gcc-build/avr/avr51/libgcc/../../../../gcc/libgcc/config/avr/lib1funcs.S:1672
    6c04:	9b 01       	movw	r18, r22
/Users/jenkins/jenkins/workspace/avr-gcc-staging/label/mac-mini/gcc-build/avr/avr51/libgcc/../../../../gcc/libgcc/config/avr/lib1funcs.S:1674
    6c06:	ac 01       	movw	r20, r24
/Users/jenkins/jenkins/workspace/avr-gcc-staging/label/mac-mini/gcc-build/avr/avr51/libgcc/../../../../gcc/libgcc/config/avr/lib1funcs.S:1676
    6c08:	bd 01       	movw	r22, r26
/Users/jenkins/jenkins/workspace/avr-gcc-staging/label/mac-mini/gcc-build/avr/avr51/libgcc/../../../../gcc/libgcc/config/avr/lib1funcs.S:1678
    6c0a:	cf 01       	movw	r24, r30
/Users/jenkins/jenkins/workspace/avr-gcc-staging/label/mac-mini/gcc-build/avr/avr51/libgcc/../../../../gcc/libgcc/config/avr/lib1funcs.S:1680
    6c0c:	08 95       	ret

00006c0e <__divmodsi4>:
__divmodsi4():
/Users/jenkins/jenkins/workspace/avr-gcc-staging/label/mac-mini/gcc-build/avr/avr51/libgcc/../../../../gcc/libgcc/config/avr/lib1funcs.S:1686
    6c0e:	05 2e       	mov	r0, r21
/Users/jenkins/jenkins/workspace/avr-gcc-staging/label/mac-mini/gcc-build/avr/avr51/libgcc/../../../../gcc/libgcc/config/avr/lib1funcs.S:1687
    6c10:	97 fb       	bst	r25, 7
/Users/jenkins/jenkins/workspace/avr-gcc-staging/label/mac-mini/gcc-build/avr/avr51/libgcc/../../../../gcc/libgcc/config/avr/lib1funcs.S:1688
    6c12:	1e f4       	brtc	.+6      	; 0x6c1a <__divmodsi4+0xc>
/Users/jenkins/jenkins/workspace/avr-gcc-staging/label/mac-mini/gcc-build/avr/avr51/libgcc/../../../../gcc/libgcc/config/avr/lib1funcs.S:1689
    6c14:	00 94       	com	r0
/Users/jenkins/jenkins/workspace/avr-gcc-staging/label/mac-mini/gcc-build/avr/avr51/libgcc/../../../../gcc/libgcc/config/avr/lib1funcs.S:1690
    6c16:	0e 94 1e 36 	call	0x6c3c	; 0x6c3c <__negsi2>
/Users/jenkins/jenkins/workspace/avr-gcc-staging/label/mac-mini/gcc-build/avr/avr51/libgcc/../../../../gcc/libgcc/config/avr/lib1funcs.S:1692
    6c1a:	57 fd       	sbrc	r21, 7
/Users/jenkins/jenkins/workspace/avr-gcc-staging/label/mac-mini/gcc-build/avr/avr51/libgcc/../../../../gcc/libgcc/config/avr/lib1funcs.S:1693
    6c1c:	07 d0       	rcall	.+14     	; 0x6c2c <__divmodsi4_neg2>
/Users/jenkins/jenkins/workspace/avr-gcc-staging/label/mac-mini/gcc-build/avr/avr51/libgcc/../../../../gcc/libgcc/config/avr/lib1funcs.S:1694
    6c1e:	0e 94 e5 35 	call	0x6bca	; 0x6bca <__udivmodsi4>
/Users/jenkins/jenkins/workspace/avr-gcc-staging/label/mac-mini/gcc-build/avr/avr51/libgcc/../../../../gcc/libgcc/config/avr/lib1funcs.S:1695
    6c22:	07 fc       	sbrc	r0, 7
/Users/jenkins/jenkins/workspace/avr-gcc-staging/label/mac-mini/gcc-build/avr/avr51/libgcc/../../../../gcc/libgcc/config/avr/lib1funcs.S:1696
    6c24:	03 d0       	rcall	.+6      	; 0x6c2c <__divmodsi4_neg2>
/Users/jenkins/jenkins/workspace/avr-gcc-staging/label/mac-mini/gcc-build/avr/avr51/libgcc/../../../../gcc/libgcc/config/avr/lib1funcs.S:1697
    6c26:	4e f4       	brtc	.+18     	; 0x6c3a <__divmodsi4_exit>
/Users/jenkins/jenkins/workspace/avr-gcc-staging/label/mac-mini/gcc-build/avr/avr51/libgcc/../../../../gcc/libgcc/config/avr/lib1funcs.S:1698
    6c28:	0c 94 1e 36 	jmp	0x6c3c	; 0x6c3c <__negsi2>

00006c2c <__divmodsi4_neg2>:
/Users/jenkins/jenkins/workspace/avr-gcc-staging/label/mac-mini/gcc-build/avr/avr51/libgcc/../../../../gcc/libgcc/config/avr/lib1funcs.S:1701
    6c2c:	50 95       	com	r21
/Users/jenkins/jenkins/workspace/avr-gcc-staging/label/mac-mini/gcc-build/avr/avr51/libgcc/../../../../gcc/libgcc/config/avr/lib1funcs.S:1702
    6c2e:	40 95       	com	r20
/Users/jenkins/jenkins/workspace/avr-gcc-staging/label/mac-mini/gcc-build/avr/avr51/libgcc/../../../../gcc/libgcc/config/avr/lib1funcs.S:1703
    6c30:	30 95       	com	r19
/Users/jenkins/jenkins/workspace/avr-gcc-staging/label/mac-mini/gcc-build/avr/avr51/libgcc/../../../../gcc/libgcc/config/avr/lib1funcs.S:1704
    6c32:	21 95       	neg	r18
/Users/jenkins/jenkins/workspace/avr-gcc-staging/label/mac-mini/gcc-build/avr/avr51/libgcc/../../../../gcc/libgcc/config/avr/lib1funcs.S:1705
    6c34:	3f 4f       	sbci	r19, 0xFF	; 255
/Users/jenkins/jenkins/workspace/avr-gcc-staging/label/mac-mini/gcc-build/avr/avr51/libgcc/../../../../gcc/libgcc/config/avr/lib1funcs.S:1706
    6c36:	4f 4f       	sbci	r20, 0xFF	; 255
/Users/jenkins/jenkins/workspace/avr-gcc-staging/label/mac-mini/gcc-build/avr/avr51/libgcc/../../../../gcc/libgcc/config/avr/lib1funcs.S:1707
    6c38:	5f 4f       	sbci	r21, 0xFF	; 255

00006c3a <__divmodsi4_exit>:
/Users/jenkins/jenkins/workspace/avr-gcc-staging/label/mac-mini/gcc-build/avr/avr51/libgcc/../../../../gcc/libgcc/config/avr/lib1funcs.S:1709
    6c3a:	08 95       	ret

00006c3c <__negsi2>:
__negsi2():
/Users/jenkins/jenkins/workspace/avr-gcc-staging/label/mac-mini/gcc-build/avr/avr51/libgcc/../../../../gcc/libgcc/config/avr/lib1funcs.S:1718
    6c3c:	90 95       	com	r25
    6c3e:	80 95       	com	r24
    6c40:	70 95       	com	r23
    6c42:	61 95       	neg	r22
    6c44:	7f 4f       	sbci	r23, 0xFF	; 255
    6c46:	8f 4f       	sbci	r24, 0xFF	; 255
    6c48:	9f 4f       	sbci	r25, 0xFF	; 255
/Users/jenkins/jenkins/workspace/avr-gcc-staging/label/mac-mini/gcc-build/avr/avr51/libgcc/../../../../gcc/libgcc/config/avr/lib1funcs.S:1719
    6c4a:	08 95       	ret

00006c4c <__tablejump2__>:
__tablejump2__():
/Users/jenkins/jenkins/workspace/avr-gcc-staging/label/mac-mini/gcc-build/avr/avr51/libgcc/../../../../gcc/libgcc/config/avr/lib1funcs.S:2296
    6c4c:	ee 0f       	add	r30, r30
/Users/jenkins/jenkins/workspace/avr-gcc-staging/label/mac-mini/gcc-build/avr/avr51/libgcc/../../../../gcc/libgcc/config/avr/lib1funcs.S:2297
    6c4e:	ff 1f       	adc	r31, r31
/Users/jenkins/jenkins/workspace/avr-gcc-staging/label/mac-mini/gcc-build/avr/avr51/libgcc/../../../../gcc/libgcc/config/avr/lib1funcs.S:2304
    6c50:	00 24       	eor	r0, r0
/Users/jenkins/jenkins/workspace/avr-gcc-staging/label/mac-mini/gcc-build/avr/avr51/libgcc/../../../../gcc/libgcc/config/avr/lib1funcs.S:2305
    6c52:	00 1c       	adc	r0, r0
/Users/jenkins/jenkins/workspace/avr-gcc-staging/label/mac-mini/gcc-build/avr/avr51/libgcc/../../../../gcc/libgcc/config/avr/lib1funcs.S:2306
    6c54:	0b be       	out	0x3b, r0	; 59
/Users/jenkins/jenkins/workspace/avr-gcc-staging/label/mac-mini/gcc-build/avr/avr51/libgcc/../../../../gcc/libgcc/config/avr/lib1funcs.S:2312
    6c56:	07 90       	elpm	r0, Z+
/Users/jenkins/jenkins/workspace/avr-gcc-staging/label/mac-mini/gcc-build/avr/avr51/libgcc/../../../../gcc/libgcc/config/avr/lib1funcs.S:2313
    6c58:	f6 91       	elpm	r31, Z
/Users/jenkins/jenkins/workspace/avr-gcc-staging/label/mac-mini/gcc-build/avr/avr51/libgcc/../../../../gcc/libgcc/config/avr/lib1funcs.S:2314
    6c5a:	e0 2d       	mov	r30, r0
/Users/jenkins/jenkins/workspace/avr-gcc-staging/label/mac-mini/gcc-build/avr/avr51/libgcc/../../../../gcc/libgcc/config/avr/lib1funcs.S:2319
    6c5c:	09 94       	ijmp

00006c5e <__umulhisi3>:
__umulhisi3():
/Users/jenkins/jenkins/workspace/avr-gcc-staging/label/mac-mini/gcc-build/avr/avr51/libgcc/../../../../gcc/libgcc/config/avr/lib1funcs.S:564
    6c5e:	a2 9f       	mul	r26, r18
/Users/jenkins/jenkins/workspace/avr-gcc-staging/label/mac-mini/gcc-build/avr/avr51/libgcc/../../../../gcc/libgcc/config/avr/lib1funcs.S:565
    6c60:	b0 01       	movw	r22, r0
/Users/jenkins/jenkins/workspace/avr-gcc-staging/label/mac-mini/gcc-build/avr/avr51/libgcc/../../../../gcc/libgcc/config/avr/lib1funcs.S:566
    6c62:	b3 9f       	mul	r27, r19
/Users/jenkins/jenkins/workspace/avr-gcc-staging/label/mac-mini/gcc-build/avr/avr51/libgcc/../../../../gcc/libgcc/config/avr/lib1funcs.S:567
    6c64:	c0 01       	movw	r24, r0
/Users/jenkins/jenkins/workspace/avr-gcc-staging/label/mac-mini/gcc-build/avr/avr51/libgcc/../../../../gcc/libgcc/config/avr/lib1funcs.S:568
    6c66:	a3 9f       	mul	r26, r19
/Users/jenkins/jenkins/workspace/avr-gcc-staging/label/mac-mini/gcc-build/avr/avr51/libgcc/../../../../gcc/libgcc/config/avr/lib1funcs.S:573
    6c68:	70 0d       	add	r23, r0
/Users/jenkins/jenkins/workspace/avr-gcc-staging/label/mac-mini/gcc-build/avr/avr51/libgcc/../../../../gcc/libgcc/config/avr/lib1funcs.S:574
    6c6a:	81 1d       	adc	r24, r1
/Users/jenkins/jenkins/workspace/avr-gcc-staging/label/mac-mini/gcc-build/avr/avr51/libgcc/../../../../gcc/libgcc/config/avr/lib1funcs.S:575
    6c6c:	11 24       	eor	r1, r1
/Users/jenkins/jenkins/workspace/avr-gcc-staging/label/mac-mini/gcc-build/avr/avr51/libgcc/../../../../gcc/libgcc/config/avr/lib1funcs.S:576
    6c6e:	91 1d       	adc	r25, r1
/Users/jenkins/jenkins/workspace/avr-gcc-staging/label/mac-mini/gcc-build/avr/avr51/libgcc/../../../../gcc/libgcc/config/avr/lib1funcs.S:580
    6c70:	b2 9f       	mul	r27, r18
/Users/jenkins/jenkins/workspace/avr-gcc-staging/label/mac-mini/gcc-build/avr/avr51/libgcc/../../../../gcc/libgcc/config/avr/lib1funcs.S:581
    6c72:	70 0d       	add	r23, r0
/Users/jenkins/jenkins/workspace/avr-gcc-staging/label/mac-mini/gcc-build/avr/avr51/libgcc/../../../../gcc/libgcc/config/avr/lib1funcs.S:582
    6c74:	81 1d       	adc	r24, r1
/Users/jenkins/jenkins/workspace/avr-gcc-staging/label/mac-mini/gcc-build/avr/avr51/libgcc/../../../../gcc/libgcc/config/avr/lib1funcs.S:583
    6c76:	11 24       	eor	r1, r1
/Users/jenkins/jenkins/workspace/avr-gcc-staging/label/mac-mini/gcc-build/avr/avr51/libgcc/../../../../gcc/libgcc/config/avr/lib1funcs.S:584
    6c78:	91 1d       	adc	r25, r1
/Users/jenkins/jenkins/workspace/avr-gcc-staging/label/mac-mini/gcc-build/avr/avr51/libgcc/../../../../gcc/libgcc/config/avr/lib1funcs.S:585
    6c7a:	08 95       	ret

00006c7c <__muluhisi3>:
__muluhisi3():
/Users/jenkins/jenkins/workspace/avr-gcc-staging/label/mac-mini/gcc-build/avr/avr51/libgcc/../../../../gcc/libgcc/config/avr/lib1funcs.S:626
    6c7c:	0e 94 2f 36 	call	0x6c5e	; 0x6c5e <__umulhisi3>
/Users/jenkins/jenkins/workspace/avr-gcc-staging/label/mac-mini/gcc-build/avr/avr51/libgcc/../../../../gcc/libgcc/config/avr/lib1funcs.S:627
    6c80:	a5 9f       	mul	r26, r21
/Users/jenkins/jenkins/workspace/avr-gcc-staging/label/mac-mini/gcc-build/avr/avr51/libgcc/../../../../gcc/libgcc/config/avr/lib1funcs.S:628
    6c82:	90 0d       	add	r25, r0
/Users/jenkins/jenkins/workspace/avr-gcc-staging/label/mac-mini/gcc-build/avr/avr51/libgcc/../../../../gcc/libgcc/config/avr/lib1funcs.S:629
    6c84:	b4 9f       	mul	r27, r20
/Users/jenkins/jenkins/workspace/avr-gcc-staging/label/mac-mini/gcc-build/avr/avr51/libgcc/../../../../gcc/libgcc/config/avr/lib1funcs.S:630
    6c86:	90 0d       	add	r25, r0
/Users/jenkins/jenkins/workspace/avr-gcc-staging/label/mac-mini/gcc-build/avr/avr51/libgcc/../../../../gcc/libgcc/config/avr/lib1funcs.S:631
    6c88:	a4 9f       	mul	r26, r20
/Users/jenkins/jenkins/workspace/avr-gcc-staging/label/mac-mini/gcc-build/avr/avr51/libgcc/../../../../gcc/libgcc/config/avr/lib1funcs.S:632
    6c8a:	80 0d       	add	r24, r0
/Users/jenkins/jenkins/workspace/avr-gcc-staging/label/mac-mini/gcc-build/avr/avr51/libgcc/../../../../gcc/libgcc/config/avr/lib1funcs.S:633
    6c8c:	91 1d       	adc	r25, r1
/Users/jenkins/jenkins/workspace/avr-gcc-staging/label/mac-mini/gcc-build/avr/avr51/libgcc/../../../../gcc/libgcc/config/avr/lib1funcs.S:634
    6c8e:	11 24       	eor	r1, r1
/Users/jenkins/jenkins/workspace/avr-gcc-staging/label/mac-mini/gcc-build/avr/avr51/libgcc/../../../../gcc/libgcc/config/avr/lib1funcs.S:635
    6c90:	08 95       	ret

00006c92 <malloc>:
malloc():
    6c92:	0f 93       	push	r16
    6c94:	1f 93       	push	r17
    6c96:	cf 93       	push	r28
    6c98:	df 93       	push	r29
    6c9a:	82 30       	cpi	r24, 0x02	; 2
    6c9c:	91 05       	cpc	r25, r1
    6c9e:	10 f4       	brcc	.+4      	; 0x6ca4 <malloc+0x12>
    6ca0:	82 e0       	ldi	r24, 0x02	; 2
    6ca2:	90 e0       	ldi	r25, 0x00	; 0
    6ca4:	e0 91 06 0b 	lds	r30, 0x0B06	; 0x800b06 <__flp>
    6ca8:	f0 91 07 0b 	lds	r31, 0x0B07	; 0x800b07 <__flp+0x1>
    6cac:	30 e0       	ldi	r19, 0x00	; 0
    6cae:	20 e0       	ldi	r18, 0x00	; 0
    6cb0:	b0 e0       	ldi	r27, 0x00	; 0
    6cb2:	a0 e0       	ldi	r26, 0x00	; 0
    6cb4:	30 97       	sbiw	r30, 0x00	; 0
    6cb6:	99 f4       	brne	.+38     	; 0x6cde <malloc+0x4c>
    6cb8:	21 15       	cp	r18, r1
    6cba:	31 05       	cpc	r19, r1
    6cbc:	09 f4       	brne	.+2      	; 0x6cc0 <malloc+0x2e>
    6cbe:	4a c0       	rjmp	.+148    	; 0x6d54 <malloc+0xc2>
    6cc0:	28 1b       	sub	r18, r24
    6cc2:	39 0b       	sbc	r19, r25
    6cc4:	24 30       	cpi	r18, 0x04	; 4
    6cc6:	31 05       	cpc	r19, r1
    6cc8:	d8 f5       	brcc	.+118    	; 0x6d40 <malloc+0xae>
    6cca:	8a 81       	ldd	r24, Y+2	; 0x02
    6ccc:	9b 81       	ldd	r25, Y+3	; 0x03
    6cce:	61 15       	cp	r22, r1
    6cd0:	71 05       	cpc	r23, r1
    6cd2:	89 f1       	breq	.+98     	; 0x6d36 <malloc+0xa4>
    6cd4:	fb 01       	movw	r30, r22
    6cd6:	93 83       	std	Z+3, r25	; 0x03
    6cd8:	82 83       	std	Z+2, r24	; 0x02
    6cda:	fe 01       	movw	r30, r28
    6cdc:	11 c0       	rjmp	.+34     	; 0x6d00 <malloc+0x6e>
    6cde:	40 81       	ld	r20, Z
    6ce0:	51 81       	ldd	r21, Z+1	; 0x01
    6ce2:	02 81       	ldd	r16, Z+2	; 0x02
    6ce4:	13 81       	ldd	r17, Z+3	; 0x03
    6ce6:	48 17       	cp	r20, r24
    6ce8:	59 07       	cpc	r21, r25
    6cea:	e0 f0       	brcs	.+56     	; 0x6d24 <malloc+0x92>
    6cec:	48 17       	cp	r20, r24
    6cee:	59 07       	cpc	r21, r25
    6cf0:	99 f4       	brne	.+38     	; 0x6d18 <malloc+0x86>
    6cf2:	10 97       	sbiw	r26, 0x00	; 0
    6cf4:	61 f0       	breq	.+24     	; 0x6d0e <malloc+0x7c>
    6cf6:	12 96       	adiw	r26, 0x02	; 2
    6cf8:	0c 93       	st	X, r16
    6cfa:	12 97       	sbiw	r26, 0x02	; 2
    6cfc:	13 96       	adiw	r26, 0x03	; 3
    6cfe:	1c 93       	st	X, r17
    6d00:	32 96       	adiw	r30, 0x02	; 2
    6d02:	cf 01       	movw	r24, r30
    6d04:	df 91       	pop	r29
    6d06:	cf 91       	pop	r28
    6d08:	1f 91       	pop	r17
    6d0a:	0f 91       	pop	r16
    6d0c:	08 95       	ret
    6d0e:	00 93 06 0b 	sts	0x0B06, r16	; 0x800b06 <__flp>
    6d12:	10 93 07 0b 	sts	0x0B07, r17	; 0x800b07 <__flp+0x1>
    6d16:	f4 cf       	rjmp	.-24     	; 0x6d00 <malloc+0x6e>
    6d18:	21 15       	cp	r18, r1
    6d1a:	31 05       	cpc	r19, r1
    6d1c:	51 f0       	breq	.+20     	; 0x6d32 <malloc+0xa0>
    6d1e:	42 17       	cp	r20, r18
    6d20:	53 07       	cpc	r21, r19
    6d22:	38 f0       	brcs	.+14     	; 0x6d32 <malloc+0xa0>
    6d24:	a9 01       	movw	r20, r18
    6d26:	db 01       	movw	r26, r22
    6d28:	9a 01       	movw	r18, r20
    6d2a:	bd 01       	movw	r22, r26
    6d2c:	df 01       	movw	r26, r30
    6d2e:	f8 01       	movw	r30, r16
    6d30:	c1 cf       	rjmp	.-126    	; 0x6cb4 <malloc+0x22>
    6d32:	ef 01       	movw	r28, r30
    6d34:	f9 cf       	rjmp	.-14     	; 0x6d28 <malloc+0x96>
    6d36:	90 93 07 0b 	sts	0x0B07, r25	; 0x800b07 <__flp+0x1>
    6d3a:	80 93 06 0b 	sts	0x0B06, r24	; 0x800b06 <__flp>
    6d3e:	cd cf       	rjmp	.-102    	; 0x6cda <malloc+0x48>
    6d40:	fe 01       	movw	r30, r28
    6d42:	e2 0f       	add	r30, r18
    6d44:	f3 1f       	adc	r31, r19
    6d46:	81 93       	st	Z+, r24
    6d48:	91 93       	st	Z+, r25
    6d4a:	22 50       	subi	r18, 0x02	; 2
    6d4c:	31 09       	sbc	r19, r1
    6d4e:	39 83       	std	Y+1, r19	; 0x01
    6d50:	28 83       	st	Y, r18
    6d52:	d7 cf       	rjmp	.-82     	; 0x6d02 <malloc+0x70>
    6d54:	20 91 04 0b 	lds	r18, 0x0B04	; 0x800b04 <__brkval>
    6d58:	30 91 05 0b 	lds	r19, 0x0B05	; 0x800b05 <__brkval+0x1>
    6d5c:	23 2b       	or	r18, r19
    6d5e:	41 f4       	brne	.+16     	; 0x6d70 <malloc+0xde>
    6d60:	20 91 02 01 	lds	r18, 0x0102	; 0x800102 <__malloc_heap_start>
    6d64:	30 91 03 01 	lds	r19, 0x0103	; 0x800103 <__malloc_heap_start+0x1>
    6d68:	30 93 05 0b 	sts	0x0B05, r19	; 0x800b05 <__brkval+0x1>
    6d6c:	20 93 04 0b 	sts	0x0B04, r18	; 0x800b04 <__brkval>
    6d70:	20 91 00 01 	lds	r18, 0x0100	; 0x800100 <__DATA_REGION_ORIGIN__>
    6d74:	30 91 01 01 	lds	r19, 0x0101	; 0x800101 <__DATA_REGION_ORIGIN__+0x1>
    6d78:	21 15       	cp	r18, r1
    6d7a:	31 05       	cpc	r19, r1
    6d7c:	41 f4       	brne	.+16     	; 0x6d8e <malloc+0xfc>
    6d7e:	2d b7       	in	r18, 0x3d	; 61
    6d80:	3e b7       	in	r19, 0x3e	; 62
    6d82:	40 91 04 01 	lds	r20, 0x0104	; 0x800104 <__malloc_margin>
    6d86:	50 91 05 01 	lds	r21, 0x0105	; 0x800105 <__malloc_margin+0x1>
    6d8a:	24 1b       	sub	r18, r20
    6d8c:	35 0b       	sbc	r19, r21
    6d8e:	e0 91 04 0b 	lds	r30, 0x0B04	; 0x800b04 <__brkval>
    6d92:	f0 91 05 0b 	lds	r31, 0x0B05	; 0x800b05 <__brkval+0x1>
    6d96:	e2 17       	cp	r30, r18
    6d98:	f3 07       	cpc	r31, r19
    6d9a:	a0 f4       	brcc	.+40     	; 0x6dc4 <malloc+0x132>
    6d9c:	2e 1b       	sub	r18, r30
    6d9e:	3f 0b       	sbc	r19, r31
    6da0:	28 17       	cp	r18, r24
    6da2:	39 07       	cpc	r19, r25
    6da4:	78 f0       	brcs	.+30     	; 0x6dc4 <malloc+0x132>
    6da6:	ac 01       	movw	r20, r24
    6da8:	4e 5f       	subi	r20, 0xFE	; 254
    6daa:	5f 4f       	sbci	r21, 0xFF	; 255
    6dac:	24 17       	cp	r18, r20
    6dae:	35 07       	cpc	r19, r21
    6db0:	48 f0       	brcs	.+18     	; 0x6dc4 <malloc+0x132>
    6db2:	4e 0f       	add	r20, r30
    6db4:	5f 1f       	adc	r21, r31
    6db6:	50 93 05 0b 	sts	0x0B05, r21	; 0x800b05 <__brkval+0x1>
    6dba:	40 93 04 0b 	sts	0x0B04, r20	; 0x800b04 <__brkval>
    6dbe:	81 93       	st	Z+, r24
    6dc0:	91 93       	st	Z+, r25
    6dc2:	9f cf       	rjmp	.-194    	; 0x6d02 <malloc+0x70>
    6dc4:	f0 e0       	ldi	r31, 0x00	; 0
    6dc6:	e0 e0       	ldi	r30, 0x00	; 0
    6dc8:	9c cf       	rjmp	.-200    	; 0x6d02 <malloc+0x70>

00006dca <free>:
free():
    6dca:	cf 93       	push	r28
    6dcc:	df 93       	push	r29
    6dce:	00 97       	sbiw	r24, 0x00	; 0
    6dd0:	e9 f0       	breq	.+58     	; 0x6e0c <free+0x42>
    6dd2:	fc 01       	movw	r30, r24
    6dd4:	32 97       	sbiw	r30, 0x02	; 2
    6dd6:	13 82       	std	Z+3, r1	; 0x03
    6dd8:	12 82       	std	Z+2, r1	; 0x02
    6dda:	a0 91 06 0b 	lds	r26, 0x0B06	; 0x800b06 <__flp>
    6dde:	b0 91 07 0b 	lds	r27, 0x0B07	; 0x800b07 <__flp+0x1>
    6de2:	ed 01       	movw	r28, r26
    6de4:	30 e0       	ldi	r19, 0x00	; 0
    6de6:	20 e0       	ldi	r18, 0x00	; 0
    6de8:	10 97       	sbiw	r26, 0x00	; 0
    6dea:	a1 f4       	brne	.+40     	; 0x6e14 <free+0x4a>
    6dec:	20 81       	ld	r18, Z
    6dee:	31 81       	ldd	r19, Z+1	; 0x01
    6df0:	82 0f       	add	r24, r18
    6df2:	93 1f       	adc	r25, r19
    6df4:	20 91 04 0b 	lds	r18, 0x0B04	; 0x800b04 <__brkval>
    6df8:	30 91 05 0b 	lds	r19, 0x0B05	; 0x800b05 <__brkval+0x1>
    6dfc:	28 17       	cp	r18, r24
    6dfe:	39 07       	cpc	r19, r25
    6e00:	09 f0       	breq	.+2      	; 0x6e04 <free+0x3a>
    6e02:	61 c0       	rjmp	.+194    	; 0x6ec6 <free+0xfc>
    6e04:	f0 93 05 0b 	sts	0x0B05, r31	; 0x800b05 <__brkval+0x1>
    6e08:	e0 93 04 0b 	sts	0x0B04, r30	; 0x800b04 <__brkval>
    6e0c:	df 91       	pop	r29
    6e0e:	cf 91       	pop	r28
    6e10:	08 95       	ret
    6e12:	ea 01       	movw	r28, r20
    6e14:	ce 17       	cp	r28, r30
    6e16:	df 07       	cpc	r29, r31
    6e18:	e8 f5       	brcc	.+122    	; 0x6e94 <free+0xca>
    6e1a:	4a 81       	ldd	r20, Y+2	; 0x02
    6e1c:	5b 81       	ldd	r21, Y+3	; 0x03
    6e1e:	9e 01       	movw	r18, r28
    6e20:	41 15       	cp	r20, r1
    6e22:	51 05       	cpc	r21, r1
    6e24:	b1 f7       	brne	.-20     	; 0x6e12 <free+0x48>
    6e26:	e9 01       	movw	r28, r18
    6e28:	fb 83       	std	Y+3, r31	; 0x03
    6e2a:	ea 83       	std	Y+2, r30	; 0x02
    6e2c:	49 91       	ld	r20, Y+
    6e2e:	59 91       	ld	r21, Y+
    6e30:	c4 0f       	add	r28, r20
    6e32:	d5 1f       	adc	r29, r21
    6e34:	ec 17       	cp	r30, r28
    6e36:	fd 07       	cpc	r31, r29
    6e38:	61 f4       	brne	.+24     	; 0x6e52 <free+0x88>
    6e3a:	80 81       	ld	r24, Z
    6e3c:	91 81       	ldd	r25, Z+1	; 0x01
    6e3e:	02 96       	adiw	r24, 0x02	; 2
    6e40:	84 0f       	add	r24, r20
    6e42:	95 1f       	adc	r25, r21
    6e44:	e9 01       	movw	r28, r18
    6e46:	99 83       	std	Y+1, r25	; 0x01
    6e48:	88 83       	st	Y, r24
    6e4a:	82 81       	ldd	r24, Z+2	; 0x02
    6e4c:	93 81       	ldd	r25, Z+3	; 0x03
    6e4e:	9b 83       	std	Y+3, r25	; 0x03
    6e50:	8a 83       	std	Y+2, r24	; 0x02
    6e52:	f0 e0       	ldi	r31, 0x00	; 0
    6e54:	e0 e0       	ldi	r30, 0x00	; 0
    6e56:	12 96       	adiw	r26, 0x02	; 2
    6e58:	8d 91       	ld	r24, X+
    6e5a:	9c 91       	ld	r25, X
    6e5c:	13 97       	sbiw	r26, 0x03	; 3
    6e5e:	00 97       	sbiw	r24, 0x00	; 0
    6e60:	b9 f5       	brne	.+110    	; 0x6ed0 <free+0x106>
    6e62:	2d 91       	ld	r18, X+
    6e64:	3c 91       	ld	r19, X
    6e66:	11 97       	sbiw	r26, 0x01	; 1
    6e68:	cd 01       	movw	r24, r26
    6e6a:	02 96       	adiw	r24, 0x02	; 2
    6e6c:	82 0f       	add	r24, r18
    6e6e:	93 1f       	adc	r25, r19
    6e70:	20 91 04 0b 	lds	r18, 0x0B04	; 0x800b04 <__brkval>
    6e74:	30 91 05 0b 	lds	r19, 0x0B05	; 0x800b05 <__brkval+0x1>
    6e78:	28 17       	cp	r18, r24
    6e7a:	39 07       	cpc	r19, r25
    6e7c:	39 f6       	brne	.-114    	; 0x6e0c <free+0x42>
    6e7e:	30 97       	sbiw	r30, 0x00	; 0
    6e80:	51 f5       	brne	.+84     	; 0x6ed6 <free+0x10c>
    6e82:	10 92 07 0b 	sts	0x0B07, r1	; 0x800b07 <__flp+0x1>
    6e86:	10 92 06 0b 	sts	0x0B06, r1	; 0x800b06 <__flp>
    6e8a:	b0 93 05 0b 	sts	0x0B05, r27	; 0x800b05 <__brkval+0x1>
    6e8e:	a0 93 04 0b 	sts	0x0B04, r26	; 0x800b04 <__brkval>
    6e92:	bc cf       	rjmp	.-136    	; 0x6e0c <free+0x42>
    6e94:	d3 83       	std	Z+3, r29	; 0x03
    6e96:	c2 83       	std	Z+2, r28	; 0x02
    6e98:	40 81       	ld	r20, Z
    6e9a:	51 81       	ldd	r21, Z+1	; 0x01
    6e9c:	84 0f       	add	r24, r20
    6e9e:	95 1f       	adc	r25, r21
    6ea0:	c8 17       	cp	r28, r24
    6ea2:	d9 07       	cpc	r29, r25
    6ea4:	61 f4       	brne	.+24     	; 0x6ebe <free+0xf4>
    6ea6:	4e 5f       	subi	r20, 0xFE	; 254
    6ea8:	5f 4f       	sbci	r21, 0xFF	; 255
    6eaa:	88 81       	ld	r24, Y
    6eac:	99 81       	ldd	r25, Y+1	; 0x01
    6eae:	48 0f       	add	r20, r24
    6eb0:	59 1f       	adc	r21, r25
    6eb2:	51 83       	std	Z+1, r21	; 0x01
    6eb4:	40 83       	st	Z, r20
    6eb6:	8a 81       	ldd	r24, Y+2	; 0x02
    6eb8:	9b 81       	ldd	r25, Y+3	; 0x03
    6eba:	93 83       	std	Z+3, r25	; 0x03
    6ebc:	82 83       	std	Z+2, r24	; 0x02
    6ebe:	21 15       	cp	r18, r1
    6ec0:	31 05       	cpc	r19, r1
    6ec2:	09 f0       	breq	.+2      	; 0x6ec6 <free+0xfc>
    6ec4:	b0 cf       	rjmp	.-160    	; 0x6e26 <free+0x5c>
    6ec6:	f0 93 07 0b 	sts	0x0B07, r31	; 0x800b07 <__flp+0x1>
    6eca:	e0 93 06 0b 	sts	0x0B06, r30	; 0x800b06 <__flp>
    6ece:	9e cf       	rjmp	.-196    	; 0x6e0c <free+0x42>
    6ed0:	fd 01       	movw	r30, r26
    6ed2:	dc 01       	movw	r26, r24
    6ed4:	c0 cf       	rjmp	.-128    	; 0x6e56 <free+0x8c>
    6ed6:	13 82       	std	Z+3, r1	; 0x03
    6ed8:	12 82       	std	Z+2, r1	; 0x02
    6eda:	d7 cf       	rjmp	.-82     	; 0x6e8a <free+0xc0>

00006edc <atof>:
atof():
    6edc:	66 27       	eor	r22, r22
    6ede:	77 27       	eor	r23, r23
    6ee0:	0c 94 ea 39 	jmp	0x73d4	; 0x73d4 <strtod>

00006ee4 <atoi>:
atoi():
    6ee4:	fc 01       	movw	r30, r24
    6ee6:	88 27       	eor	r24, r24
    6ee8:	99 27       	eor	r25, r25
    6eea:	e8 94       	clt
    6eec:	21 91       	ld	r18, Z+
    6eee:	20 32       	cpi	r18, 0x20	; 32
    6ef0:	e9 f3       	breq	.-6      	; 0x6eec <atoi+0x8>
    6ef2:	29 30       	cpi	r18, 0x09	; 9
    6ef4:	10 f0       	brcs	.+4      	; 0x6efa <atoi+0x16>
    6ef6:	2e 30       	cpi	r18, 0x0E	; 14
    6ef8:	c8 f3       	brcs	.-14     	; 0x6eec <atoi+0x8>
    6efa:	2b 32       	cpi	r18, 0x2B	; 43
    6efc:	41 f0       	breq	.+16     	; 0x6f0e <atoi+0x2a>
    6efe:	2d 32       	cpi	r18, 0x2D	; 45
    6f00:	39 f4       	brne	.+14     	; 0x6f10 <atoi+0x2c>
    6f02:	68 94       	set
    6f04:	04 c0       	rjmp	.+8      	; 0x6f0e <atoi+0x2a>
    6f06:	0e 94 a2 37 	call	0x6f44	; 0x6f44 <__mulhi_const_10>
    6f0a:	82 0f       	add	r24, r18
    6f0c:	91 1d       	adc	r25, r1
    6f0e:	21 91       	ld	r18, Z+
    6f10:	20 53       	subi	r18, 0x30	; 48
    6f12:	2a 30       	cpi	r18, 0x0A	; 10
    6f14:	c0 f3       	brcs	.-16     	; 0x6f06 <atoi+0x22>
    6f16:	1e f4       	brtc	.+6      	; 0x6f1e <atoi+0x3a>
    6f18:	90 95       	com	r25
    6f1a:	81 95       	neg	r24
    6f1c:	9f 4f       	sbci	r25, 0xFF	; 255
    6f1e:	08 95       	ret

00006f20 <memset>:
memset():
    6f20:	dc 01       	movw	r26, r24
    6f22:	01 c0       	rjmp	.+2      	; 0x6f26 <memset+0x6>
    6f24:	6d 93       	st	X+, r22
    6f26:	41 50       	subi	r20, 0x01	; 1
    6f28:	50 40       	sbci	r21, 0x00	; 0
    6f2a:	e0 f7       	brcc	.-8      	; 0x6f24 <memset+0x4>
    6f2c:	08 95       	ret

00006f2e <strchr>:
strchr():
    6f2e:	fc 01       	movw	r30, r24
    6f30:	81 91       	ld	r24, Z+
    6f32:	86 17       	cp	r24, r22
    6f34:	21 f0       	breq	.+8      	; 0x6f3e <strchr+0x10>
    6f36:	88 23       	and	r24, r24
    6f38:	d9 f7       	brne	.-10     	; 0x6f30 <strchr+0x2>
    6f3a:	99 27       	eor	r25, r25
    6f3c:	08 95       	ret
    6f3e:	31 97       	sbiw	r30, 0x01	; 1
    6f40:	cf 01       	movw	r24, r30
    6f42:	08 95       	ret

00006f44 <__mulhi_const_10>:
__mulhi_const_10():
    6f44:	7a e0       	ldi	r23, 0x0A	; 10
    6f46:	97 9f       	mul	r25, r23
    6f48:	90 2d       	mov	r25, r0
    6f4a:	87 9f       	mul	r24, r23
    6f4c:	80 2d       	mov	r24, r0
    6f4e:	91 0d       	add	r25, r1
    6f50:	11 24       	eor	r1, r1
    6f52:	08 95       	ret

00006f54 <snprintf>:
snprintf():
    6f54:	0f 93       	push	r16
    6f56:	1f 93       	push	r17
    6f58:	cf 93       	push	r28
    6f5a:	df 93       	push	r29
    6f5c:	cd b7       	in	r28, 0x3d	; 61
    6f5e:	de b7       	in	r29, 0x3e	; 62
    6f60:	2e 97       	sbiw	r28, 0x0e	; 14
    6f62:	0f b6       	in	r0, 0x3f	; 63
    6f64:	f8 94       	cli
    6f66:	de bf       	out	0x3e, r29	; 62
    6f68:	0f be       	out	0x3f, r0	; 63
    6f6a:	cd bf       	out	0x3d, r28	; 61
    6f6c:	0d 89       	ldd	r16, Y+21	; 0x15
    6f6e:	1e 89       	ldd	r17, Y+22	; 0x16
    6f70:	8f 89       	ldd	r24, Y+23	; 0x17
    6f72:	98 8d       	ldd	r25, Y+24	; 0x18
    6f74:	26 e0       	ldi	r18, 0x06	; 6
    6f76:	2c 83       	std	Y+4, r18	; 0x04
    6f78:	1a 83       	std	Y+2, r17	; 0x02
    6f7a:	09 83       	std	Y+1, r16	; 0x01
    6f7c:	97 ff       	sbrs	r25, 7
    6f7e:	02 c0       	rjmp	.+4      	; 0x6f84 <snprintf+0x30>
    6f80:	80 e0       	ldi	r24, 0x00	; 0
    6f82:	90 e8       	ldi	r25, 0x80	; 128
    6f84:	01 97       	sbiw	r24, 0x01	; 1
    6f86:	9e 83       	std	Y+6, r25	; 0x06
    6f88:	8d 83       	std	Y+5, r24	; 0x05
    6f8a:	ae 01       	movw	r20, r28
    6f8c:	45 5e       	subi	r20, 0xE5	; 229
    6f8e:	5f 4f       	sbci	r21, 0xFF	; 255
    6f90:	69 8d       	ldd	r22, Y+25	; 0x19
    6f92:	7a 8d       	ldd	r23, Y+26	; 0x1a
    6f94:	ce 01       	movw	r24, r28
    6f96:	01 96       	adiw	r24, 0x01	; 1
    6f98:	0e 94 e7 37 	call	0x6fce	; 0x6fce <vfprintf>
    6f9c:	4d 81       	ldd	r20, Y+5	; 0x05
    6f9e:	5e 81       	ldd	r21, Y+6	; 0x06
    6fa0:	57 fd       	sbrc	r21, 7
    6fa2:	0a c0       	rjmp	.+20     	; 0x6fb8 <snprintf+0x64>
    6fa4:	2f 81       	ldd	r18, Y+7	; 0x07
    6fa6:	38 85       	ldd	r19, Y+8	; 0x08
    6fa8:	42 17       	cp	r20, r18
    6faa:	53 07       	cpc	r21, r19
    6fac:	0c f4       	brge	.+2      	; 0x6fb0 <snprintf+0x5c>
    6fae:	9a 01       	movw	r18, r20
    6fb0:	02 0f       	add	r16, r18
    6fb2:	13 1f       	adc	r17, r19
    6fb4:	f8 01       	movw	r30, r16
    6fb6:	10 82       	st	Z, r1
    6fb8:	2e 96       	adiw	r28, 0x0e	; 14
    6fba:	0f b6       	in	r0, 0x3f	; 63
    6fbc:	f8 94       	cli
    6fbe:	de bf       	out	0x3e, r29	; 62
    6fc0:	0f be       	out	0x3f, r0	; 63
    6fc2:	cd bf       	out	0x3d, r28	; 61
    6fc4:	df 91       	pop	r29
    6fc6:	cf 91       	pop	r28
    6fc8:	1f 91       	pop	r17
    6fca:	0f 91       	pop	r16
    6fcc:	08 95       	ret

00006fce <vfprintf>:
vfprintf():
    6fce:	2f 92       	push	r2
    6fd0:	3f 92       	push	r3
    6fd2:	4f 92       	push	r4
    6fd4:	5f 92       	push	r5
    6fd6:	6f 92       	push	r6
    6fd8:	7f 92       	push	r7
    6fda:	8f 92       	push	r8
    6fdc:	9f 92       	push	r9
    6fde:	af 92       	push	r10
    6fe0:	bf 92       	push	r11
    6fe2:	cf 92       	push	r12
    6fe4:	df 92       	push	r13
    6fe6:	ef 92       	push	r14
    6fe8:	ff 92       	push	r15
    6fea:	0f 93       	push	r16
    6fec:	1f 93       	push	r17
    6fee:	cf 93       	push	r28
    6ff0:	df 93       	push	r29
    6ff2:	cd b7       	in	r28, 0x3d	; 61
    6ff4:	de b7       	in	r29, 0x3e	; 62
    6ff6:	2b 97       	sbiw	r28, 0x0b	; 11
    6ff8:	0f b6       	in	r0, 0x3f	; 63
    6ffa:	f8 94       	cli
    6ffc:	de bf       	out	0x3e, r29	; 62
    6ffe:	0f be       	out	0x3f, r0	; 63
    7000:	cd bf       	out	0x3d, r28	; 61
    7002:	7c 01       	movw	r14, r24
    7004:	3b 01       	movw	r6, r22
    7006:	8a 01       	movw	r16, r20
    7008:	fc 01       	movw	r30, r24
    700a:	17 82       	std	Z+7, r1	; 0x07
    700c:	16 82       	std	Z+6, r1	; 0x06
    700e:	83 81       	ldd	r24, Z+3	; 0x03
    7010:	81 ff       	sbrs	r24, 1
    7012:	dd c1       	rjmp	.+954    	; 0x73ce <vfprintf+0x400>
    7014:	ce 01       	movw	r24, r28
    7016:	01 96       	adiw	r24, 0x01	; 1
    7018:	5c 01       	movw	r10, r24
    701a:	f7 01       	movw	r30, r14
    701c:	93 81       	ldd	r25, Z+3	; 0x03
    701e:	f3 01       	movw	r30, r6
    7020:	93 fd       	sbrc	r25, 3
    7022:	85 91       	lpm	r24, Z+
    7024:	93 ff       	sbrs	r25, 3
    7026:	81 91       	ld	r24, Z+
    7028:	3f 01       	movw	r6, r30
    702a:	88 23       	and	r24, r24
    702c:	09 f4       	brne	.+2      	; 0x7030 <vfprintf+0x62>
    702e:	53 c1       	rjmp	.+678    	; 0x72d6 <vfprintf+0x308>
    7030:	85 32       	cpi	r24, 0x25	; 37
    7032:	39 f4       	brne	.+14     	; 0x7042 <vfprintf+0x74>
    7034:	93 fd       	sbrc	r25, 3
    7036:	85 91       	lpm	r24, Z+
    7038:	93 ff       	sbrs	r25, 3
    703a:	81 91       	ld	r24, Z+
    703c:	3f 01       	movw	r6, r30
    703e:	85 32       	cpi	r24, 0x25	; 37
    7040:	29 f4       	brne	.+10     	; 0x704c <vfprintf+0x7e>
    7042:	b7 01       	movw	r22, r14
    7044:	90 e0       	ldi	r25, 0x00	; 0
    7046:	0e 94 7f 3b 	call	0x76fe	; 0x76fe <fputc>
    704a:	e7 cf       	rjmp	.-50     	; 0x701a <vfprintf+0x4c>
    704c:	91 2c       	mov	r9, r1
    704e:	21 2c       	mov	r2, r1
    7050:	31 2c       	mov	r3, r1
    7052:	ff e1       	ldi	r31, 0x1F	; 31
    7054:	f3 15       	cp	r31, r3
    7056:	38 f0       	brcs	.+14     	; 0x7066 <vfprintf+0x98>
    7058:	8b 32       	cpi	r24, 0x2B	; 43
    705a:	11 f1       	breq	.+68     	; 0x70a0 <vfprintf+0xd2>
    705c:	90 f4       	brcc	.+36     	; 0x7082 <vfprintf+0xb4>
    705e:	80 32       	cpi	r24, 0x20	; 32
    7060:	09 f1       	breq	.+66     	; 0x70a4 <vfprintf+0xd6>
    7062:	83 32       	cpi	r24, 0x23	; 35
    7064:	29 f1       	breq	.+74     	; 0x70b0 <vfprintf+0xe2>
    7066:	37 fc       	sbrc	r3, 7
    7068:	3c c0       	rjmp	.+120    	; 0x70e2 <vfprintf+0x114>
    706a:	20 ed       	ldi	r18, 0xD0	; 208
    706c:	28 0f       	add	r18, r24
    706e:	2a 30       	cpi	r18, 0x0A	; 10
    7070:	50 f5       	brcc	.+84     	; 0x70c6 <vfprintf+0xf8>
    7072:	36 fe       	sbrs	r3, 6
    7074:	20 c0       	rjmp	.+64     	; 0x70b6 <vfprintf+0xe8>
    7076:	8a e0       	ldi	r24, 0x0A	; 10
    7078:	98 9e       	mul	r9, r24
    707a:	20 0d       	add	r18, r0
    707c:	11 24       	eor	r1, r1
    707e:	92 2e       	mov	r9, r18
    7080:	06 c0       	rjmp	.+12     	; 0x708e <vfprintf+0xc0>
    7082:	8d 32       	cpi	r24, 0x2D	; 45
    7084:	91 f0       	breq	.+36     	; 0x70aa <vfprintf+0xdc>
    7086:	80 33       	cpi	r24, 0x30	; 48
    7088:	71 f7       	brne	.-36     	; 0x7066 <vfprintf+0x98>
    708a:	68 94       	set
    708c:	30 f8       	bld	r3, 0
    708e:	f3 01       	movw	r30, r6
    7090:	93 fd       	sbrc	r25, 3
    7092:	85 91       	lpm	r24, Z+
    7094:	93 ff       	sbrs	r25, 3
    7096:	81 91       	ld	r24, Z+
    7098:	3f 01       	movw	r6, r30
    709a:	81 11       	cpse	r24, r1
    709c:	da cf       	rjmp	.-76     	; 0x7052 <vfprintf+0x84>
    709e:	21 c0       	rjmp	.+66     	; 0x70e2 <vfprintf+0x114>
    70a0:	68 94       	set
    70a2:	31 f8       	bld	r3, 1
    70a4:	68 94       	set
    70a6:	32 f8       	bld	r3, 2
    70a8:	f2 cf       	rjmp	.-28     	; 0x708e <vfprintf+0xc0>
    70aa:	68 94       	set
    70ac:	33 f8       	bld	r3, 3
    70ae:	ef cf       	rjmp	.-34     	; 0x708e <vfprintf+0xc0>
    70b0:	68 94       	set
    70b2:	34 f8       	bld	r3, 4
    70b4:	ec cf       	rjmp	.-40     	; 0x708e <vfprintf+0xc0>
    70b6:	ea e0       	ldi	r30, 0x0A	; 10
    70b8:	2e 9e       	mul	r2, r30
    70ba:	20 0d       	add	r18, r0
    70bc:	11 24       	eor	r1, r1
    70be:	22 2e       	mov	r2, r18
    70c0:	68 94       	set
    70c2:	35 f8       	bld	r3, 5
    70c4:	e4 cf       	rjmp	.-56     	; 0x708e <vfprintf+0xc0>
    70c6:	8e 32       	cpi	r24, 0x2E	; 46
    70c8:	29 f4       	brne	.+10     	; 0x70d4 <vfprintf+0x106>
    70ca:	36 fc       	sbrc	r3, 6
    70cc:	04 c1       	rjmp	.+520    	; 0x72d6 <vfprintf+0x308>
    70ce:	68 94       	set
    70d0:	36 f8       	bld	r3, 6
    70d2:	dd cf       	rjmp	.-70     	; 0x708e <vfprintf+0xc0>
    70d4:	8c 36       	cpi	r24, 0x6C	; 108
    70d6:	19 f4       	brne	.+6      	; 0x70de <vfprintf+0x110>
    70d8:	68 94       	set
    70da:	37 f8       	bld	r3, 7
    70dc:	d8 cf       	rjmp	.-80     	; 0x708e <vfprintf+0xc0>
    70de:	88 36       	cpi	r24, 0x68	; 104
    70e0:	b1 f2       	breq	.-84     	; 0x708e <vfprintf+0xc0>
    70e2:	98 2f       	mov	r25, r24
    70e4:	9f 7d       	andi	r25, 0xDF	; 223
    70e6:	95 54       	subi	r25, 0x45	; 69
    70e8:	93 30       	cpi	r25, 0x03	; 3
    70ea:	e0 f0       	brcs	.+56     	; 0x7124 <vfprintf+0x156>
    70ec:	83 36       	cpi	r24, 0x63	; 99
    70ee:	a1 f1       	breq	.+104    	; 0x7158 <vfprintf+0x18a>
    70f0:	83 37       	cpi	r24, 0x73	; 115
    70f2:	c1 f1       	breq	.+112    	; 0x7164 <vfprintf+0x196>
    70f4:	83 35       	cpi	r24, 0x53	; 83
    70f6:	09 f0       	breq	.+2      	; 0x70fa <vfprintf+0x12c>
    70f8:	63 c0       	rjmp	.+198    	; 0x71c0 <vfprintf+0x1f2>
    70fa:	28 01       	movw	r4, r16
    70fc:	f2 e0       	ldi	r31, 0x02	; 2
    70fe:	4f 0e       	add	r4, r31
    7100:	51 1c       	adc	r5, r1
    7102:	f8 01       	movw	r30, r16
    7104:	c0 80       	ld	r12, Z
    7106:	d1 80       	ldd	r13, Z+1	; 0x01
    7108:	69 2d       	mov	r22, r9
    710a:	70 e0       	ldi	r23, 0x00	; 0
    710c:	36 fc       	sbrc	r3, 6
    710e:	02 c0       	rjmp	.+4      	; 0x7114 <vfprintf+0x146>
    7110:	6f ef       	ldi	r22, 0xFF	; 255
    7112:	7f ef       	ldi	r23, 0xFF	; 255
    7114:	c6 01       	movw	r24, r12
    7116:	0e 94 69 3b 	call	0x76d2	; 0x76d2 <strnlen_P>
    711a:	4c 01       	movw	r8, r24
    711c:	68 94       	set
    711e:	37 f8       	bld	r3, 7
    7120:	82 01       	movw	r16, r4
    7122:	0a c0       	rjmp	.+20     	; 0x7138 <vfprintf+0x16a>
    7124:	0c 5f       	subi	r16, 0xFC	; 252
    7126:	1f 4f       	sbci	r17, 0xFF	; 255
    7128:	ff e3       	ldi	r31, 0x3F	; 63
    712a:	f9 83       	std	Y+1, r31	; 0x01
    712c:	88 24       	eor	r8, r8
    712e:	83 94       	inc	r8
    7130:	91 2c       	mov	r9, r1
    7132:	65 01       	movw	r12, r10
    7134:	e8 94       	clt
    7136:	37 f8       	bld	r3, 7
    7138:	33 fe       	sbrs	r3, 3
    713a:	2d c0       	rjmp	.+90     	; 0x7196 <vfprintf+0x1c8>
    713c:	52 2c       	mov	r5, r2
    713e:	81 14       	cp	r8, r1
    7140:	91 04       	cpc	r9, r1
    7142:	71 f5       	brne	.+92     	; 0x71a0 <vfprintf+0x1d2>
    7144:	55 20       	and	r5, r5
    7146:	09 f4       	brne	.+2      	; 0x714a <vfprintf+0x17c>
    7148:	68 cf       	rjmp	.-304    	; 0x701a <vfprintf+0x4c>
    714a:	b7 01       	movw	r22, r14
    714c:	80 e2       	ldi	r24, 0x20	; 32
    714e:	90 e0       	ldi	r25, 0x00	; 0
    7150:	0e 94 7f 3b 	call	0x76fe	; 0x76fe <fputc>
    7154:	5a 94       	dec	r5
    7156:	f6 cf       	rjmp	.-20     	; 0x7144 <vfprintf+0x176>
    7158:	f8 01       	movw	r30, r16
    715a:	80 81       	ld	r24, Z
    715c:	89 83       	std	Y+1, r24	; 0x01
    715e:	0e 5f       	subi	r16, 0xFE	; 254
    7160:	1f 4f       	sbci	r17, 0xFF	; 255
    7162:	e4 cf       	rjmp	.-56     	; 0x712c <vfprintf+0x15e>
    7164:	28 01       	movw	r4, r16
    7166:	f2 e0       	ldi	r31, 0x02	; 2
    7168:	4f 0e       	add	r4, r31
    716a:	51 1c       	adc	r5, r1
    716c:	f8 01       	movw	r30, r16
    716e:	c0 80       	ld	r12, Z
    7170:	d1 80       	ldd	r13, Z+1	; 0x01
    7172:	69 2d       	mov	r22, r9
    7174:	70 e0       	ldi	r23, 0x00	; 0
    7176:	36 fc       	sbrc	r3, 6
    7178:	02 c0       	rjmp	.+4      	; 0x717e <vfprintf+0x1b0>
    717a:	6f ef       	ldi	r22, 0xFF	; 255
    717c:	7f ef       	ldi	r23, 0xFF	; 255
    717e:	c6 01       	movw	r24, r12
    7180:	0e 94 74 3b 	call	0x76e8	; 0x76e8 <strnlen>
    7184:	4c 01       	movw	r8, r24
    7186:	82 01       	movw	r16, r4
    7188:	d5 cf       	rjmp	.-86     	; 0x7134 <vfprintf+0x166>
    718a:	b7 01       	movw	r22, r14
    718c:	80 e2       	ldi	r24, 0x20	; 32
    718e:	90 e0       	ldi	r25, 0x00	; 0
    7190:	0e 94 7f 3b 	call	0x76fe	; 0x76fe <fputc>
    7194:	2a 94       	dec	r2
    7196:	28 14       	cp	r2, r8
    7198:	19 04       	cpc	r1, r9
    719a:	09 f0       	breq	.+2      	; 0x719e <vfprintf+0x1d0>
    719c:	b0 f7       	brcc	.-20     	; 0x718a <vfprintf+0x1bc>
    719e:	ce cf       	rjmp	.-100    	; 0x713c <vfprintf+0x16e>
    71a0:	f6 01       	movw	r30, r12
    71a2:	37 fc       	sbrc	r3, 7
    71a4:	85 91       	lpm	r24, Z+
    71a6:	37 fe       	sbrs	r3, 7
    71a8:	81 91       	ld	r24, Z+
    71aa:	6f 01       	movw	r12, r30
    71ac:	b7 01       	movw	r22, r14
    71ae:	90 e0       	ldi	r25, 0x00	; 0
    71b0:	0e 94 7f 3b 	call	0x76fe	; 0x76fe <fputc>
    71b4:	51 10       	cpse	r5, r1
    71b6:	5a 94       	dec	r5
    71b8:	f1 e0       	ldi	r31, 0x01	; 1
    71ba:	8f 1a       	sub	r8, r31
    71bc:	91 08       	sbc	r9, r1
    71be:	bf cf       	rjmp	.-130    	; 0x713e <vfprintf+0x170>
    71c0:	84 36       	cpi	r24, 0x64	; 100
    71c2:	19 f0       	breq	.+6      	; 0x71ca <vfprintf+0x1fc>
    71c4:	89 36       	cpi	r24, 0x69	; 105
    71c6:	09 f0       	breq	.+2      	; 0x71ca <vfprintf+0x1fc>
    71c8:	77 c0       	rjmp	.+238    	; 0x72b8 <vfprintf+0x2ea>
    71ca:	f8 01       	movw	r30, r16
    71cc:	37 fe       	sbrs	r3, 7
    71ce:	6b c0       	rjmp	.+214    	; 0x72a6 <vfprintf+0x2d8>
    71d0:	60 81       	ld	r22, Z
    71d2:	71 81       	ldd	r23, Z+1	; 0x01
    71d4:	82 81       	ldd	r24, Z+2	; 0x02
    71d6:	93 81       	ldd	r25, Z+3	; 0x03
    71d8:	0c 5f       	subi	r16, 0xFC	; 252
    71da:	1f 4f       	sbci	r17, 0xFF	; 255
    71dc:	f3 2d       	mov	r31, r3
    71de:	ff 76       	andi	r31, 0x6F	; 111
    71e0:	3f 2e       	mov	r3, r31
    71e2:	97 ff       	sbrs	r25, 7
    71e4:	09 c0       	rjmp	.+18     	; 0x71f8 <vfprintf+0x22a>
    71e6:	90 95       	com	r25
    71e8:	80 95       	com	r24
    71ea:	70 95       	com	r23
    71ec:	61 95       	neg	r22
    71ee:	7f 4f       	sbci	r23, 0xFF	; 255
    71f0:	8f 4f       	sbci	r24, 0xFF	; 255
    71f2:	9f 4f       	sbci	r25, 0xFF	; 255
    71f4:	68 94       	set
    71f6:	37 f8       	bld	r3, 7
    71f8:	2a e0       	ldi	r18, 0x0A	; 10
    71fa:	30 e0       	ldi	r19, 0x00	; 0
    71fc:	a5 01       	movw	r20, r10
    71fe:	0e 94 af 3b 	call	0x775e	; 0x775e <__ultoa_invert>
    7202:	c8 2e       	mov	r12, r24
    7204:	ca 18       	sub	r12, r10
    7206:	8c 2c       	mov	r8, r12
    7208:	43 2c       	mov	r4, r3
    720a:	36 fe       	sbrs	r3, 6
    720c:	0c c0       	rjmp	.+24     	; 0x7226 <vfprintf+0x258>
    720e:	e8 94       	clt
    7210:	40 f8       	bld	r4, 0
    7212:	c9 14       	cp	r12, r9
    7214:	40 f4       	brcc	.+16     	; 0x7226 <vfprintf+0x258>
    7216:	34 fe       	sbrs	r3, 4
    7218:	05 c0       	rjmp	.+10     	; 0x7224 <vfprintf+0x256>
    721a:	32 fc       	sbrc	r3, 2
    721c:	03 c0       	rjmp	.+6      	; 0x7224 <vfprintf+0x256>
    721e:	f3 2d       	mov	r31, r3
    7220:	fe 7e       	andi	r31, 0xEE	; 238
    7222:	4f 2e       	mov	r4, r31
    7224:	89 2c       	mov	r8, r9
    7226:	44 fe       	sbrs	r4, 4
    7228:	aa c0       	rjmp	.+340    	; 0x737e <vfprintf+0x3b0>
    722a:	fe 01       	movw	r30, r28
    722c:	ec 0d       	add	r30, r12
    722e:	f1 1d       	adc	r31, r1
    7230:	80 81       	ld	r24, Z
    7232:	80 33       	cpi	r24, 0x30	; 48
    7234:	09 f0       	breq	.+2      	; 0x7238 <vfprintf+0x26a>
    7236:	9c c0       	rjmp	.+312    	; 0x7370 <vfprintf+0x3a2>
    7238:	24 2d       	mov	r18, r4
    723a:	29 7e       	andi	r18, 0xE9	; 233
    723c:	42 2e       	mov	r4, r18
    723e:	84 2d       	mov	r24, r4
    7240:	88 70       	andi	r24, 0x08	; 8
    7242:	58 2e       	mov	r5, r24
    7244:	43 fc       	sbrc	r4, 3
    7246:	aa c0       	rjmp	.+340    	; 0x739c <vfprintf+0x3ce>
    7248:	40 fe       	sbrs	r4, 0
    724a:	a4 c0       	rjmp	.+328    	; 0x7394 <vfprintf+0x3c6>
    724c:	9c 2c       	mov	r9, r12
    724e:	82 14       	cp	r8, r2
    7250:	18 f4       	brcc	.+6      	; 0x7258 <vfprintf+0x28a>
    7252:	2c 0c       	add	r2, r12
    7254:	92 2c       	mov	r9, r2
    7256:	98 18       	sub	r9, r8
    7258:	44 fe       	sbrs	r4, 4
    725a:	a6 c0       	rjmp	.+332    	; 0x73a8 <vfprintf+0x3da>
    725c:	b7 01       	movw	r22, r14
    725e:	80 e3       	ldi	r24, 0x30	; 48
    7260:	90 e0       	ldi	r25, 0x00	; 0
    7262:	0e 94 7f 3b 	call	0x76fe	; 0x76fe <fputc>
    7266:	42 fe       	sbrs	r4, 2
    7268:	09 c0       	rjmp	.+18     	; 0x727c <vfprintf+0x2ae>
    726a:	88 e7       	ldi	r24, 0x78	; 120
    726c:	90 e0       	ldi	r25, 0x00	; 0
    726e:	41 fe       	sbrs	r4, 1
    7270:	02 c0       	rjmp	.+4      	; 0x7276 <vfprintf+0x2a8>
    7272:	88 e5       	ldi	r24, 0x58	; 88
    7274:	90 e0       	ldi	r25, 0x00	; 0
    7276:	b7 01       	movw	r22, r14
    7278:	0e 94 7f 3b 	call	0x76fe	; 0x76fe <fputc>
    727c:	c9 14       	cp	r12, r9
    727e:	08 f4       	brcc	.+2      	; 0x7282 <vfprintf+0x2b4>
    7280:	9f c0       	rjmp	.+318    	; 0x73c0 <vfprintf+0x3f2>
    7282:	ca 94       	dec	r12
    7284:	d1 2c       	mov	r13, r1
    7286:	9f ef       	ldi	r25, 0xFF	; 255
    7288:	c9 1a       	sub	r12, r25
    728a:	d9 0a       	sbc	r13, r25
    728c:	ca 0c       	add	r12, r10
    728e:	db 1c       	adc	r13, r11
    7290:	f6 01       	movw	r30, r12
    7292:	82 91       	ld	r24, -Z
    7294:	6f 01       	movw	r12, r30
    7296:	b7 01       	movw	r22, r14
    7298:	90 e0       	ldi	r25, 0x00	; 0
    729a:	0e 94 7f 3b 	call	0x76fe	; 0x76fe <fputc>
    729e:	ac 14       	cp	r10, r12
    72a0:	bd 04       	cpc	r11, r13
    72a2:	b1 f7       	brne	.-20     	; 0x7290 <vfprintf+0x2c2>
    72a4:	4f cf       	rjmp	.-354    	; 0x7144 <vfprintf+0x176>
    72a6:	60 81       	ld	r22, Z
    72a8:	71 81       	ldd	r23, Z+1	; 0x01
    72aa:	07 2e       	mov	r0, r23
    72ac:	00 0c       	add	r0, r0
    72ae:	88 0b       	sbc	r24, r24
    72b0:	99 0b       	sbc	r25, r25
    72b2:	0e 5f       	subi	r16, 0xFE	; 254
    72b4:	1f 4f       	sbci	r17, 0xFF	; 255
    72b6:	92 cf       	rjmp	.-220    	; 0x71dc <vfprintf+0x20e>
    72b8:	d3 2c       	mov	r13, r3
    72ba:	e8 94       	clt
    72bc:	d4 f8       	bld	r13, 4
    72be:	2a e0       	ldi	r18, 0x0A	; 10
    72c0:	30 e0       	ldi	r19, 0x00	; 0
    72c2:	85 37       	cpi	r24, 0x75	; 117
    72c4:	e1 f1       	breq	.+120    	; 0x733e <vfprintf+0x370>
    72c6:	23 2d       	mov	r18, r3
    72c8:	29 7f       	andi	r18, 0xF9	; 249
    72ca:	d2 2e       	mov	r13, r18
    72cc:	8f 36       	cpi	r24, 0x6F	; 111
    72ce:	a9 f1       	breq	.+106    	; 0x733a <vfprintf+0x36c>
    72d0:	f0 f4       	brcc	.+60     	; 0x730e <vfprintf+0x340>
    72d2:	88 35       	cpi	r24, 0x58	; 88
    72d4:	51 f1       	breq	.+84     	; 0x732a <vfprintf+0x35c>
    72d6:	f7 01       	movw	r30, r14
    72d8:	86 81       	ldd	r24, Z+6	; 0x06
    72da:	97 81       	ldd	r25, Z+7	; 0x07
    72dc:	2b 96       	adiw	r28, 0x0b	; 11
    72de:	0f b6       	in	r0, 0x3f	; 63
    72e0:	f8 94       	cli
    72e2:	de bf       	out	0x3e, r29	; 62
    72e4:	0f be       	out	0x3f, r0	; 63
    72e6:	cd bf       	out	0x3d, r28	; 61
    72e8:	df 91       	pop	r29
    72ea:	cf 91       	pop	r28
    72ec:	1f 91       	pop	r17
    72ee:	0f 91       	pop	r16
    72f0:	ff 90       	pop	r15
    72f2:	ef 90       	pop	r14
    72f4:	df 90       	pop	r13
    72f6:	cf 90       	pop	r12
    72f8:	bf 90       	pop	r11
    72fa:	af 90       	pop	r10
    72fc:	9f 90       	pop	r9
    72fe:	8f 90       	pop	r8
    7300:	7f 90       	pop	r7
    7302:	6f 90       	pop	r6
    7304:	5f 90       	pop	r5
    7306:	4f 90       	pop	r4
    7308:	3f 90       	pop	r3
    730a:	2f 90       	pop	r2
    730c:	08 95       	ret
    730e:	80 37       	cpi	r24, 0x70	; 112
    7310:	49 f0       	breq	.+18     	; 0x7324 <vfprintf+0x356>
    7312:	88 37       	cpi	r24, 0x78	; 120
    7314:	01 f7       	brne	.-64     	; 0x72d6 <vfprintf+0x308>
    7316:	d4 fe       	sbrs	r13, 4
    7318:	02 c0       	rjmp	.+4      	; 0x731e <vfprintf+0x350>
    731a:	68 94       	set
    731c:	d2 f8       	bld	r13, 2
    731e:	20 e1       	ldi	r18, 0x10	; 16
    7320:	30 e0       	ldi	r19, 0x00	; 0
    7322:	0d c0       	rjmp	.+26     	; 0x733e <vfprintf+0x370>
    7324:	68 94       	set
    7326:	d4 f8       	bld	r13, 4
    7328:	f6 cf       	rjmp	.-20     	; 0x7316 <vfprintf+0x348>
    732a:	34 fe       	sbrs	r3, 4
    732c:	03 c0       	rjmp	.+6      	; 0x7334 <vfprintf+0x366>
    732e:	82 2f       	mov	r24, r18
    7330:	86 60       	ori	r24, 0x06	; 6
    7332:	d8 2e       	mov	r13, r24
    7334:	20 e1       	ldi	r18, 0x10	; 16
    7336:	32 e0       	ldi	r19, 0x02	; 2
    7338:	02 c0       	rjmp	.+4      	; 0x733e <vfprintf+0x370>
    733a:	28 e0       	ldi	r18, 0x08	; 8
    733c:	30 e0       	ldi	r19, 0x00	; 0
    733e:	f8 01       	movw	r30, r16
    7340:	d7 fe       	sbrs	r13, 7
    7342:	0f c0       	rjmp	.+30     	; 0x7362 <vfprintf+0x394>
    7344:	60 81       	ld	r22, Z
    7346:	71 81       	ldd	r23, Z+1	; 0x01
    7348:	82 81       	ldd	r24, Z+2	; 0x02
    734a:	93 81       	ldd	r25, Z+3	; 0x03
    734c:	0c 5f       	subi	r16, 0xFC	; 252
    734e:	1f 4f       	sbci	r17, 0xFF	; 255
    7350:	a5 01       	movw	r20, r10
    7352:	0e 94 af 3b 	call	0x775e	; 0x775e <__ultoa_invert>
    7356:	c8 2e       	mov	r12, r24
    7358:	ca 18       	sub	r12, r10
    735a:	3d 2c       	mov	r3, r13
    735c:	e8 94       	clt
    735e:	37 f8       	bld	r3, 7
    7360:	52 cf       	rjmp	.-348    	; 0x7206 <vfprintf+0x238>
    7362:	60 81       	ld	r22, Z
    7364:	71 81       	ldd	r23, Z+1	; 0x01
    7366:	90 e0       	ldi	r25, 0x00	; 0
    7368:	80 e0       	ldi	r24, 0x00	; 0
    736a:	0e 5f       	subi	r16, 0xFE	; 254
    736c:	1f 4f       	sbci	r17, 0xFF	; 255
    736e:	f0 cf       	rjmp	.-32     	; 0x7350 <vfprintf+0x382>
    7370:	42 fc       	sbrc	r4, 2
    7372:	02 c0       	rjmp	.+4      	; 0x7378 <vfprintf+0x3aa>
    7374:	83 94       	inc	r8
    7376:	63 cf       	rjmp	.-314    	; 0x723e <vfprintf+0x270>
    7378:	83 94       	inc	r8
    737a:	83 94       	inc	r8
    737c:	60 cf       	rjmp	.-320    	; 0x723e <vfprintf+0x270>
    737e:	84 2d       	mov	r24, r4
    7380:	86 78       	andi	r24, 0x86	; 134
    7382:	09 f4       	brne	.+2      	; 0x7386 <vfprintf+0x3b8>
    7384:	5c cf       	rjmp	.-328    	; 0x723e <vfprintf+0x270>
    7386:	f6 cf       	rjmp	.-20     	; 0x7374 <vfprintf+0x3a6>
    7388:	b7 01       	movw	r22, r14
    738a:	80 e2       	ldi	r24, 0x20	; 32
    738c:	90 e0       	ldi	r25, 0x00	; 0
    738e:	0e 94 7f 3b 	call	0x76fe	; 0x76fe <fputc>
    7392:	83 94       	inc	r8
    7394:	82 14       	cp	r8, r2
    7396:	c0 f3       	brcs	.-16     	; 0x7388 <vfprintf+0x3ba>
    7398:	51 2c       	mov	r5, r1
    739a:	5e cf       	rjmp	.-324    	; 0x7258 <vfprintf+0x28a>
    739c:	52 2c       	mov	r5, r2
    739e:	58 18       	sub	r5, r8
    73a0:	82 14       	cp	r8, r2
    73a2:	08 f4       	brcc	.+2      	; 0x73a6 <vfprintf+0x3d8>
    73a4:	59 cf       	rjmp	.-334    	; 0x7258 <vfprintf+0x28a>
    73a6:	f8 cf       	rjmp	.-16     	; 0x7398 <vfprintf+0x3ca>
    73a8:	84 2d       	mov	r24, r4
    73aa:	86 78       	andi	r24, 0x86	; 134
    73ac:	09 f4       	brne	.+2      	; 0x73b0 <vfprintf+0x3e2>
    73ae:	66 cf       	rjmp	.-308    	; 0x727c <vfprintf+0x2ae>
    73b0:	8b e2       	ldi	r24, 0x2B	; 43
    73b2:	41 fe       	sbrs	r4, 1
    73b4:	80 e2       	ldi	r24, 0x20	; 32
    73b6:	47 fc       	sbrc	r4, 7
    73b8:	8d e2       	ldi	r24, 0x2D	; 45
    73ba:	b7 01       	movw	r22, r14
    73bc:	90 e0       	ldi	r25, 0x00	; 0
    73be:	5c cf       	rjmp	.-328    	; 0x7278 <vfprintf+0x2aa>
    73c0:	b7 01       	movw	r22, r14
    73c2:	80 e3       	ldi	r24, 0x30	; 48
    73c4:	90 e0       	ldi	r25, 0x00	; 0
    73c6:	0e 94 7f 3b 	call	0x76fe	; 0x76fe <fputc>
    73ca:	9a 94       	dec	r9
    73cc:	57 cf       	rjmp	.-338    	; 0x727c <vfprintf+0x2ae>
    73ce:	8f ef       	ldi	r24, 0xFF	; 255
    73d0:	9f ef       	ldi	r25, 0xFF	; 255
    73d2:	84 cf       	rjmp	.-248    	; 0x72dc <vfprintf+0x30e>

000073d4 <strtod>:
strtod():
    73d4:	8f 92       	push	r8
    73d6:	9f 92       	push	r9
    73d8:	af 92       	push	r10
    73da:	bf 92       	push	r11
    73dc:	cf 92       	push	r12
    73de:	df 92       	push	r13
    73e0:	ef 92       	push	r14
    73e2:	ff 92       	push	r15
    73e4:	0f 93       	push	r16
    73e6:	1f 93       	push	r17
    73e8:	cf 93       	push	r28
    73ea:	df 93       	push	r29
    73ec:	5c 01       	movw	r10, r24
    73ee:	7b 01       	movw	r14, r22
    73f0:	61 15       	cp	r22, r1
    73f2:	71 05       	cpc	r23, r1
    73f4:	19 f0       	breq	.+6      	; 0x73fc <strtod+0x28>
    73f6:	db 01       	movw	r26, r22
    73f8:	8d 93       	st	X+, r24
    73fa:	9c 93       	st	X, r25
    73fc:	85 01       	movw	r16, r10
    73fe:	0f 5f       	subi	r16, 0xFF	; 255
    7400:	1f 4f       	sbci	r17, 0xFF	; 255
    7402:	f5 01       	movw	r30, r10
    7404:	d0 81       	ld	r29, Z
    7406:	8d 2f       	mov	r24, r29
    7408:	90 e0       	ldi	r25, 0x00	; 0
    740a:	0e 94 48 3b 	call	0x7690	; 0x7690 <isspace>
    740e:	6c 01       	movw	r12, r24
    7410:	89 2b       	or	r24, r25
    7412:	b9 f5       	brne	.+110    	; 0x7482 <strtod+0xae>
    7414:	dd 32       	cpi	r29, 0x2D	; 45
    7416:	b9 f5       	brne	.+110    	; 0x7486 <strtod+0xb2>
    7418:	0f 5f       	subi	r16, 0xFF	; 255
    741a:	1f 4f       	sbci	r17, 0xFF	; 255
    741c:	d5 01       	movw	r26, r10
    741e:	11 96       	adiw	r26, 0x01	; 1
    7420:	dc 91       	ld	r29, X
    7422:	c1 e0       	ldi	r28, 0x01	; 1
    7424:	58 01       	movw	r10, r16
    7426:	f1 e0       	ldi	r31, 0x01	; 1
    7428:	af 1a       	sub	r10, r31
    742a:	b1 08       	sbc	r11, r1
    742c:	43 e0       	ldi	r20, 0x03	; 3
    742e:	50 e0       	ldi	r21, 0x00	; 0
    7430:	64 e9       	ldi	r22, 0x94	; 148
    7432:	70 e0       	ldi	r23, 0x00	; 0
    7434:	c5 01       	movw	r24, r10
    7436:	0e 94 51 3b 	call	0x76a2	; 0x76a2 <strncasecmp_P>
    743a:	89 2b       	or	r24, r25
    743c:	69 f5       	brne	.+90     	; 0x7498 <strtod+0xc4>
    743e:	68 01       	movw	r12, r16
    7440:	82 e0       	ldi	r24, 0x02	; 2
    7442:	c8 0e       	add	r12, r24
    7444:	d1 1c       	adc	r13, r1
    7446:	45 e0       	ldi	r20, 0x05	; 5
    7448:	50 e0       	ldi	r21, 0x00	; 0
    744a:	6f e8       	ldi	r22, 0x8F	; 143
    744c:	70 e0       	ldi	r23, 0x00	; 0
    744e:	c6 01       	movw	r24, r12
    7450:	0e 94 51 3b 	call	0x76a2	; 0x76a2 <strncasecmp_P>
    7454:	89 2b       	or	r24, r25
    7456:	21 f4       	brne	.+8      	; 0x7460 <strtod+0x8c>
    7458:	68 01       	movw	r12, r16
    745a:	97 e0       	ldi	r25, 0x07	; 7
    745c:	c9 0e       	add	r12, r25
    745e:	d1 1c       	adc	r13, r1
    7460:	e1 14       	cp	r14, r1
    7462:	f1 04       	cpc	r15, r1
    7464:	19 f0       	breq	.+6      	; 0x746c <strtod+0x98>
    7466:	d7 01       	movw	r26, r14
    7468:	cd 92       	st	X+, r12
    746a:	dc 92       	st	X, r13
    746c:	60 e0       	ldi	r22, 0x00	; 0
    746e:	70 e0       	ldi	r23, 0x00	; 0
    7470:	80 e8       	ldi	r24, 0x80	; 128
    7472:	9f ef       	ldi	r25, 0xFF	; 255
    7474:	c1 11       	cpse	r28, r1
    7476:	ff c0       	rjmp	.+510    	; 0x7676 <strtod+0x2a2>
    7478:	60 e0       	ldi	r22, 0x00	; 0
    747a:	70 e0       	ldi	r23, 0x00	; 0
    747c:	80 e8       	ldi	r24, 0x80	; 128
    747e:	9f e7       	ldi	r25, 0x7F	; 127
    7480:	fa c0       	rjmp	.+500    	; 0x7676 <strtod+0x2a2>
    7482:	58 01       	movw	r10, r16
    7484:	bb cf       	rjmp	.-138    	; 0x73fc <strtod+0x28>
    7486:	db 32       	cpi	r29, 0x2B	; 43
    7488:	29 f4       	brne	.+10     	; 0x7494 <strtod+0xc0>
    748a:	85 01       	movw	r16, r10
    748c:	0e 5f       	subi	r16, 0xFE	; 254
    748e:	1f 4f       	sbci	r17, 0xFF	; 255
    7490:	f5 01       	movw	r30, r10
    7492:	d1 81       	ldd	r29, Z+1	; 0x01
    7494:	c0 e0       	ldi	r28, 0x00	; 0
    7496:	c6 cf       	rjmp	.-116    	; 0x7424 <strtod+0x50>
    7498:	43 e0       	ldi	r20, 0x03	; 3
    749a:	50 e0       	ldi	r21, 0x00	; 0
    749c:	6c e8       	ldi	r22, 0x8C	; 140
    749e:	70 e0       	ldi	r23, 0x00	; 0
    74a0:	c5 01       	movw	r24, r10
    74a2:	0e 94 51 3b 	call	0x76a2	; 0x76a2 <strncasecmp_P>
    74a6:	89 2b       	or	r24, r25
    74a8:	e9 f0       	breq	.+58     	; 0x74e4 <strtod+0x110>
    74aa:	f8 01       	movw	r30, r16
    74ac:	10 e0       	ldi	r17, 0x00	; 0
    74ae:	00 e0       	ldi	r16, 0x00	; 0
    74b0:	20 e0       	ldi	r18, 0x00	; 0
    74b2:	30 e0       	ldi	r19, 0x00	; 0
    74b4:	a9 01       	movw	r20, r18
    74b6:	5f 01       	movw	r10, r30
    74b8:	b0 ed       	ldi	r27, 0xD0	; 208
    74ba:	8b 2e       	mov	r8, r27
    74bc:	8d 0e       	add	r8, r29
    74be:	89 e0       	ldi	r24, 0x09	; 9
    74c0:	88 15       	cp	r24, r8
    74c2:	c8 f1       	brcs	.+114    	; 0x7536 <strtod+0x162>
    74c4:	9c 2e       	mov	r9, r28
    74c6:	68 94       	set
    74c8:	91 f8       	bld	r9, 1
    74ca:	8c 2f       	mov	r24, r28
    74cc:	88 70       	andi	r24, 0x08	; 8
    74ce:	c2 ff       	sbrs	r28, 2
    74d0:	16 c0       	rjmp	.+44     	; 0x74fe <strtod+0x12a>
    74d2:	81 11       	cpse	r24, r1
    74d4:	02 c0       	rjmp	.+4      	; 0x74da <strtod+0x106>
    74d6:	0f 5f       	subi	r16, 0xFF	; 255
    74d8:	1f 4f       	sbci	r17, 0xFF	; 255
    74da:	31 96       	adiw	r30, 0x01	; 1
    74dc:	d5 01       	movw	r26, r10
    74de:	dc 91       	ld	r29, X
    74e0:	c9 2d       	mov	r28, r9
    74e2:	e9 cf       	rjmp	.-46     	; 0x74b6 <strtod+0xe2>
    74e4:	e1 14       	cp	r14, r1
    74e6:	f1 04       	cpc	r15, r1
    74e8:	29 f0       	breq	.+10     	; 0x74f4 <strtod+0x120>
    74ea:	0e 5f       	subi	r16, 0xFE	; 254
    74ec:	1f 4f       	sbci	r17, 0xFF	; 255
    74ee:	f7 01       	movw	r30, r14
    74f0:	11 83       	std	Z+1, r17	; 0x01
    74f2:	00 83       	st	Z, r16
    74f4:	60 e0       	ldi	r22, 0x00	; 0
    74f6:	70 e0       	ldi	r23, 0x00	; 0
    74f8:	80 ec       	ldi	r24, 0xC0	; 192
    74fa:	9f e7       	ldi	r25, 0x7F	; 127
    74fc:	bc c0       	rjmp	.+376    	; 0x7676 <strtod+0x2a2>
    74fe:	88 23       	and	r24, r24
    7500:	11 f0       	breq	.+4      	; 0x7506 <strtod+0x132>
    7502:	01 50       	subi	r16, 0x01	; 1
    7504:	11 09       	sbc	r17, r1
    7506:	a5 e0       	ldi	r26, 0x05	; 5
    7508:	b0 e0       	ldi	r27, 0x00	; 0
    750a:	0e 94 3e 36 	call	0x6c7c	; 0x6c7c <__muluhisi3>
    750e:	9b 01       	movw	r18, r22
    7510:	ac 01       	movw	r20, r24
    7512:	22 0f       	add	r18, r18
    7514:	33 1f       	adc	r19, r19
    7516:	44 1f       	adc	r20, r20
    7518:	55 1f       	adc	r21, r21
    751a:	28 0d       	add	r18, r8
    751c:	31 1d       	adc	r19, r1
    751e:	41 1d       	adc	r20, r1
    7520:	51 1d       	adc	r21, r1
    7522:	28 39       	cpi	r18, 0x98	; 152
    7524:	99 e9       	ldi	r25, 0x99	; 153
    7526:	39 07       	cpc	r19, r25
    7528:	49 07       	cpc	r20, r25
    752a:	99 e1       	ldi	r25, 0x19	; 25
    752c:	59 07       	cpc	r21, r25
    752e:	a8 f2       	brcs	.-86     	; 0x74da <strtod+0x106>
    7530:	c6 60       	ori	r28, 0x06	; 6
    7532:	9c 2e       	mov	r9, r28
    7534:	d2 cf       	rjmp	.-92     	; 0x74da <strtod+0x106>
    7536:	ae ef       	ldi	r26, 0xFE	; 254
    7538:	8a 12       	cpse	r8, r26
    753a:	06 c0       	rjmp	.+12     	; 0x7548 <strtod+0x174>
    753c:	c3 fd       	sbrc	r28, 3
    753e:	3c c0       	rjmp	.+120    	; 0x75b8 <strtod+0x1e4>
    7540:	9c 2e       	mov	r9, r28
    7542:	68 94       	set
    7544:	93 f8       	bld	r9, 3
    7546:	c9 cf       	rjmp	.-110    	; 0x74da <strtod+0x106>
    7548:	df 7d       	andi	r29, 0xDF	; 223
    754a:	d5 34       	cpi	r29, 0x45	; 69
    754c:	a9 f5       	brne	.+106    	; 0x75b8 <strtod+0x1e4>
    754e:	80 81       	ld	r24, Z
    7550:	8d 32       	cpi	r24, 0x2D	; 45
    7552:	39 f4       	brne	.+14     	; 0x7562 <strtod+0x18e>
    7554:	c0 61       	ori	r28, 0x10	; 16
    7556:	df 01       	movw	r26, r30
    7558:	12 96       	adiw	r26, 0x02	; 2
    755a:	81 81       	ldd	r24, Z+1	; 0x01
    755c:	62 e0       	ldi	r22, 0x02	; 2
    755e:	70 e0       	ldi	r23, 0x00	; 0
    7560:	06 c0       	rjmp	.+12     	; 0x756e <strtod+0x19a>
    7562:	df 01       	movw	r26, r30
    7564:	8b 32       	cpi	r24, 0x2B	; 43
    7566:	c1 f3       	breq	.-16     	; 0x7558 <strtod+0x184>
    7568:	11 96       	adiw	r26, 0x01	; 1
    756a:	61 e0       	ldi	r22, 0x01	; 1
    756c:	70 e0       	ldi	r23, 0x00	; 0
    756e:	80 53       	subi	r24, 0x30	; 48
    7570:	5d 01       	movw	r10, r26
    7572:	a6 1a       	sub	r10, r22
    7574:	b7 0a       	sbc	r11, r23
    7576:	8a 30       	cpi	r24, 0x0A	; 10
    7578:	f8 f4       	brcc	.+62     	; 0x75b8 <strtod+0x1e4>
    757a:	e0 e8       	ldi	r30, 0x80	; 128
    757c:	ce 16       	cp	r12, r30
    757e:	ec e0       	ldi	r30, 0x0C	; 12
    7580:	de 06       	cpc	r13, r30
    7582:	5c f4       	brge	.+22     	; 0x759a <strtod+0x1c6>
    7584:	b6 01       	movw	r22, r12
    7586:	66 0f       	add	r22, r22
    7588:	77 1f       	adc	r23, r23
    758a:	66 0f       	add	r22, r22
    758c:	77 1f       	adc	r23, r23
    758e:	c6 0e       	add	r12, r22
    7590:	d7 1e       	adc	r13, r23
    7592:	cc 0c       	add	r12, r12
    7594:	dd 1c       	adc	r13, r13
    7596:	c8 0e       	add	r12, r24
    7598:	d1 1c       	adc	r13, r1
    759a:	5d 01       	movw	r10, r26
    759c:	ff ef       	ldi	r31, 0xFF	; 255
    759e:	af 1a       	sub	r10, r31
    75a0:	bf 0a       	sbc	r11, r31
    75a2:	8c 91       	ld	r24, X
    75a4:	80 53       	subi	r24, 0x30	; 48
    75a6:	8a 30       	cpi	r24, 0x0A	; 10
    75a8:	a8 f1       	brcs	.+106    	; 0x7614 <strtod+0x240>
    75aa:	c4 ff       	sbrs	r28, 4
    75ac:	03 c0       	rjmp	.+6      	; 0x75b4 <strtod+0x1e0>
    75ae:	d1 94       	neg	r13
    75b0:	c1 94       	neg	r12
    75b2:	d1 08       	sbc	r13, r1
    75b4:	0c 0d       	add	r16, r12
    75b6:	1d 1d       	adc	r17, r13
    75b8:	c1 ff       	sbrs	r28, 1
    75ba:	09 c0       	rjmp	.+18     	; 0x75ce <strtod+0x1fa>
    75bc:	e1 14       	cp	r14, r1
    75be:	f1 04       	cpc	r15, r1
    75c0:	31 f0       	breq	.+12     	; 0x75ce <strtod+0x1fa>
    75c2:	81 e0       	ldi	r24, 0x01	; 1
    75c4:	a8 1a       	sub	r10, r24
    75c6:	b1 08       	sbc	r11, r1
    75c8:	d7 01       	movw	r26, r14
    75ca:	ad 92       	st	X+, r10
    75cc:	bc 92       	st	X, r11
    75ce:	ca 01       	movw	r24, r20
    75d0:	b9 01       	movw	r22, r18
    75d2:	0e 94 1d 34 	call	0x683a	; 0x683a <__floatunsisf>
    75d6:	c3 70       	andi	r28, 0x03	; 3
    75d8:	c3 30       	cpi	r28, 0x03	; 3
    75da:	09 f4       	brne	.+2      	; 0x75de <strtod+0x20a>
    75dc:	90 58       	subi	r25, 0x80	; 128
    75de:	4b 01       	movw	r8, r22
    75e0:	5c 01       	movw	r10, r24
    75e2:	20 e0       	ldi	r18, 0x00	; 0
    75e4:	30 e0       	ldi	r19, 0x00	; 0
    75e6:	a9 01       	movw	r20, r18
    75e8:	0e 94 70 33 	call	0x66e0	; 0x66e0 <__cmpsf2>
    75ec:	88 23       	and	r24, r24
    75ee:	09 f4       	brne	.+2      	; 0x75f2 <strtod+0x21e>
    75f0:	40 c0       	rjmp	.+128    	; 0x7672 <strtod+0x29e>
    75f2:	c3 ec       	ldi	r28, 0xC3	; 195
    75f4:	d0 e0       	ldi	r29, 0x00	; 0
    75f6:	17 ff       	sbrs	r17, 7
    75f8:	05 c0       	rjmp	.+10     	; 0x7604 <strtod+0x230>
    75fa:	11 95       	neg	r17
    75fc:	01 95       	neg	r16
    75fe:	11 09       	sbc	r17, r1
    7600:	cb ea       	ldi	r28, 0xAB	; 171
    7602:	d0 e0       	ldi	r29, 0x00	; 0
    7604:	6e 01       	movw	r12, r28
    7606:	b8 e1       	ldi	r27, 0x18	; 24
    7608:	cb 1a       	sub	r12, r27
    760a:	d1 08       	sbc	r13, r1
    760c:	80 e2       	ldi	r24, 0x20	; 32
    760e:	e8 2e       	mov	r14, r24
    7610:	f1 2c       	mov	r15, r1
    7612:	0f c0       	rjmp	.+30     	; 0x7632 <strtod+0x25e>
    7614:	d5 01       	movw	r26, r10
    7616:	b1 cf       	rjmp	.-158    	; 0x757a <strtod+0x1a6>
    7618:	fe 01       	movw	r30, r28
    761a:	25 91       	lpm	r18, Z+
    761c:	35 91       	lpm	r19, Z+
    761e:	45 91       	lpm	r20, Z+
    7620:	54 91       	lpm	r21, Z
    7622:	0e 19       	sub	r16, r14
    7624:	1f 09       	sbc	r17, r15
    7626:	c5 01       	movw	r24, r10
    7628:	b4 01       	movw	r22, r8
    762a:	0e 94 d4 34 	call	0x69a8	; 0x69a8 <__mulsf3>
    762e:	4b 01       	movw	r8, r22
    7630:	5c 01       	movw	r10, r24
    7632:	d5 01       	movw	r26, r10
    7634:	c4 01       	movw	r24, r8
    7636:	0e 15       	cp	r16, r14
    7638:	1f 05       	cpc	r17, r15
    763a:	74 f7       	brge	.-36     	; 0x7618 <strtod+0x244>
    763c:	24 97       	sbiw	r28, 0x04	; 4
    763e:	f5 94       	asr	r15
    7640:	e7 94       	ror	r14
    7642:	cc 16       	cp	r12, r28
    7644:	dd 06       	cpc	r13, r29
    7646:	a9 f7       	brne	.-22     	; 0x7632 <strtod+0x25e>
    7648:	8a 2f       	mov	r24, r26
    764a:	88 0f       	add	r24, r24
    764c:	8b 2f       	mov	r24, r27
    764e:	88 1f       	adc	r24, r24
    7650:	8f 3f       	cpi	r24, 0xFF	; 255
    7652:	49 f0       	breq	.+18     	; 0x7666 <strtod+0x292>
    7654:	20 e0       	ldi	r18, 0x00	; 0
    7656:	30 e0       	ldi	r19, 0x00	; 0
    7658:	a9 01       	movw	r20, r18
    765a:	c5 01       	movw	r24, r10
    765c:	b4 01       	movw	r22, r8
    765e:	0e 94 70 33 	call	0x66e0	; 0x66e0 <__cmpsf2>
    7662:	81 11       	cpse	r24, r1
    7664:	06 c0       	rjmp	.+12     	; 0x7672 <strtod+0x29e>
    7666:	82 e2       	ldi	r24, 0x22	; 34
    7668:	90 e0       	ldi	r25, 0x00	; 0
    766a:	90 93 09 0b 	sts	0x0B09, r25	; 0x800b09 <errno+0x1>
    766e:	80 93 08 0b 	sts	0x0B08, r24	; 0x800b08 <errno>
    7672:	c5 01       	movw	r24, r10
    7674:	b4 01       	movw	r22, r8
    7676:	df 91       	pop	r29
    7678:	cf 91       	pop	r28
    767a:	1f 91       	pop	r17
    767c:	0f 91       	pop	r16
    767e:	ff 90       	pop	r15
    7680:	ef 90       	pop	r14
    7682:	df 90       	pop	r13
    7684:	cf 90       	pop	r12
    7686:	bf 90       	pop	r11
    7688:	af 90       	pop	r10
    768a:	9f 90       	pop	r9
    768c:	8f 90       	pop	r8
    768e:	08 95       	ret

00007690 <isspace>:
isspace():
    7690:	91 11       	cpse	r25, r1
    7692:	0c 94 0d 3c 	jmp	0x781a	; 0x781a <__ctype_isfalse>
    7696:	80 32       	cpi	r24, 0x20	; 32
    7698:	19 f0       	breq	.+6      	; 0x76a0 <isspace+0x10>
    769a:	89 50       	subi	r24, 0x09	; 9
    769c:	85 50       	subi	r24, 0x05	; 5
    769e:	c8 f7       	brcc	.-14     	; 0x7692 <isspace+0x2>
    76a0:	08 95       	ret

000076a2 <strncasecmp_P>:
strncasecmp_P():
    76a2:	fb 01       	movw	r30, r22
    76a4:	dc 01       	movw	r26, r24
    76a6:	41 50       	subi	r20, 0x01	; 1
    76a8:	50 40       	sbci	r21, 0x00	; 0
    76aa:	88 f0       	brcs	.+34     	; 0x76ce <strncasecmp_P+0x2c>
    76ac:	8d 91       	ld	r24, X+
    76ae:	81 34       	cpi	r24, 0x41	; 65
    76b0:	1c f0       	brlt	.+6      	; 0x76b8 <strncasecmp_P+0x16>
    76b2:	8b 35       	cpi	r24, 0x5B	; 91
    76b4:	0c f4       	brge	.+2      	; 0x76b8 <strncasecmp_P+0x16>
    76b6:	80 5e       	subi	r24, 0xE0	; 224
    76b8:	65 91       	lpm	r22, Z+
    76ba:	61 34       	cpi	r22, 0x41	; 65
    76bc:	1c f0       	brlt	.+6      	; 0x76c4 <strncasecmp_P+0x22>
    76be:	6b 35       	cpi	r22, 0x5B	; 91
    76c0:	0c f4       	brge	.+2      	; 0x76c4 <strncasecmp_P+0x22>
    76c2:	60 5e       	subi	r22, 0xE0	; 224
    76c4:	86 1b       	sub	r24, r22
    76c6:	61 11       	cpse	r22, r1
    76c8:	71 f3       	breq	.-36     	; 0x76a6 <strncasecmp_P+0x4>
    76ca:	99 0b       	sbc	r25, r25
    76cc:	08 95       	ret
    76ce:	88 1b       	sub	r24, r24
    76d0:	fc cf       	rjmp	.-8      	; 0x76ca <strncasecmp_P+0x28>

000076d2 <strnlen_P>:
strnlen_P():
    76d2:	fc 01       	movw	r30, r24
    76d4:	05 90       	lpm	r0, Z+
    76d6:	61 50       	subi	r22, 0x01	; 1
    76d8:	70 40       	sbci	r23, 0x00	; 0
    76da:	01 10       	cpse	r0, r1
    76dc:	d8 f7       	brcc	.-10     	; 0x76d4 <strnlen_P+0x2>
    76de:	80 95       	com	r24
    76e0:	90 95       	com	r25
    76e2:	8e 0f       	add	r24, r30
    76e4:	9f 1f       	adc	r25, r31
    76e6:	08 95       	ret

000076e8 <strnlen>:
strnlen():
    76e8:	fc 01       	movw	r30, r24
    76ea:	61 50       	subi	r22, 0x01	; 1
    76ec:	70 40       	sbci	r23, 0x00	; 0
    76ee:	01 90       	ld	r0, Z+
    76f0:	01 10       	cpse	r0, r1
    76f2:	d8 f7       	brcc	.-10     	; 0x76ea <strnlen+0x2>
    76f4:	80 95       	com	r24
    76f6:	90 95       	com	r25
    76f8:	8e 0f       	add	r24, r30
    76fa:	9f 1f       	adc	r25, r31
    76fc:	08 95       	ret

000076fe <fputc>:
fputc():
    76fe:	0f 93       	push	r16
    7700:	1f 93       	push	r17
    7702:	cf 93       	push	r28
    7704:	df 93       	push	r29
    7706:	18 2f       	mov	r17, r24
    7708:	09 2f       	mov	r16, r25
    770a:	eb 01       	movw	r28, r22
    770c:	8b 81       	ldd	r24, Y+3	; 0x03
    770e:	81 fd       	sbrc	r24, 1
    7710:	09 c0       	rjmp	.+18     	; 0x7724 <fputc+0x26>
    7712:	1f ef       	ldi	r17, 0xFF	; 255
    7714:	0f ef       	ldi	r16, 0xFF	; 255
    7716:	81 2f       	mov	r24, r17
    7718:	90 2f       	mov	r25, r16
    771a:	df 91       	pop	r29
    771c:	cf 91       	pop	r28
    771e:	1f 91       	pop	r17
    7720:	0f 91       	pop	r16
    7722:	08 95       	ret
    7724:	82 ff       	sbrs	r24, 2
    7726:	14 c0       	rjmp	.+40     	; 0x7750 <fputc+0x52>
    7728:	2e 81       	ldd	r18, Y+6	; 0x06
    772a:	3f 81       	ldd	r19, Y+7	; 0x07
    772c:	8c 81       	ldd	r24, Y+4	; 0x04
    772e:	9d 81       	ldd	r25, Y+5	; 0x05
    7730:	28 17       	cp	r18, r24
    7732:	39 07       	cpc	r19, r25
    7734:	3c f4       	brge	.+14     	; 0x7744 <fputc+0x46>
    7736:	e8 81       	ld	r30, Y
    7738:	f9 81       	ldd	r31, Y+1	; 0x01
    773a:	cf 01       	movw	r24, r30
    773c:	01 96       	adiw	r24, 0x01	; 1
    773e:	99 83       	std	Y+1, r25	; 0x01
    7740:	88 83       	st	Y, r24
    7742:	10 83       	st	Z, r17
    7744:	8e 81       	ldd	r24, Y+6	; 0x06
    7746:	9f 81       	ldd	r25, Y+7	; 0x07
    7748:	01 96       	adiw	r24, 0x01	; 1
    774a:	9f 83       	std	Y+7, r25	; 0x07
    774c:	8e 83       	std	Y+6, r24	; 0x06
    774e:	e3 cf       	rjmp	.-58     	; 0x7716 <fputc+0x18>
    7750:	e8 85       	ldd	r30, Y+8	; 0x08
    7752:	f9 85       	ldd	r31, Y+9	; 0x09
    7754:	81 2f       	mov	r24, r17
    7756:	09 95       	icall
    7758:	89 2b       	or	r24, r25
    775a:	a1 f3       	breq	.-24     	; 0x7744 <fputc+0x46>
    775c:	da cf       	rjmp	.-76     	; 0x7712 <fputc+0x14>

0000775e <__ultoa_invert>:
__ultoa_invert():
    775e:	fa 01       	movw	r30, r20
    7760:	aa 27       	eor	r26, r26
    7762:	28 30       	cpi	r18, 0x08	; 8
    7764:	51 f1       	breq	.+84     	; 0x77ba <__ultoa_invert+0x5c>
    7766:	20 31       	cpi	r18, 0x10	; 16
    7768:	81 f1       	breq	.+96     	; 0x77ca <__ultoa_invert+0x6c>
    776a:	e8 94       	clt
    776c:	6f 93       	push	r22
    776e:	6e 7f       	andi	r22, 0xFE	; 254
    7770:	6e 5f       	subi	r22, 0xFE	; 254
    7772:	7f 4f       	sbci	r23, 0xFF	; 255
    7774:	8f 4f       	sbci	r24, 0xFF	; 255
    7776:	9f 4f       	sbci	r25, 0xFF	; 255
    7778:	af 4f       	sbci	r26, 0xFF	; 255
    777a:	b1 e0       	ldi	r27, 0x01	; 1
    777c:	3e d0       	rcall	.+124    	; 0x77fa <__ultoa_invert+0x9c>
    777e:	b4 e0       	ldi	r27, 0x04	; 4
    7780:	3c d0       	rcall	.+120    	; 0x77fa <__ultoa_invert+0x9c>
    7782:	67 0f       	add	r22, r23
    7784:	78 1f       	adc	r23, r24
    7786:	89 1f       	adc	r24, r25
    7788:	9a 1f       	adc	r25, r26
    778a:	a1 1d       	adc	r26, r1
    778c:	68 0f       	add	r22, r24
    778e:	79 1f       	adc	r23, r25
    7790:	8a 1f       	adc	r24, r26
    7792:	91 1d       	adc	r25, r1
    7794:	a1 1d       	adc	r26, r1
    7796:	6a 0f       	add	r22, r26
    7798:	71 1d       	adc	r23, r1
    779a:	81 1d       	adc	r24, r1
    779c:	91 1d       	adc	r25, r1
    779e:	a1 1d       	adc	r26, r1
    77a0:	20 d0       	rcall	.+64     	; 0x77e2 <__ultoa_invert+0x84>
    77a2:	09 f4       	brne	.+2      	; 0x77a6 <__ultoa_invert+0x48>
    77a4:	68 94       	set
    77a6:	3f 91       	pop	r19
    77a8:	2a e0       	ldi	r18, 0x0A	; 10
    77aa:	26 9f       	mul	r18, r22
    77ac:	11 24       	eor	r1, r1
    77ae:	30 19       	sub	r19, r0
    77b0:	30 5d       	subi	r19, 0xD0	; 208
    77b2:	31 93       	st	Z+, r19
    77b4:	de f6       	brtc	.-74     	; 0x776c <__ultoa_invert+0xe>
    77b6:	cf 01       	movw	r24, r30
    77b8:	08 95       	ret
    77ba:	46 2f       	mov	r20, r22
    77bc:	47 70       	andi	r20, 0x07	; 7
    77be:	40 5d       	subi	r20, 0xD0	; 208
    77c0:	41 93       	st	Z+, r20
    77c2:	b3 e0       	ldi	r27, 0x03	; 3
    77c4:	0f d0       	rcall	.+30     	; 0x77e4 <__ultoa_invert+0x86>
    77c6:	c9 f7       	brne	.-14     	; 0x77ba <__ultoa_invert+0x5c>
    77c8:	f6 cf       	rjmp	.-20     	; 0x77b6 <__ultoa_invert+0x58>
    77ca:	46 2f       	mov	r20, r22
    77cc:	4f 70       	andi	r20, 0x0F	; 15
    77ce:	40 5d       	subi	r20, 0xD0	; 208
    77d0:	4a 33       	cpi	r20, 0x3A	; 58
    77d2:	18 f0       	brcs	.+6      	; 0x77da <__ultoa_invert+0x7c>
    77d4:	49 5d       	subi	r20, 0xD9	; 217
    77d6:	31 fd       	sbrc	r19, 1
    77d8:	40 52       	subi	r20, 0x20	; 32
    77da:	41 93       	st	Z+, r20
    77dc:	02 d0       	rcall	.+4      	; 0x77e2 <__ultoa_invert+0x84>
    77de:	a9 f7       	brne	.-22     	; 0x77ca <__ultoa_invert+0x6c>
    77e0:	ea cf       	rjmp	.-44     	; 0x77b6 <__ultoa_invert+0x58>
    77e2:	b4 e0       	ldi	r27, 0x04	; 4
    77e4:	a6 95       	lsr	r26
    77e6:	97 95       	ror	r25
    77e8:	87 95       	ror	r24
    77ea:	77 95       	ror	r23
    77ec:	67 95       	ror	r22
    77ee:	ba 95       	dec	r27
    77f0:	c9 f7       	brne	.-14     	; 0x77e4 <__ultoa_invert+0x86>
    77f2:	00 97       	sbiw	r24, 0x00	; 0
    77f4:	61 05       	cpc	r22, r1
    77f6:	71 05       	cpc	r23, r1
    77f8:	08 95       	ret
    77fa:	9b 01       	movw	r18, r22
    77fc:	ac 01       	movw	r20, r24
    77fe:	0a 2e       	mov	r0, r26
    7800:	06 94       	lsr	r0
    7802:	57 95       	ror	r21
    7804:	47 95       	ror	r20
    7806:	37 95       	ror	r19
    7808:	27 95       	ror	r18
    780a:	ba 95       	dec	r27
    780c:	c9 f7       	brne	.-14     	; 0x7800 <__ultoa_invert+0xa2>
    780e:	62 0f       	add	r22, r18
    7810:	73 1f       	adc	r23, r19
    7812:	84 1f       	adc	r24, r20
    7814:	95 1f       	adc	r25, r21
    7816:	a0 1d       	adc	r26, r0
    7818:	08 95       	ret

0000781a <__ctype_isfalse>:
__ctype_isfalse():
    781a:	99 27       	eor	r25, r25
    781c:	88 27       	eor	r24, r24

0000781e <__ctype_istrue>:
__ctype_istrue():
    781e:	08 95       	ret

00007820 <eeprom_read_byte>:
eeprom_read_byte():
    7820:	f9 99       	sbic	0x1f, 1	; 31
    7822:	fe cf       	rjmp	.-4      	; 0x7820 <eeprom_read_byte>
    7824:	92 bd       	out	0x22, r25	; 34
    7826:	81 bd       	out	0x21, r24	; 33
    7828:	f8 9a       	sbi	0x1f, 0	; 31
    782a:	99 27       	eor	r25, r25
    782c:	80 b5       	in	r24, 0x20	; 32
    782e:	08 95       	ret

00007830 <eeprom_write_byte>:
eeprom_write_byte():
    7830:	26 2f       	mov	r18, r22

00007832 <eeprom_write_r18>:
    7832:	f9 99       	sbic	0x1f, 1	; 31
    7834:	fe cf       	rjmp	.-4      	; 0x7832 <eeprom_write_r18>
    7836:	1f ba       	out	0x1f, r1	; 31
    7838:	92 bd       	out	0x22, r25	; 34
    783a:	81 bd       	out	0x21, r24	; 33
    783c:	20 bd       	out	0x20, r18	; 32
    783e:	0f b6       	in	r0, 0x3f	; 63
    7840:	f8 94       	cli
    7842:	fa 9a       	sbi	0x1f, 2	; 31
    7844:	f9 9a       	sbi	0x1f, 1	; 31
    7846:	0f be       	out	0x3f, r0	; 63
    7848:	01 96       	adiw	r24, 0x01	; 1
    784a:	08 95       	ret

0000784c <_exit>:
_exit():
/Users/jenkins/jenkins/workspace/avr-gcc-staging/label/mac-mini/gcc-build/avr/avr51/libgcc/../../../../gcc/libgcc/config/avr/lib1funcs.S:2278
    784c:	f8 94       	cli

0000784e <__stop_program>:
__stop_program():
/Users/jenkins/jenkins/workspace/avr-gcc-staging/label/mac-mini/gcc-build/avr/avr51/libgcc/../../../../gcc/libgcc/config/avr/lib1funcs.S:2280
    784e:	ff cf       	rjmp	.-2      	; 0x784e <__stop_program>
